{
"type": "FeatureCollection",
"name": "ssd_adminpoints",
"crs": { "type": "name", "properties": { "name": "urn:ogc:def:crs:OGC:1.3:CRS84" } },
"features": [
{"type":"Feature","properties":{"admin_level":0,"name":"South Sudan","name1":null,"name2":null,"name3":null,"x_coord":29.11784476,"y_coord":7.86202118,"adm4_name":null,"adm4_name1":null,"adm4_name2":null,"adm4_name3":null,"adm4_pcode":null,"adm3_name":null,"adm3_name1":null,"adm3_name2":null,"adm3_name3":null,"adm3_pcode":null,"adm2_name":null,"adm2_name1":null,"adm2_name2":null,"adm2_name3":null,"adm2_pcode":null,"adm1_name":null,"adm1_name1":null,"adm1_name2":null,"adm1_name3":null,"adm1_pcode":null,"adm0_name":"South Sudan","adm0_name1":null,"adm0_name2":null,"adm0_name3":null,"adm0_pcode":"SS","valid_on":"2022-12-19","valid_to":null,"version":"v03","lang":"en","lang1":null,"lang2":null,"lang3":null},"geometry":{"type":"Point","coordinates":[29.117844760000025,7.862021179000124]}},
{"type":"Feature","properties":{"admin_level":1,"name":"Central Equatoria","name1":null,"name2":null,"name3":null,"x_coord":31.45163965,"y_coord":4.8792884,"adm4_name":null,"adm4_name1":null,"adm4_name2":null,"adm4_name3":null,"adm4_pcode":null,"adm3_name":null,"adm3_name1":null,"adm3_name2":null,"adm3_name3":null,"adm3_pcode":null,"adm2_name":null,"adm2_name1":null,"adm2_name2":null,"adm2_name3":null,"adm2_pcode":null,"adm1_name":"Central Equatoria","adm1_name1":null,"adm1_name2":null,"adm1_name3":null,"adm1_pcode":"SS01","adm0_name":"South Sudan","adm0_name1":null,"adm0_name2":null,"adm0_name3":null,"adm0_pcode":"SS","valid_on":"2022-12-19","valid_to":null,"version":"v03","lang":"en","lang1":null,"lang2":null,"lang3":null},"geometry":{"type":"Point","coordinates":[31.451639649000072,4.879288399000188]}},
{"type":"Feature","properties":{"admin_level":1,"name":"Eastern Equatoria","name1":null,"name2":null,"name3":null,"x_coord":33.99712281,"y_coord":4.7560842,"adm4_name":null,"adm4_name1":null,"adm4_name2":null,"adm4_name3":null,"adm4_pcode":null,"adm3_name":null,"adm3_name1":null,"adm3_name2":null,"adm3_name3":null,"adm3_pcode":null,"adm2_name":null,"adm2_name1":null,"adm2_name2":null,"adm2_name3":null,"adm2_pcode":null,"adm1_name":"Eastern Equatoria","adm1_name1":null,"adm1_name2":null,"adm1_name3":null,"adm1_pcode":"SS02","adm0_name":"South Sudan","adm0_name1":null,"adm0_name2":null,"adm0_name3":null,"adm0_pcode":"SS","valid_on":"2022-12-19","valid_to":null,"version":"v03","lang":"en","lang1":null,"lang2":null,"lang3":null},"geometry":{"type":"Point","coordinates":[33.997122814000136,4.756084204000103]}},
{"type":"Feature","properties":{"admin_level":1,"name":"Jonglei","name1":null,"name2":null,"name3":null,"x_coord":32.14872958,"y_coord":7.62046957,"adm4_name":null,"adm4_name1":null,"adm4_name2":null,"adm4_name3":null,"adm4_pcode":null,"adm3_name":null,"adm3_name1":null,"adm3_name2":null,"adm3_name3":null,"adm3_pcode":null,"adm2_name":null,"adm2_name1":null,"adm2_name2":null,"adm2_name3":null,"adm2_pcode":null,"adm1_name":"Jonglei","adm1_name1":null,"adm1_name2":null,"adm1_name3":null,"adm1_pcode":"SS03","adm0_name":"South Sudan","adm0_name1":null,"adm0_name2":null,"adm0_name3":null,"adm0_pcode":"SS","valid_on":"2022-12-19","valid_to":null,"version":"v03","lang":"en","lang1":null,"lang2":null,"lang3":null},"geometry":{"type":"Point","coordinates":[32.148729583000147,7.620469570000125]}},
{"type":"Feature","properties":{"admin_level":1,"name":"Lakes","name1":null,"name2":null,"name3":null,"x_coord":30.0952285,"y_coord":6.75395894,"adm4_name":null,"adm4_name1":null,"adm4_name2":null,"adm4_name3":null,"adm4_pcode":null,"adm3_name":null,"adm3_name1":null,"adm3_name2":null,"adm3_name3":null,"adm3_pcode":null,"adm2_name":null,"adm2_name1":null,"adm2_name2":null,"adm2_name3":null,"adm2_pcode":null,"adm1_name":"Lakes","adm1_name1":null,"adm1_name2":null,"adm1_name3":null,"adm1_pcode":"SS04","adm0_name":"South Sudan","adm0_name1":null,"adm0_name2":null,"adm0_name3":null,"adm0_pcode":"SS","valid_on":"2022-12-19","valid_to":null,"version":"v03","lang":"en","lang1":null,"lang2":null,"lang3":null},"geometry":{"type":"Point","coordinates":[30.095228502999987,6.753958941000178]}},
{"type":"Feature","properties":{"admin_level":1,"name":"Northern Bahr el Ghazal","name1":null,"name2":null,"name3":null,"x_coord":27.06016351,"y_coord":8.8868337,"adm4_name":null,"adm4_name1":null,"adm4_name2":null,"adm4_name3":null,"adm4_pcode":null,"adm3_name":null,"adm3_name1":null,"adm3_name2":null,"adm3_name3":null,"adm3_pcode":null,"adm2_name":null,"adm2_name1":null,"adm2_name2":null,"adm2_name3":null,"adm2_pcode":null,"adm1_name":"Northern Bahr el Ghazal","adm1_name1":null,"adm1_name2":null,"adm1_name3":null,"adm1_pcode":"SS05","adm0_name":"South Sudan","adm0_name1":null,"adm0_name2":null,"adm0_name3":null,"adm0_pcode":"SS","valid_on":"2022-12-19","valid_to":null,"version":"v03","lang":"en","lang1":null,"lang2":null,"lang3":null},"geometry":{"type":"Point","coordinates":[27.060163512000031,8.886833701000171]}},
{"type":"Feature","properties":{"admin_level":1,"name":"Unity","name1":null,"name2":null,"name3":null,"x_coord":29.78380318,"y_coord":8.67657042,"adm4_name":null,"adm4_name1":null,"adm4_name2":null,"adm4_name3":null,"adm4_pcode":null,"adm3_name":null,"adm3_name1":null,"adm3_name2":null,"adm3_name3":null,"adm3_pcode":null,"adm2_name":null,"adm2_name1":null,"adm2_name2":null,"adm2_name3":null,"adm2_pcode":null,"adm1_name":"Unity","adm1_name1":null,"adm1_name2":null,"adm1_name3":null,"adm1_pcode":"SS06","adm0_name":"South Sudan","adm0_name1":null,"adm0_name2":null,"adm0_name3":null,"adm0_pcode":"SS","valid_on":"2022-12-19","valid_to":null,"version":"v03","lang":"en","lang1":null,"lang2":null,"lang3":null},"geometry":{"type":"Point","coordinates":[29.783803176000106,8.676570416000118]}},
{"type":"Feature","properties":{"admin_level":1,"name":"Upper Nile","name1":null,"name2":null,"name3":null,"x_coord":32.78939091,"y_coord":10.11292257,"adm4_name":null,"adm4_name1":null,"adm4_name2":null,"adm4_name3":null,"adm4_pcode":null,"adm3_name":null,"adm3_name1":null,"adm3_name2":null,"adm3_name3":null,"adm3_pcode":null,"adm2_name":null,"adm2_name1":null,"adm2_name2":null,"adm2_name3":null,"adm2_pcode":null,"adm1_name":"Upper Nile","adm1_name1":null,"adm1_name2":null,"adm1_name3":null,"adm1_pcode":"SS07","adm0_name":"South Sudan","adm0_name1":null,"adm0_name2":null,"adm0_name3":null,"adm0_pcode":"SS","valid_on":"2022-12-19","valid_to":null,"version":"v03","lang":"en","lang1":null,"lang2":null,"lang3":null},"geometry":{"type":"Point","coordinates":[32.789390907000097,10.112922567]}},
{"type":"Feature","properties":{"admin_level":1,"name":"Warrap","name1":null,"name2":null,"name3":null,"x_coord":28.96914084,"y_coord":7.88537403,"adm4_name":null,"adm4_name1":null,"adm4_name2":null,"adm4_name3":null,"adm4_pcode":null,"adm3_name":null,"adm3_name1":null,"adm3_name2":null,"adm3_name3":null,"adm3_pcode":null,"adm2_name":null,"adm2_name1":null,"adm2_name2":null,"adm2_name3":null,"adm2_pcode":null,"adm1_name":"Warrap","adm1_name1":null,"adm1_name2":null,"adm1_name3":null,"adm1_pcode":"SS08","adm0_name":"South Sudan","adm0_name1":null,"adm0_name2":null,"adm0_name3":null,"adm0_pcode":"SS","valid_on":"2022-12-19","valid_to":null,"version":"v03","lang":"en","lang1":null,"lang2":null,"lang3":null},"geometry":{"type":"Point","coordinates":[28.969140844000094,7.885374032000129]}},
{"type":"Feature","properties":{"admin_level":1,"name":"Western Bahr el Ghazal","name1":null,"name2":null,"name3":null,"x_coord":25.21988189,"y_coord":8.54306119,"adm4_name":null,"adm4_name1":null,"adm4_name2":null,"adm4_name3":null,"adm4_pcode":null,"adm3_name":null,"adm3_name1":null,"adm3_name2":null,"adm3_name3":null,"adm3_pcode":null,"adm2_name":null,"adm2_name1":null,"adm2_name2":null,"adm2_name3":null,"adm2_pcode":null,"adm1_name":"Western Bahr el Ghazal","adm1_name1":null,"adm1_name2":null,"adm1_name3":null,"adm1_pcode":"SS09","adm0_name":"South Sudan","adm0_name1":null,"adm0_name2":null,"adm0_name3":null,"adm0_pcode":"SS","valid_on":"2022-12-19","valid_to":null,"version":"v03","lang":"en","lang1":null,"lang2":null,"lang3":null},"geometry":{"type":"Point","coordinates":[25.219881886,8.543061185000056]}},
{"type":"Feature","properties":{"admin_level":1,"name":"Western Equatoria","name1":null,"name2":null,"name3":null,"x_coord":29.15069654,"y_coord":5.53921972,"adm4_name":null,"adm4_name1":null,"adm4_name2":null,"adm4_name3":null,"adm4_pcode":null,"adm3_name":null,"adm3_name1":null,"adm3_name2":null,"adm3_name3":null,"adm3_pcode":null,"adm2_name":null,"adm2_name1":null,"adm2_name2":null,"adm2_name3":null,"adm2_pcode":null,"adm1_name":"Western Equatoria","adm1_name1":null,"adm1_name2":null,"adm1_name3":null,"adm1_pcode":"SS10","adm0_name":"South Sudan","adm0_name1":null,"adm0_name2":null,"adm0_name3":null,"adm0_pcode":"SS","valid_on":"2022-12-19","valid_to":null,"version":"v03","lang":"en","lang1":null,"lang2":null,"lang3":null},"geometry":{"type":"Point","coordinates":[29.150696543000095,5.539219719000073]}},
{"type":"Feature","properties":{"admin_level":2,"name":"Juba","name1":null,"name2":null,"name3":null,"x_coord":31.33098496,"y_coord":4.71332287,"adm4_name":null,"adm4_name1":null,"adm4_name2":null,"adm4_name3":null,"adm4_pcode":null,"adm3_name":null,"adm3_name1":null,"adm3_name2":null,"adm3_name3":null,"adm3_pcode":null,"adm2_name":"Juba","adm2_name1":null,"adm2_name2":null,"adm2_name3":null,"adm2_pcode":"SS0101","adm1_name":"Central Equatoria","adm1_name1":null,"adm1_name2":null,"adm1_name3":null,"adm1_pcode":"SS01","adm0_name":"South Sudan","adm0_name1":null,"adm0_name2":null,"adm0_name3":null,"adm0_pcode":"SS","valid_on":"2022-12-19","valid_to":null,"version":"v03","lang":"en","lang1":null,"lang2":null,"lang3":null},"geometry":{"type":"Point","coordinates":[31.330984960000137,4.713322868000148]}},
{"type":"Feature","properties":{"admin_level":2,"name":"Kajo-keji","name1":null,"name2":null,"name3":null,"x_coord":31.43848064,"y_coord":3.90980178,"adm4_name":null,"adm4_name1":null,"adm4_name2":null,"adm4_name3":null,"adm4_pcode":null,"adm3_name":null,"adm3_name1":null,"adm3_name2":null,"adm3_name3":null,"adm3_pcode":null,"adm2_name":"Kajo-keji","adm2_name1":null,"adm2_name2":null,"adm2_name3":null,"adm2_pcode":"SS0102","adm1_name":"Central Equatoria","adm1_name1":null,"adm1_name2":null,"adm1_name3":null,"adm1_pcode":"SS01","adm0_name":"South Sudan","adm0_name1":null,"adm0_name2":null,"adm0_name3":null,"adm0_pcode":"SS","valid_on":"2022-12-19","valid_to":null,"version":"v03","lang":"en","lang1":null,"lang2":null,"lang3":null},"geometry":{"type":"Point","coordinates":[31.438480637000055,3.909801783000148]}},
{"type":"Feature","properties":{"admin_level":2,"name":"Lainya","name1":null,"name2":null,"name3":null,"x_coord":30.80982869,"y_coord":4.20628854,"adm4_name":null,"adm4_name1":null,"adm4_name2":null,"adm4_name3":null,"adm4_pcode":null,"adm3_name":null,"adm3_name1":null,"adm3_name2":null,"adm3_name3":null,"adm3_pcode":null,"adm2_name":"Lainya","adm2_name1":null,"adm2_name2":null,"adm2_name3":null,"adm2_pcode":"SS0103","adm1_name":"Central Equatoria","adm1_name1":null,"adm1_name2":null,"adm1_name3":null,"adm1_pcode":"SS01","adm0_name":"South Sudan","adm0_name1":null,"adm0_name2":null,"adm0_name3":null,"adm0_pcode":"SS","valid_on":"2022-12-19","valid_to":null,"version":"v03","lang":"en","lang1":null,"lang2":null,"lang3":null},"geometry":{"type":"Point","coordinates":[30.809828689000085,4.206288541000106]}},
{"type":"Feature","properties":{"admin_level":2,"name":"Morobo","name1":null,"name2":null,"name3":null,"x_coord":30.81784689,"y_coord":3.71807583,"adm4_name":null,"adm4_name1":null,"adm4_name2":null,"adm4_name3":null,"adm4_pcode":null,"adm3_name":null,"adm3_name1":null,"adm3_name2":null,"adm3_name3":null,"adm3_pcode":null,"adm2_name":"Morobo","adm2_name1":null,"adm2_name2":null,"adm2_name3":null,"adm2_pcode":"SS0104","adm1_name":"Central Equatoria","adm1_name1":null,"adm1_name2":null,"adm1_name3":null,"adm1_pcode":"SS01","adm0_name":"South Sudan","adm0_name1":null,"adm0_name2":null,"adm0_name3":null,"adm0_pcode":"SS","valid_on":"2022-12-19","valid_to":null,"version":"v03","lang":"en","lang1":null,"lang2":null,"lang3":null},"geometry":{"type":"Point","coordinates":[30.817846890000112,3.718075831000078]}},
{"type":"Feature","properties":{"admin_level":2,"name":"Terekeka","name1":null,"name2":null,"name3":null,"x_coord":31.42853231,"y_coord":5.70081712,"adm4_name":null,"adm4_name1":null,"adm4_name2":null,"adm4_name3":null,"adm4_pcode":null,"adm3_name":null,"adm3_name1":null,"adm3_name2":null,"adm3_name3":null,"adm3_pcode":null,"adm2_name":"Terekeka","adm2_name1":null,"adm2_name2":null,"adm2_name3":null,"adm2_pcode":"SS0105","adm1_name":"Central Equatoria","adm1_name1":null,"adm1_name2":null,"adm1_name3":null,"adm1_pcode":"SS01","adm0_name":"South Sudan","adm0_name1":null,"adm0_name2":null,"adm0_name3":null,"adm0_pcode":"SS","valid_on":"2022-12-19","valid_to":null,"version":"v03","lang":"en","lang1":null,"lang2":null,"lang3":null},"geometry":{"type":"Point","coordinates":[31.428532309000104,5.700817121000057]}},
{"type":"Feature","properties":{"admin_level":2,"name":"Yei","name1":null,"name2":null,"name3":null,"x_coord":30.29034123,"y_coord":4.24372282,"adm4_name":null,"adm4_name1":null,"adm4_name2":null,"adm4_name3":null,"adm4_pcode":null,"adm3_name":null,"adm3_name1":null,"adm3_name2":null,"adm3_name3":null,"adm3_pcode":null,"adm2_name":"Yei","adm2_name1":null,"adm2_name2":null,"adm2_name3":null,"adm2_pcode":"SS0106","adm1_name":"Central Equatoria","adm1_name1":null,"adm1_name2":null,"adm1_name3":null,"adm1_pcode":"SS01","adm0_name":"South Sudan","adm0_name1":null,"adm0_name2":null,"adm0_name3":null,"adm0_pcode":"SS","valid_on":"2022-12-19","valid_to":null,"version":"v03","lang":"en","lang1":null,"lang2":null,"lang3":null},"geometry":{"type":"Point","coordinates":[30.29034122700017,4.243722824000088]}},
{"type":"Feature","properties":{"admin_level":2,"name":"Budi","name1":null,"name2":null,"name3":null,"x_coord":33.40334234,"y_coord":4.38233469,"adm4_name":null,"adm4_name1":null,"adm4_name2":null,"adm4_name3":null,"adm4_pcode":null,"adm3_name":null,"adm3_name1":null,"adm3_name2":null,"adm3_name3":null,"adm3_pcode":null,"adm2_name":"Budi","adm2_name1":null,"adm2_name2":null,"adm2_name3":null,"adm2_pcode":"SS0201","adm1_name":"Eastern Equatoria","adm1_name1":null,"adm1_name2":null,"adm1_name3":null,"adm1_pcode":"SS02","adm0_name":"South Sudan","adm0_name1":null,"adm0_name2":null,"adm0_name3":null,"adm0_pcode":"SS","valid_on":"2022-12-19","valid_to":null,"version":"v03","lang":"en","lang1":null,"lang2":null,"lang3":null},"geometry":{"type":"Point","coordinates":[33.403342342000087,4.382334695000054]}},
{"type":"Feature","properties":{"admin_level":2,"name":"Ikotos","name1":null,"name2":null,"name3":null,"x_coord":33.04183063,"y_coord":4.08090057,"adm4_name":null,"adm4_name1":null,"adm4_name2":null,"adm4_name3":null,"adm4_pcode":null,"adm3_name":null,"adm3_name1":null,"adm3_name2":null,"adm3_name3":null,"adm3_pcode":null,"adm2_name":"Ikotos","adm2_name1":null,"adm2_name2":null,"adm2_name3":null,"adm2_pcode":"SS0202","adm1_name":"Eastern Equatoria","adm1_name1":null,"adm1_name2":null,"adm1_name3":null,"adm1_pcode":"SS02","adm0_name":"South Sudan","adm0_name1":null,"adm0_name2":null,"adm0_name3":null,"adm0_pcode":"SS","valid_on":"2022-12-19","valid_to":null,"version":"v03","lang":"en","lang1":null,"lang2":null,"lang3":null},"geometry":{"type":"Point","coordinates":[33.041830629000117,4.080900574000168]}},
{"type":"Feature","properties":{"admin_level":2,"name":"Kapoeta East","name1":null,"name2":null,"name3":null,"x_coord":34.77482485,"y_coord":5.09454429,"adm4_name":null,"adm4_name1":null,"adm4_name2":null,"adm4_name3":null,"adm4_pcode":null,"adm3_name":null,"adm3_name1":null,"adm3_name2":null,"adm3_name3":null,"adm3_pcode":null,"adm2_name":"Kapoeta East","adm2_name1":null,"adm2_name2":null,"adm2_name3":null,"adm2_pcode":"SS0203","adm1_name":"Eastern Equatoria","adm1_name1":null,"adm1_name2":null,"adm1_name3":null,"adm1_pcode":"SS02","adm0_name":"South Sudan","adm0_name1":null,"adm0_name2":null,"adm0_name3":null,"adm0_pcode":"SS","valid_on":"2022-12-19","valid_to":null,"version":"v03","lang":"en","lang1":null,"lang2":null,"lang3":null},"geometry":{"type":"Point","coordinates":[34.774824848000037,5.094544289000055]}},
{"type":"Feature","properties":{"admin_level":2,"name":"Kapoeta North","name1":null,"name2":null,"name3":null,"x_coord":33.4441215,"y_coord":5.33482283,"adm4_name":null,"adm4_name1":null,"adm4_name2":null,"adm4_name3":null,"adm4_pcode":null,"adm3_name":null,"adm3_name1":null,"adm3_name2":null,"adm3_name3":null,"adm3_pcode":null,"adm2_name":"Kapoeta North","adm2_name1":null,"adm2_name2":null,"adm2_name3":null,"adm2_pcode":"SS0204","adm1_name":"Eastern Equatoria","adm1_name1":null,"adm1_name2":null,"adm1_name3":null,"adm1_pcode":"SS02","adm0_name":"South Sudan","adm0_name1":null,"adm0_name2":null,"adm0_name3":null,"adm0_pcode":"SS","valid_on":"2022-12-19","valid_to":null,"version":"v03","lang":"en","lang1":null,"lang2":null,"lang3":null},"geometry":{"type":"Point","coordinates":[33.444121498000186,5.334822830000064]}},
{"type":"Feature","properties":{"admin_level":2,"name":"Kapoeta South","name1":null,"name2":null,"name3":null,"x_coord":33.72314353,"y_coord":4.54168832,"adm4_name":null,"adm4_name1":null,"adm4_name2":null,"adm4_name3":null,"adm4_pcode":null,"adm3_name":null,"adm3_name1":null,"adm3_name2":null,"adm3_name3":null,"adm3_pcode":null,"adm2_name":"Kapoeta South","adm2_name1":null,"adm2_name2":null,"adm2_name3":null,"adm2_pcode":"SS0205","adm1_name":"Eastern Equatoria","adm1_name1":null,"adm1_name2":null,"adm1_name3":null,"adm1_pcode":"SS02","adm0_name":"South Sudan","adm0_name1":null,"adm0_name2":null,"adm0_name3":null,"adm0_pcode":"SS","valid_on":"2022-12-19","valid_to":null,"version":"v03","lang":"en","lang1":null,"lang2":null,"lang3":null},"geometry":{"type":"Point","coordinates":[33.723143526000115,4.54168832400012]}},
{"type":"Feature","properties":{"admin_level":2,"name":"Lafon","name1":null,"name2":null,"name3":null,"x_coord":32.64165193,"y_coord":5.15065504,"adm4_name":null,"adm4_name1":null,"adm4_name2":null,"adm4_name3":null,"adm4_pcode":null,"adm3_name":null,"adm3_name1":null,"adm3_name2":null,"adm3_name3":null,"adm3_pcode":null,"adm2_name":"Lafon","adm2_name1":null,"adm2_name2":null,"adm2_name3":null,"adm2_pcode":"SS0206","adm1_name":"Eastern Equatoria","adm1_name1":null,"adm1_name2":null,"adm1_name3":null,"adm1_pcode":"SS02","adm0_name":"South Sudan","adm0_name1":null,"adm0_name2":null,"adm0_name3":null,"adm0_pcode":"SS","valid_on":"2022-12-19","valid_to":null,"version":"v03","lang":"en","lang1":null,"lang2":null,"lang3":null},"geometry":{"type":"Point","coordinates":[32.641651935000141,5.150655036000103]}},
{"type":"Feature","properties":{"admin_level":2,"name":"Magwi","name1":null,"name2":null,"name3":null,"x_coord":32.18646623,"y_coord":3.92715722,"adm4_name":null,"adm4_name1":null,"adm4_name2":null,"adm4_name3":null,"adm4_pcode":null,"adm3_name":null,"adm3_name1":null,"adm3_name2":null,"adm3_name3":null,"adm3_pcode":null,"adm2_name":"Magwi","adm2_name1":null,"adm2_name2":null,"adm2_name3":null,"adm2_pcode":"SS0207","adm1_name":"Eastern Equatoria","adm1_name1":null,"adm1_name2":null,"adm1_name3":null,"adm1_pcode":"SS02","adm0_name":"South Sudan","adm0_name1":null,"adm0_name2":null,"adm0_name3":null,"adm0_pcode":"SS","valid_on":"2022-12-19","valid_to":null,"version":"v03","lang":"en","lang1":null,"lang2":null,"lang3":null},"geometry":{"type":"Point","coordinates":[32.1864662320001,3.927157224000041]}},
{"type":"Feature","properties":{"admin_level":2,"name":"Torit","name1":null,"name2":null,"name3":null,"x_coord":32.51751172,"y_coord":4.38252588,"adm4_name":null,"adm4_name1":null,"adm4_name2":null,"adm4_name3":null,"adm4_pcode":null,"adm3_name":null,"adm3_name1":null,"adm3_name2":null,"adm3_name3":null,"adm3_pcode":null,"adm2_name":"Torit","adm2_name1":null,"adm2_name2":null,"adm2_name3":null,"adm2_pcode":"SS0208","adm1_name":"Eastern Equatoria","adm1_name1":null,"adm1_name2":null,"adm1_name3":null,"adm1_pcode":"SS02","adm0_name":"South Sudan","adm0_name1":null,"adm0_name2":null,"adm0_name3":null,"adm0_pcode":"SS","valid_on":"2022-12-19","valid_to":null,"version":"v03","lang":"en","lang1":null,"lang2":null,"lang3":null},"geometry":{"type":"Point","coordinates":[32.517511722000052,4.382525884000188]}},
{"type":"Feature","properties":{"admin_level":2,"name":"Akobo","name1":null,"name2":null,"name3":null,"x_coord":32.82509281,"y_coord":7.81642318,"adm4_name":null,"adm4_name1":null,"adm4_name2":null,"adm4_name3":null,"adm4_pcode":null,"adm3_name":null,"adm3_name1":null,"adm3_name2":null,"adm3_name3":null,"adm3_pcode":null,"adm2_name":"Akobo","adm2_name1":null,"adm2_name2":null,"adm2_name3":null,"adm2_pcode":"SS0301","adm1_name":"Jonglei","adm1_name1":null,"adm1_name2":null,"adm1_name3":null,"adm1_pcode":"SS03","adm0_name":"South Sudan","adm0_name1":null,"adm0_name2":null,"adm0_name3":null,"adm0_pcode":"SS","valid_on":"2022-12-19","valid_to":null,"version":"v03","lang":"en","lang1":null,"lang2":null,"lang3":null},"geometry":{"type":"Point","coordinates":[32.825092813000026,7.816423178000036]}},
{"type":"Feature","properties":{"admin_level":2,"name":"Ayod","name1":null,"name2":null,"name3":null,"x_coord":31.00453292,"y_coord":8.27044678,"adm4_name":null,"adm4_name1":null,"adm4_name2":null,"adm4_name3":null,"adm4_pcode":null,"adm3_name":null,"adm3_name1":null,"adm3_name2":null,"adm3_name3":null,"adm3_pcode":null,"adm2_name":"Ayod","adm2_name1":null,"adm2_name2":null,"adm2_name3":null,"adm2_pcode":"SS0302","adm1_name":"Jonglei","adm1_name1":null,"adm1_name2":null,"adm1_name3":null,"adm1_pcode":"SS03","adm0_name":"South Sudan","adm0_name1":null,"adm0_name2":null,"adm0_name3":null,"adm0_pcode":"SS","valid_on":"2022-12-19","valid_to":null,"version":"v03","lang":"en","lang1":null,"lang2":null,"lang3":null},"geometry":{"type":"Point","coordinates":[31.004532923,8.270446784000114]}},
{"type":"Feature","properties":{"admin_level":2,"name":"Bor South","name1":null,"name2":null,"name3":null,"x_coord":31.91848811,"y_coord":6.48862959,"adm4_name":null,"adm4_name1":null,"adm4_name2":null,"adm4_name3":null,"adm4_pcode":null,"adm3_name":null,"adm3_name1":null,"adm3_name2":null,"adm3_name3":null,"adm3_pcode":null,"adm2_name":"Bor South","adm2_name1":null,"adm2_name2":null,"adm2_name3":null,"adm2_pcode":"SS0303","adm1_name":"Jonglei","adm1_name1":null,"adm1_name2":null,"adm1_name3":null,"adm1_pcode":"SS03","adm0_name":"South Sudan","adm0_name1":null,"adm0_name2":null,"adm0_name3":null,"adm0_pcode":"SS","valid_on":"2022-12-19","valid_to":null,"version":"v03","lang":"en","lang1":null,"lang2":null,"lang3":null},"geometry":{"type":"Point","coordinates":[31.918488111000102,6.488629594000088]}},
{"type":"Feature","properties":{"admin_level":2,"name":"Canal/Pigi","name1":null,"name2":null,"name3":null,"x_coord":31.45677233,"y_coord":9.10356219,"adm4_name":null,"adm4_name1":null,"adm4_name2":null,"adm4_name3":null,"adm4_pcode":null,"adm3_name":null,"adm3_name1":null,"adm3_name2":null,"adm3_name3":null,"adm3_pcode":null,"adm2_name":"Canal/Pigi","adm2_name1":null,"adm2_name2":null,"adm2_name3":null,"adm2_pcode":"SS0304","adm1_name":"Jonglei","adm1_name1":null,"adm1_name2":null,"adm1_name3":null,"adm1_pcode":"SS03","adm0_name":"South Sudan","adm0_name1":null,"adm0_name2":null,"adm0_name3":null,"adm0_pcode":"SS","valid_on":"2022-12-19","valid_to":null,"version":"v03","lang":"en","lang1":null,"lang2":null,"lang3":null},"geometry":{"type":"Point","coordinates":[31.456772334000163,9.103562193000073]}},
{"type":"Feature","properties":{"admin_level":2,"name":"Duk","name1":null,"name2":null,"name3":null,"x_coord":31.11138153,"y_coord":7.65947914,"adm4_name":null,"adm4_name1":null,"adm4_name2":null,"adm4_name3":null,"adm4_pcode":null,"adm3_name":null,"adm3_name1":null,"adm3_name2":null,"adm3_name3":null,"adm3_pcode":null,"adm2_name":"Duk","adm2_name1":null,"adm2_name2":null,"adm2_name3":null,"adm2_pcode":"SS0305","adm1_name":"Jonglei","adm1_name1":null,"adm1_name2":null,"adm1_name3":null,"adm1_pcode":"SS03","adm0_name":"South Sudan","adm0_name1":null,"adm0_name2":null,"adm0_name3":null,"adm0_pcode":"SS","valid_on":"2022-12-19","valid_to":null,"version":"v03","lang":"en","lang1":null,"lang2":null,"lang3":null},"geometry":{"type":"Point","coordinates":[31.111381527000162,7.659479141000077]}},
{"type":"Feature","properties":{"admin_level":2,"name":"Fangak","name1":null,"name2":null,"name3":null,"x_coord":30.70240206,"y_coord":9.04479218,"adm4_name":null,"adm4_name1":null,"adm4_name2":null,"adm4_name3":null,"adm4_pcode":null,"adm3_name":null,"adm3_name1":null,"adm3_name2":null,"adm3_name3":null,"adm3_pcode":null,"adm2_name":"Fangak","adm2_name1":null,"adm2_name2":null,"adm2_name3":null,"adm2_pcode":"SS0306","adm1_name":"Jonglei","adm1_name1":null,"adm1_name2":null,"adm1_name3":null,"adm1_pcode":"SS03","adm0_name":"South Sudan","adm0_name1":null,"adm0_name2":null,"adm0_name3":null,"adm0_pcode":"SS","valid_on":"2022-12-19","valid_to":null,"version":"v03","lang":"en","lang1":null,"lang2":null,"lang3":null},"geometry":{"type":"Point","coordinates":[30.7024020610001,9.044792176000101]}},
{"type":"Feature","properties":{"admin_level":2,"name":"Nyirol","name1":null,"name2":null,"name3":null,"x_coord":32.05132715,"y_coord":8.56621886,"adm4_name":null,"adm4_name1":null,"adm4_name2":null,"adm4_name3":null,"adm4_pcode":null,"adm3_name":null,"adm3_name1":null,"adm3_name2":null,"adm3_name3":null,"adm3_pcode":null,"adm2_name":"Nyirol","adm2_name1":null,"adm2_name2":null,"adm2_name3":null,"adm2_pcode":"SS0307","adm1_name":"Jonglei","adm1_name1":null,"adm1_name2":null,"adm1_name3":null,"adm1_pcode":"SS03","adm0_name":"South Sudan","adm0_name1":null,"adm0_name2":null,"adm0_name3":null,"adm0_pcode":"SS","valid_on":"2022-12-19","valid_to":null,"version":"v03","lang":"en","lang1":null,"lang2":null,"lang3":null},"geometry":{"type":"Point","coordinates":[32.051327146000119,8.56621885800007]}},
{"type":"Feature","properties":{"admin_level":2,"name":"Pibor","name1":null,"name2":null,"name3":null,"x_coord":33.70444855,"y_coord":6.55998921,"adm4_name":null,"adm4_name1":null,"adm4_name2":null,"adm4_name3":null,"adm4_pcode":null,"adm3_name":null,"adm3_name1":null,"adm3_name2":null,"adm3_name3":null,"adm3_pcode":null,"adm2_name":"Pibor","adm2_name1":null,"adm2_name2":null,"adm2_name3":null,"adm2_pcode":"SS0308","adm1_name":"Jonglei","adm1_name1":null,"adm1_name2":null,"adm1_name3":null,"adm1_pcode":"SS03","adm0_name":"South Sudan","adm0_name1":null,"adm0_name2":null,"adm0_name3":null,"adm0_pcode":"SS","valid_on":"2022-12-19","valid_to":null,"version":"v03","lang":"en","lang1":null,"lang2":null,"lang3":null},"geometry":{"type":"Point","coordinates":[33.704448552000144,6.559989214000154]}},
{"type":"Feature","properties":{"admin_level":2,"name":"Pochalla","name1":null,"name2":null,"name3":null,"x_coord":33.67489477,"y_coord":7.20510793,"adm4_name":null,"adm4_name1":null,"adm4_name2":null,"adm4_name3":null,"adm4_pcode":null,"adm3_name":null,"adm3_name1":null,"adm3_name2":null,"adm3_name3":null,"adm3_pcode":null,"adm2_name":"Pochalla","adm2_name1":null,"adm2_name2":null,"adm2_name3":null,"adm2_pcode":"SS0309","adm1_name":"Jonglei","adm1_name1":null,"adm1_name2":null,"adm1_name3":null,"adm1_pcode":"SS03","adm0_name":"South Sudan","adm0_name1":null,"adm0_name2":null,"adm0_name3":null,"adm0_pcode":"SS","valid_on":"2022-12-19","valid_to":null,"version":"v03","lang":"en","lang1":null,"lang2":null,"lang3":null},"geometry":{"type":"Point","coordinates":[33.674894772000187,7.205107928000132]}},
{"type":"Feature","properties":{"admin_level":2,"name":"Twic East","name1":null,"name2":null,"name3":null,"x_coord":31.34086564,"y_coord":7.04921108,"adm4_name":null,"adm4_name1":null,"adm4_name2":null,"adm4_name3":null,"adm4_pcode":null,"adm3_name":null,"adm3_name1":null,"adm3_name2":null,"adm3_name3":null,"adm3_pcode":null,"adm2_name":"Twic East","adm2_name1":null,"adm2_name2":null,"adm2_name3":null,"adm2_pcode":"SS0310","adm1_name":"Jonglei","adm1_name1":null,"adm1_name2":null,"adm1_name3":null,"adm1_pcode":"SS03","adm0_name":"South Sudan","adm0_name1":null,"adm0_name2":null,"adm0_name3":null,"adm0_pcode":"SS","valid_on":"2022-12-19","valid_to":null,"version":"v03","lang":"en","lang1":null,"lang2":null,"lang3":null},"geometry":{"type":"Point","coordinates":[31.340865635000057,7.049211083000102]}},
{"type":"Feature","properties":{"admin_level":2,"name":"Uror","name1":null,"name2":null,"name3":null,"x_coord":32.18108566,"y_coord":7.68454893,"adm4_name":null,"adm4_name1":null,"adm4_name2":null,"adm4_name3":null,"adm4_pcode":null,"adm3_name":null,"adm3_name1":null,"adm3_name2":null,"adm3_name3":null,"adm3_pcode":null,"adm2_name":"Uror","adm2_name1":null,"adm2_name2":null,"adm2_name3":null,"adm2_pcode":"SS0311","adm1_name":"Jonglei","adm1_name1":null,"adm1_name2":null,"adm1_name3":null,"adm1_pcode":"SS03","adm0_name":"South Sudan","adm0_name1":null,"adm0_name2":null,"adm0_name3":null,"adm0_pcode":"SS","valid_on":"2022-12-19","valid_to":null,"version":"v03","lang":"en","lang1":null,"lang2":null,"lang3":null},"geometry":{"type":"Point","coordinates":[32.181085658000086,7.684548927000094]}},
{"type":"Feature","properties":{"admin_level":2,"name":"Awerial","name1":null,"name2":null,"name3":null,"x_coord":31.11766628,"y_coord":6.18804336,"adm4_name":null,"adm4_name1":null,"adm4_name2":null,"adm4_name3":null,"adm4_pcode":null,"adm3_name":null,"adm3_name1":null,"adm3_name2":null,"adm3_name3":null,"adm3_pcode":null,"adm2_name":"Awerial","adm2_name1":null,"adm2_name2":null,"adm2_name3":null,"adm2_pcode":"SS0401","adm1_name":"Lakes","adm1_name1":null,"adm1_name2":null,"adm1_name3":null,"adm1_pcode":"SS04","adm0_name":"South Sudan","adm0_name1":null,"adm0_name2":null,"adm0_name3":null,"adm0_pcode":"SS","valid_on":"2022-12-19","valid_to":null,"version":"v03","lang":"en","lang1":null,"lang2":null,"lang3":null},"geometry":{"type":"Point","coordinates":[31.117666279000048,6.188043356000037]}},
{"type":"Feature","properties":{"admin_level":2,"name":"Cueibet","name1":null,"name2":null,"name3":null,"x_coord":29.21175972,"y_coord":7.10207839,"adm4_name":null,"adm4_name1":null,"adm4_name2":null,"adm4_name3":null,"adm4_pcode":null,"adm3_name":null,"adm3_name1":null,"adm3_name2":null,"adm3_name3":null,"adm3_pcode":null,"adm2_name":"Cueibet","adm2_name1":null,"adm2_name2":null,"adm2_name3":null,"adm2_pcode":"SS0402","adm1_name":"Lakes","adm1_name1":null,"adm1_name2":null,"adm1_name3":null,"adm1_pcode":"SS04","adm0_name":"South Sudan","adm0_name1":null,"adm0_name2":null,"adm0_name3":null,"adm0_pcode":"SS","valid_on":"2022-12-19","valid_to":null,"version":"v03","lang":"en","lang1":null,"lang2":null,"lang3":null},"geometry":{"type":"Point","coordinates":[29.211759719000156,7.102078394000159]}},
{"type":"Feature","properties":{"admin_level":2,"name":"Rumbek Centre","name1":null,"name2":null,"name3":null,"x_coord":29.79227719,"y_coord":7.00089312,"adm4_name":null,"adm4_name1":null,"adm4_name2":null,"adm4_name3":null,"adm4_pcode":null,"adm3_name":null,"adm3_name1":null,"adm3_name2":null,"adm3_name3":null,"adm3_pcode":null,"adm2_name":"Rumbek Centre","adm2_name1":null,"adm2_name2":null,"adm2_name3":null,"adm2_pcode":"SS0403","adm1_name":"Lakes","adm1_name1":null,"adm1_name2":null,"adm1_name3":null,"adm1_pcode":"SS04","adm0_name":"South Sudan","adm0_name1":null,"adm0_name2":null,"adm0_name3":null,"adm0_pcode":"SS","valid_on":"2022-12-19","valid_to":null,"version":"v03","lang":"en","lang1":null,"lang2":null,"lang3":null},"geometry":{"type":"Point","coordinates":[29.79227718900006,7.000893118000022]}},
{"type":"Feature","properties":{"admin_level":2,"name":"Rumbek East","name1":null,"name2":null,"name3":null,"x_coord":30.03102583,"y_coord":6.74125391,"adm4_name":null,"adm4_name1":null,"adm4_name2":null,"adm4_name3":null,"adm4_pcode":null,"adm3_name":null,"adm3_name1":null,"adm3_name2":null,"adm3_name3":null,"adm3_pcode":null,"adm2_name":"Rumbek East","adm2_name1":null,"adm2_name2":null,"adm2_name3":null,"adm2_pcode":"SS0404","adm1_name":"Lakes","adm1_name1":null,"adm1_name2":null,"adm1_name3":null,"adm1_pcode":"SS04","adm0_name":"South Sudan","adm0_name1":null,"adm0_name2":null,"adm0_name3":null,"adm0_pcode":"SS","valid_on":"2022-12-19","valid_to":null,"version":"v03","lang":"en","lang1":null,"lang2":null,"lang3":null},"geometry":{"type":"Point","coordinates":[30.031025829000043,6.741253913000037]}},
{"type":"Feature","properties":{"admin_level":2,"name":"Rumbek North","name1":null,"name2":null,"name3":null,"x_coord":29.62039003,"y_coord":7.54530131,"adm4_name":null,"adm4_name1":null,"adm4_name2":null,"adm4_name3":null,"adm4_pcode":null,"adm3_name":null,"adm3_name1":null,"adm3_name2":null,"adm3_name3":null,"adm3_pcode":null,"adm2_name":"Rumbek North","adm2_name1":null,"adm2_name2":null,"adm2_name3":null,"adm2_pcode":"SS0405","adm1_name":"Lakes","adm1_name1":null,"adm1_name2":null,"adm1_name3":null,"adm1_pcode":"SS04","adm0_name":"South Sudan","adm0_name1":null,"adm0_name2":null,"adm0_name3":null,"adm0_pcode":"SS","valid_on":"2022-12-19","valid_to":null,"version":"v03","lang":"en","lang1":null,"lang2":null,"lang3":null},"geometry":{"type":"Point","coordinates":[29.620390031000113,7.545301311000117]}},
{"type":"Feature","properties":{"admin_level":2,"name":"Wulu","name1":null,"name2":null,"name3":null,"x_coord":29.16159452,"y_coord":6.22315345,"adm4_name":null,"adm4_name1":null,"adm4_name2":null,"adm4_name3":null,"adm4_pcode":null,"adm3_name":null,"adm3_name1":null,"adm3_name2":null,"adm3_name3":null,"adm3_pcode":null,"adm2_name":"Wulu","adm2_name1":null,"adm2_name2":null,"adm2_name3":null,"adm2_pcode":"SS0406","adm1_name":"Lakes","adm1_name1":null,"adm1_name2":null,"adm1_name3":null,"adm1_pcode":"SS04","adm0_name":"South Sudan","adm0_name1":null,"adm0_name2":null,"adm0_name3":null,"adm0_pcode":"SS","valid_on":"2022-12-19","valid_to":null,"version":"v03","lang":"en","lang1":null,"lang2":null,"lang3":null},"geometry":{"type":"Point","coordinates":[29.161594517000083,6.223153451000144]}},
{"type":"Feature","properties":{"admin_level":2,"name":"Yirol East","name1":null,"name2":null,"name3":null,"x_coord":30.76702054,"y_coord":6.77382755,"adm4_name":null,"adm4_name1":null,"adm4_name2":null,"adm4_name3":null,"adm4_pcode":null,"adm3_name":null,"adm3_name1":null,"adm3_name2":null,"adm3_name3":null,"adm3_pcode":null,"adm2_name":"Yirol East","adm2_name1":null,"adm2_name2":null,"adm2_name3":null,"adm2_pcode":"SS0407","adm1_name":"Lakes","adm1_name1":null,"adm1_name2":null,"adm1_name3":null,"adm1_pcode":"SS04","adm0_name":"South Sudan","adm0_name1":null,"adm0_name2":null,"adm0_name3":null,"adm0_pcode":"SS","valid_on":"2022-12-19","valid_to":null,"version":"v03","lang":"en","lang1":null,"lang2":null,"lang3":null},"geometry":{"type":"Point","coordinates":[30.76702054500015,6.773827553000103]}},
{"type":"Feature","properties":{"admin_level":2,"name":"Yirol West","name1":null,"name2":null,"name3":null,"x_coord":30.45282119,"y_coord":6.384581,"adm4_name":null,"adm4_name1":null,"adm4_name2":null,"adm4_name3":null,"adm4_pcode":null,"adm3_name":null,"adm3_name1":null,"adm3_name2":null,"adm3_name3":null,"adm3_pcode":null,"adm2_name":"Yirol West","adm2_name1":null,"adm2_name2":null,"adm2_name3":null,"adm2_pcode":"SS0408","adm1_name":"Lakes","adm1_name1":null,"adm1_name2":null,"adm1_name3":null,"adm1_pcode":"SS04","adm0_name":"South Sudan","adm0_name1":null,"adm0_name2":null,"adm0_name3":null,"adm0_pcode":"SS","valid_on":"2022-12-19","valid_to":null,"version":"v03","lang":"en","lang1":null,"lang2":null,"lang3":null},"geometry":{"type":"Point","coordinates":[30.452821186999984,6.384581003000108]}},
{"type":"Feature","properties":{"admin_level":2,"name":"Aweil Centre","name1":null,"name2":null,"name3":null,"x_coord":26.89951962,"y_coord":8.42299773,"adm4_name":null,"adm4_name1":null,"adm4_name2":null,"adm4_name3":null,"adm4_pcode":null,"adm3_name":null,"adm3_name1":null,"adm3_name2":null,"adm3_name3":null,"adm3_pcode":null,"adm2_name":"Aweil Centre","adm2_name1":null,"adm2_name2":null,"adm2_name3":null,"adm2_pcode":"SS0501","adm1_name":"Northern Bahr el Ghazal","adm1_name1":null,"adm1_name2":null,"adm1_name3":null,"adm1_pcode":"SS05","adm0_name":"South Sudan","adm0_name1":null,"adm0_name2":null,"adm0_name3":null,"adm0_pcode":"SS","valid_on":"2022-12-19","valid_to":null,"version":"v03","lang":"en","lang1":null,"lang2":null,"lang3":null},"geometry":{"type":"Point","coordinates":[26.899519622000071,8.422997730000134]}},
{"type":"Feature","properties":{"admin_level":2,"name":"Aweil East","name1":null,"name2":null,"name3":null,"x_coord":27.6450677,"y_coord":9.17410199,"adm4_name":null,"adm4_name1":null,"adm4_name2":null,"adm4_name3":null,"adm4_pcode":null,"adm3_name":null,"adm3_name1":null,"adm3_name2":null,"adm3_name3":null,"adm3_pcode":null,"adm2_name":"Aweil East","adm2_name1":null,"adm2_name2":null,"adm2_name3":null,"adm2_pcode":"SS0502","adm1_name":"Northern Bahr el Ghazal","adm1_name1":null,"adm1_name2":null,"adm1_name3":null,"adm1_pcode":"SS05","adm0_name":"South Sudan","adm0_name1":null,"adm0_name2":null,"adm0_name3":null,"adm0_pcode":"SS","valid_on":"2022-12-19","valid_to":null,"version":"v03","lang":"en","lang1":null,"lang2":null,"lang3":null},"geometry":{"type":"Point","coordinates":[27.645067702000119,9.174101988000075]}},
{"type":"Feature","properties":{"admin_level":2,"name":"Aweil North","name1":null,"name2":null,"name3":null,"x_coord":26.69348149,"y_coord":9.373273,"adm4_name":null,"adm4_name1":null,"adm4_name2":null,"adm4_name3":null,"adm4_pcode":null,"adm3_name":null,"adm3_name1":null,"adm3_name2":null,"adm3_name3":null,"adm3_pcode":null,"adm2_name":"Aweil North","adm2_name1":null,"adm2_name2":null,"adm2_name3":null,"adm2_pcode":"SS0503","adm1_name":"Northern Bahr el Ghazal","adm1_name1":null,"adm1_name2":null,"adm1_name3":null,"adm1_pcode":"SS05","adm0_name":"South Sudan","adm0_name1":null,"adm0_name2":null,"adm0_name3":null,"adm0_pcode":"SS","valid_on":"2022-12-19","valid_to":null,"version":"v03","lang":"en","lang1":null,"lang2":null,"lang3":null},"geometry":{"type":"Point","coordinates":[26.693481494000082,9.373272997000186]}},
{"type":"Feature","properties":{"admin_level":2,"name":"Aweil South","name1":null,"name2":null,"name3":null,"x_coord":27.68293112,"y_coord":8.67119857,"adm4_name":null,"adm4_name1":null,"adm4_name2":null,"adm4_name3":null,"adm4_pcode":null,"adm3_name":null,"adm3_name1":null,"adm3_name2":null,"adm3_name3":null,"adm3_pcode":null,"adm2_name":"Aweil South","adm2_name1":null,"adm2_name2":null,"adm2_name3":null,"adm2_pcode":"SS0504","adm1_name":"Northern Bahr el Ghazal","adm1_name1":null,"adm1_name2":null,"adm1_name3":null,"adm1_pcode":"SS05","adm0_name":"South Sudan","adm0_name1":null,"adm0_name2":null,"adm0_name3":null,"adm0_pcode":"SS","valid_on":"2022-12-19","valid_to":null,"version":"v03","lang":"en","lang1":null,"lang2":null,"lang3":null},"geometry":{"type":"Point","coordinates":[27.682931122000184,8.671198571000161]}},
{"type":"Feature","properties":{"admin_level":2,"name":"Aweil West","name1":null,"name2":null,"name3":null,"x_coord":26.50506551,"y_coord":8.90571524,"adm4_name":null,"adm4_name1":null,"adm4_name2":null,"adm4_name3":null,"adm4_pcode":null,"adm3_name":null,"adm3_name1":null,"adm3_name2":null,"adm3_name3":null,"adm3_pcode":null,"adm2_name":"Aweil West","adm2_name1":null,"adm2_name2":null,"adm2_name3":null,"adm2_pcode":"SS0505","adm1_name":"Northern Bahr el Ghazal","adm1_name1":null,"adm1_name2":null,"adm1_name3":null,"adm1_pcode":"SS05","adm0_name":"South Sudan","adm0_name1":null,"adm0_name2":null,"adm0_name3":null,"adm0_pcode":"SS","valid_on":"2022-12-19","valid_to":null,"version":"v03","lang":"en","lang1":null,"lang2":null,"lang3":null},"geometry":{"type":"Point","coordinates":[26.505065514000137,8.905715243000145]}},
{"type":"Feature","properties":{"admin_level":2,"name":"Abiemnhom","name1":null,"name2":null,"name3":null,"x_coord":29.12444015,"y_coord":9.52879908,"adm4_name":null,"adm4_name1":null,"adm4_name2":null,"adm4_name3":null,"adm4_pcode":null,"adm3_name":null,"adm3_name1":null,"adm3_name2":null,"adm3_name3":null,"adm3_pcode":null,"adm2_name":"Abiemnhom","adm2_name1":null,"adm2_name2":null,"adm2_name3":null,"adm2_pcode":"SS0601","adm1_name":"Unity","adm1_name1":null,"adm1_name2":null,"adm1_name3":null,"adm1_pcode":"SS06","adm0_name":"South Sudan","adm0_name1":null,"adm0_name2":null,"adm0_name3":null,"adm0_pcode":"SS","valid_on":"2022-12-19","valid_to":null,"version":"v03","lang":"en","lang1":null,"lang2":null,"lang3":null},"geometry":{"type":"Point","coordinates":[29.12444014800019,9.52879907900018]}},
{"type":"Feature","properties":{"admin_level":2,"name":"Guit","name1":null,"name2":null,"name3":null,"x_coord":30.11256521,"y_coord":9.19873034,"adm4_name":null,"adm4_name1":null,"adm4_name2":null,"adm4_name3":null,"adm4_pcode":null,"adm3_name":null,"adm3_name1":null,"adm3_name2":null,"adm3_name3":null,"adm3_pcode":null,"adm2_name":"Guit","adm2_name1":null,"adm2_name2":null,"adm2_name3":null,"adm2_pcode":"SS0602","adm1_name":"Unity","adm1_name1":null,"adm1_name2":null,"adm1_name3":null,"adm1_pcode":"SS06","adm0_name":"South Sudan","adm0_name1":null,"adm0_name2":null,"adm0_name3":null,"adm0_pcode":"SS","valid_on":"2022-12-19","valid_to":null,"version":"v03","lang":"en","lang1":null,"lang2":null,"lang3":null},"geometry":{"type":"Point","coordinates":[30.112565206000113,9.198730338000132]}},
{"type":"Feature","properties":{"admin_level":2,"name":"Koch","name1":null,"name2":null,"name3":null,"x_coord":29.85366483,"y_coord":8.60318327,"adm4_name":null,"adm4_name1":null,"adm4_name2":null,"adm4_name3":null,"adm4_pcode":null,"adm3_name":null,"adm3_name1":null,"adm3_name2":null,"adm3_name3":null,"adm3_pcode":null,"adm2_name":"Koch","adm2_name1":null,"adm2_name2":null,"adm2_name3":null,"adm2_pcode":"SS0603","adm1_name":"Unity","adm1_name1":null,"adm1_name2":null,"adm1_name3":null,"adm1_pcode":"SS06","adm0_name":"South Sudan","adm0_name1":null,"adm0_name2":null,"adm0_name3":null,"adm0_pcode":"SS","valid_on":"2022-12-19","valid_to":null,"version":"v03","lang":"en","lang1":null,"lang2":null,"lang3":null},"geometry":{"type":"Point","coordinates":[29.853664827000159,8.603183270000159]}},
{"type":"Feature","properties":{"admin_level":2,"name":"Leer","name1":null,"name2":null,"name3":null,"x_coord":30.22247541,"y_coord":8.18818124,"adm4_name":null,"adm4_name1":null,"adm4_name2":null,"adm4_name3":null,"adm4_pcode":null,"adm3_name":null,"adm3_name1":null,"adm3_name2":null,"adm3_name3":null,"adm3_pcode":null,"adm2_name":"Leer","adm2_name1":null,"adm2_name2":null,"adm2_name3":null,"adm2_pcode":"SS0604","adm1_name":"Unity","adm1_name1":null,"adm1_name2":null,"adm1_name3":null,"adm1_pcode":"SS06","adm0_name":"South Sudan","adm0_name1":null,"adm0_name2":null,"adm0_name3":null,"adm0_pcode":"SS","valid_on":"2022-12-19","valid_to":null,"version":"v03","lang":"en","lang1":null,"lang2":null,"lang3":null},"geometry":{"type":"Point","coordinates":[30.222475408999969,8.188181243000145]}},
{"type":"Feature","properties":{"admin_level":2,"name":"Mayendit","name1":null,"name2":null,"name3":null,"x_coord":29.8976997,"y_coord":8.12549382,"adm4_name":null,"adm4_name1":null,"adm4_name2":null,"adm4_name3":null,"adm4_pcode":null,"adm3_name":null,"adm3_name1":null,"adm3_name2":null,"adm3_name3":null,"adm3_pcode":null,"adm2_name":"Mayendit","adm2_name1":null,"adm2_name2":null,"adm2_name3":null,"adm2_pcode":"SS0605","adm1_name":"Unity","adm1_name1":null,"adm1_name2":null,"adm1_name3":null,"adm1_pcode":"SS06","adm0_name":"South Sudan","adm0_name1":null,"adm0_name2":null,"adm0_name3":null,"adm0_pcode":"SS","valid_on":"2022-12-19","valid_to":null,"version":"v03","lang":"en","lang1":null,"lang2":null,"lang3":null},"geometry":{"type":"Point","coordinates":[29.897699703000114,8.125493818000052]}},
{"type":"Feature","properties":{"admin_level":2,"name":"Mayom","name1":null,"name2":null,"name3":null,"x_coord":29.11281729,"y_coord":9.06184557,"adm4_name":null,"adm4_name1":null,"adm4_name2":null,"adm4_name3":null,"adm4_pcode":null,"adm3_name":null,"adm3_name1":null,"adm3_name2":null,"adm3_name3":null,"adm3_pcode":null,"adm2_name":"Mayom","adm2_name1":null,"adm2_name2":null,"adm2_name3":null,"adm2_pcode":"SS0606","adm1_name":"Unity","adm1_name1":null,"adm1_name2":null,"adm1_name3":null,"adm1_pcode":"SS06","adm0_name":"South Sudan","adm0_name1":null,"adm0_name2":null,"adm0_name3":null,"adm0_pcode":"SS","valid_on":"2022-12-19","valid_to":null,"version":"v03","lang":"en","lang1":null,"lang2":null,"lang3":null},"geometry":{"type":"Point","coordinates":[29.112817290000066,9.061845574000131]}},
{"type":"Feature","properties":{"admin_level":2,"name":"Panyijiar","name1":null,"name2":null,"name3":null,"x_coord":30.31268294,"y_coord":7.52887511,"adm4_name":null,"adm4_name1":null,"adm4_name2":null,"adm4_name3":null,"adm4_pcode":null,"adm3_name":null,"adm3_name1":null,"adm3_name2":null,"adm3_name3":null,"adm3_pcode":null,"adm2_name":"Panyijiar","adm2_name1":null,"adm2_name2":null,"adm2_name3":null,"adm2_pcode":"SS0607","adm1_name":"Unity","adm1_name1":null,"adm1_name2":null,"adm1_name3":null,"adm1_pcode":"SS06","adm0_name":"South Sudan","adm0_name1":null,"adm0_name2":null,"adm0_name3":null,"adm0_pcode":"SS","valid_on":"2022-12-19","valid_to":null,"version":"v03","lang":"en","lang1":null,"lang2":null,"lang3":null},"geometry":{"type":"Point","coordinates":[30.312682942000151,7.52887511300014]}},
{"type":"Feature","properties":{"admin_level":2,"name":"Pariang","name1":null,"name2":null,"name3":null,"x_coord":30.10795578,"y_coord":9.83945448,"adm4_name":null,"adm4_name1":null,"adm4_name2":null,"adm4_name3":null,"adm4_pcode":null,"adm3_name":null,"adm3_name1":null,"adm3_name2":null,"adm3_name3":null,"adm3_pcode":null,"adm2_name":"Pariang","adm2_name1":null,"adm2_name2":null,"adm2_name3":null,"adm2_pcode":"SS0608","adm1_name":"Unity","adm1_name1":null,"adm1_name2":null,"adm1_name3":null,"adm1_pcode":"SS06","adm0_name":"South Sudan","adm0_name1":null,"adm0_name2":null,"adm0_name3":null,"adm0_pcode":"SS","valid_on":"2022-12-19","valid_to":null,"version":"v03","lang":"en","lang1":null,"lang2":null,"lang3":null},"geometry":{"type":"Point","coordinates":[30.107955776000153,9.839454485000033]}},
{"type":"Feature","properties":{"admin_level":2,"name":"Rubkona","name1":null,"name2":null,"name3":null,"x_coord":29.62247281,"y_coord":9.30837778,"adm4_name":null,"adm4_name1":null,"adm4_name2":null,"adm4_name3":null,"adm4_pcode":null,"adm3_name":null,"adm3_name1":null,"adm3_name2":null,"adm3_name3":null,"adm3_pcode":null,"adm2_name":"Rubkona","adm2_name1":null,"adm2_name2":null,"adm2_name3":null,"adm2_pcode":"SS0609","adm1_name":"Unity","adm1_name1":null,"adm1_name2":null,"adm1_name3":null,"adm1_pcode":"SS06","adm0_name":"South Sudan","adm0_name1":null,"adm0_name2":null,"adm0_name3":null,"adm0_pcode":"SS","valid_on":"2022-12-19","valid_to":null,"version":"v03","lang":"en","lang1":null,"lang2":null,"lang3":null},"geometry":{"type":"Point","coordinates":[29.622472811000137,9.30837777500011]}},
{"type":"Feature","properties":{"admin_level":2,"name":"Baliet","name1":null,"name2":null,"name3":null,"x_coord":32.39742115,"y_coord":9.39752123,"adm4_name":null,"adm4_name1":null,"adm4_name2":null,"adm4_name3":null,"adm4_pcode":null,"adm3_name":null,"adm3_name1":null,"adm3_name2":null,"adm3_name3":null,"adm3_pcode":null,"adm2_name":"Baliet","adm2_name1":null,"adm2_name2":null,"adm2_name3":null,"adm2_pcode":"SS0701","adm1_name":"Upper Nile","adm1_name1":null,"adm1_name2":null,"adm1_name3":null,"adm1_pcode":"SS07","adm0_name":"South Sudan","adm0_name1":null,"adm0_name2":null,"adm0_name3":null,"adm0_pcode":"SS","valid_on":"2022-12-19","valid_to":null,"version":"v03","lang":"en","lang1":null,"lang2":null,"lang3":null},"geometry":{"type":"Point","coordinates":[32.397421153000039,9.397521233000077]}},
{"type":"Feature","properties":{"admin_level":2,"name":"Fashoda","name1":null,"name2":null,"name3":null,"x_coord":31.84906791,"y_coord":9.98586587,"adm4_name":null,"adm4_name1":null,"adm4_name2":null,"adm4_name3":null,"adm4_pcode":null,"adm3_name":null,"adm3_name1":null,"adm3_name2":null,"adm3_name3":null,"adm3_pcode":null,"adm2_name":"Fashoda","adm2_name1":null,"adm2_name2":null,"adm2_name3":null,"adm2_pcode":"SS0702","adm1_name":"Upper Nile","adm1_name1":null,"adm1_name2":null,"adm1_name3":null,"adm1_pcode":"SS07","adm0_name":"South Sudan","adm0_name1":null,"adm0_name2":null,"adm0_name3":null,"adm0_pcode":"SS","valid_on":"2022-12-19","valid_to":null,"version":"v03","lang":"en","lang1":null,"lang2":null,"lang3":null},"geometry":{"type":"Point","coordinates":[31.849067910000144,9.985865871000158]}},
{"type":"Feature","properties":{"admin_level":2,"name":"Longochuk","name1":null,"name2":null,"name3":null,"x_coord":33.59390884,"y_coord":9.30729214,"adm4_name":null,"adm4_name1":null,"adm4_name2":null,"adm4_name3":null,"adm4_pcode":null,"adm3_name":null,"adm3_name1":null,"adm3_name2":null,"adm3_name3":null,"adm3_pcode":null,"adm2_name":"Longochuk","adm2_name1":null,"adm2_name2":null,"adm2_name3":null,"adm2_pcode":"SS0703","adm1_name":"Upper Nile","adm1_name1":null,"adm1_name2":null,"adm1_name3":null,"adm1_pcode":"SS07","adm0_name":"South Sudan","adm0_name1":null,"adm0_name2":null,"adm0_name3":null,"adm0_pcode":"SS","valid_on":"2022-12-19","valid_to":null,"version":"v03","lang":"en","lang1":null,"lang2":null,"lang3":null},"geometry":{"type":"Point","coordinates":[33.593908842000189,9.307292135000182]}},
{"type":"Feature","properties":{"admin_level":2,"name":"Luakpiny/Nasir","name1":null,"name2":null,"name3":null,"x_coord":33.12618359,"y_coord":8.89905827,"adm4_name":null,"adm4_name1":null,"adm4_name2":null,"adm4_name3":null,"adm4_pcode":null,"adm3_name":null,"adm3_name1":null,"adm3_name2":null,"adm3_name3":null,"adm3_pcode":null,"adm2_name":"Luakpiny/Nasir","adm2_name1":null,"adm2_name2":null,"adm2_name3":null,"adm2_pcode":"SS0704","adm1_name":"Upper Nile","adm1_name1":null,"adm1_name2":null,"adm1_name3":null,"adm1_pcode":"SS07","adm0_name":"South Sudan","adm0_name1":null,"adm0_name2":null,"adm0_name3":null,"adm0_pcode":"SS","valid_on":"2022-12-19","valid_to":null,"version":"v03","lang":"en","lang1":null,"lang2":null,"lang3":null},"geometry":{"type":"Point","coordinates":[33.126183592000132,8.899058270000069]}},
{"type":"Feature","properties":{"admin_level":2,"name":"Maban","name1":null,"name2":null,"name3":null,"x_coord":33.47959263,"y_coord":10.01734125,"adm4_name":null,"adm4_name1":null,"adm4_name2":null,"adm4_name3":null,"adm4_pcode":null,"adm3_name":null,"adm3_name1":null,"adm3_name2":null,"adm3_name3":null,"adm3_pcode":null,"adm2_name":"Maban","adm2_name1":null,"adm2_name2":null,"adm2_name3":null,"adm2_pcode":"SS0705","adm1_name":"Upper Nile","adm1_name1":null,"adm1_name2":null,"adm1_name3":null,"adm1_pcode":"SS07","adm0_name":"South Sudan","adm0_name1":null,"adm0_name2":null,"adm0_name3":null,"adm0_pcode":"SS","valid_on":"2022-12-19","valid_to":null,"version":"v03","lang":"en","lang1":null,"lang2":null,"lang3":null},"geometry":{"type":"Point","coordinates":[33.479592627000102,10.017341250000186]}},
{"type":"Feature","properties":{"admin_level":2,"name":"Maiwut","name1":null,"name2":null,"name3":null,"x_coord":33.82713258,"y_coord":8.78010538,"adm4_name":null,"adm4_name1":null,"adm4_name2":null,"adm4_name3":null,"adm4_pcode":null,"adm3_name":null,"adm3_name1":null,"adm3_name2":null,"adm3_name3":null,"adm3_pcode":null,"adm2_name":"Maiwut","adm2_name1":null,"adm2_name2":null,"adm2_name3":null,"adm2_pcode":"SS0706","adm1_name":"Upper Nile","adm1_name1":null,"adm1_name2":null,"adm1_name3":null,"adm1_pcode":"SS07","adm0_name":"South Sudan","adm0_name1":null,"adm0_name2":null,"adm0_name3":null,"adm0_pcode":"SS","valid_on":"2022-12-19","valid_to":null,"version":"v03","lang":"en","lang1":null,"lang2":null,"lang3":null},"geometry":{"type":"Point","coordinates":[33.827132577000157,8.780105383000034]}},
{"type":"Feature","properties":{"admin_level":2,"name":"Malakal","name1":null,"name2":null,"name3":null,"x_coord":31.72967506,"y_coord":9.66642037,"adm4_name":null,"adm4_name1":null,"adm4_name2":null,"adm4_name3":null,"adm4_pcode":null,"adm3_name":null,"adm3_name1":null,"adm3_name2":null,"adm3_name3":null,"adm3_pcode":null,"adm2_name":"Malakal","adm2_name1":null,"adm2_name2":null,"adm2_name3":null,"adm2_pcode":"SS0707","adm1_name":"Upper Nile","adm1_name1":null,"adm1_name2":null,"adm1_name3":null,"adm1_pcode":"SS07","adm0_name":"South Sudan","adm0_name1":null,"adm0_name2":null,"adm0_name3":null,"adm0_pcode":"SS","valid_on":"2022-12-19","valid_to":null,"version":"v03","lang":"en","lang1":null,"lang2":null,"lang3":null},"geometry":{"type":"Point","coordinates":[31.729675059000158,9.666420369000036]}},
{"type":"Feature","properties":{"admin_level":2,"name":"Manyo","name1":null,"name2":null,"name3":null,"x_coord":32.56093493,"y_coord":11.03559195,"adm4_name":null,"adm4_name1":null,"adm4_name2":null,"adm4_name3":null,"adm4_pcode":null,"adm3_name":null,"adm3_name1":null,"adm3_name2":null,"adm3_name3":null,"adm3_pcode":null,"adm2_name":"Manyo","adm2_name1":null,"adm2_name2":null,"adm2_name3":null,"adm2_pcode":"SS0708","adm1_name":"Upper Nile","adm1_name1":null,"adm1_name2":null,"adm1_name3":null,"adm1_pcode":"SS07","adm0_name":"South Sudan","adm0_name1":null,"adm0_name2":null,"adm0_name3":null,"adm0_pcode":"SS","valid_on":"2022-12-19","valid_to":null,"version":"v03","lang":"en","lang1":null,"lang2":null,"lang3":null},"geometry":{"type":"Point","coordinates":[32.560934927000119,11.035591946000181]}},
{"type":"Feature","properties":{"admin_level":2,"name":"Melut","name1":null,"name2":null,"name3":null,"x_coord":32.59763162,"y_coord":10.36299024,"adm4_name":null,"adm4_name1":null,"adm4_name2":null,"adm4_name3":null,"adm4_pcode":null,"adm3_name":null,"adm3_name1":null,"adm3_name2":null,"adm3_name3":null,"adm3_pcode":null,"adm2_name":"Melut","adm2_name1":null,"adm2_name2":null,"adm2_name3":null,"adm2_pcode":"SS0709","adm1_name":"Upper Nile","adm1_name1":null,"adm1_name2":null,"adm1_name3":null,"adm1_pcode":"SS07","adm0_name":"South Sudan","adm0_name1":null,"adm0_name2":null,"adm0_name3":null,"adm0_pcode":"SS","valid_on":"2022-12-19","valid_to":null,"version":"v03","lang":"en","lang1":null,"lang2":null,"lang3":null},"geometry":{"type":"Point","coordinates":[32.597631618000037,10.362990240000158]}},
{"type":"Feature","properties":{"admin_level":2,"name":"Panyikang","name1":null,"name2":null,"name3":null,"x_coord":31.72193592,"y_coord":9.34710591,"adm4_name":null,"adm4_name1":null,"adm4_name2":null,"adm4_name3":null,"adm4_pcode":null,"adm3_name":null,"adm3_name1":null,"adm3_name2":null,"adm3_name3":null,"adm3_pcode":null,"adm2_name":"Panyikang","adm2_name1":null,"adm2_name2":null,"adm2_name3":null,"adm2_pcode":"SS0710","adm1_name":"Upper Nile","adm1_name1":null,"adm1_name2":null,"adm1_name3":null,"adm1_pcode":"SS07","adm0_name":"South Sudan","adm0_name1":null,"adm0_name2":null,"adm0_name3":null,"adm0_pcode":"SS","valid_on":"2022-12-19","valid_to":null,"version":"v03","lang":"en","lang1":null,"lang2":null,"lang3":null},"geometry":{"type":"Point","coordinates":[31.721935917000167,9.34710590800006]}},
{"type":"Feature","properties":{"admin_level":2,"name":"Renk","name1":null,"name2":null,"name3":null,"x_coord":32.918168,"y_coord":11.2888182,"adm4_name":null,"adm4_name1":null,"adm4_name2":null,"adm4_name3":null,"adm4_pcode":null,"adm3_name":null,"adm3_name1":null,"adm3_name2":null,"adm3_name3":null,"adm3_pcode":null,"adm2_name":"Renk","adm2_name1":null,"adm2_name2":null,"adm2_name3":null,"adm2_pcode":"SS0711","adm1_name":"Upper Nile","adm1_name1":null,"adm1_name2":null,"adm1_name3":null,"adm1_pcode":"SS07","adm0_name":"South Sudan","adm0_name1":null,"adm0_name2":null,"adm0_name3":null,"adm0_pcode":"SS","valid_on":"2022-12-19","valid_to":null,"version":"v03","lang":"en","lang1":null,"lang2":null,"lang3":null},"geometry":{"type":"Point","coordinates":[32.918167999000048,11.288818200000037]}},
{"type":"Feature","properties":{"admin_level":2,"name":"Ulang","name1":null,"name2":null,"name3":null,"x_coord":32.81267081,"y_coord":8.55430101,"adm4_name":null,"adm4_name1":null,"adm4_name2":null,"adm4_name3":null,"adm4_pcode":null,"adm3_name":null,"adm3_name1":null,"adm3_name2":null,"adm3_name3":null,"adm3_pcode":null,"adm2_name":"Ulang","adm2_name1":null,"adm2_name2":null,"adm2_name3":null,"adm2_pcode":"SS0712","adm1_name":"Upper Nile","adm1_name1":null,"adm1_name2":null,"adm1_name3":null,"adm1_pcode":"SS07","adm0_name":"South Sudan","adm0_name1":null,"adm0_name2":null,"adm0_name3":null,"adm0_pcode":"SS","valid_on":"2022-12-19","valid_to":null,"version":"v03","lang":"en","lang1":null,"lang2":null,"lang3":null},"geometry":{"type":"Point","coordinates":[32.812670812000079,8.554301006]}},
{"type":"Feature","properties":{"admin_level":2,"name":"Gogrial East","name1":null,"name2":null,"name3":null,"x_coord":28.46080174,"y_coord":8.51652789,"adm4_name":null,"adm4_name1":null,"adm4_name2":null,"adm4_name3":null,"adm4_pcode":null,"adm3_name":null,"adm3_name1":null,"adm3_name2":null,"adm3_name3":null,"adm3_pcode":null,"adm2_name":"Gogrial East","adm2_name1":null,"adm2_name2":null,"adm2_name3":null,"adm2_pcode":"SS0801","adm1_name":"Warrap","adm1_name1":null,"adm1_name2":null,"adm1_name3":null,"adm1_pcode":"SS08","adm0_name":"South Sudan","adm0_name1":null,"adm0_name2":null,"adm0_name3":null,"adm0_pcode":"SS","valid_on":"2022-12-19","valid_to":null,"version":"v03","lang":"en","lang1":null,"lang2":null,"lang3":null},"geometry":{"type":"Point","coordinates":[28.46080174399998,8.516527889999963]}},
{"type":"Feature","properties":{"admin_level":2,"name":"Gogrial West","name1":null,"name2":null,"name3":null,"x_coord":28.14722356,"y_coord":8.57182872,"adm4_name":null,"adm4_name1":null,"adm4_name2":null,"adm4_name3":null,"adm4_pcode":null,"adm3_name":null,"adm3_name1":null,"adm3_name2":null,"adm3_name3":null,"adm3_pcode":null,"adm2_name":"Gogrial West","adm2_name1":null,"adm2_name2":null,"adm2_name3":null,"adm2_pcode":"SS0802","adm1_name":"Warrap","adm1_name1":null,"adm1_name2":null,"adm1_name3":null,"adm1_pcode":"SS08","adm0_name":"South Sudan","adm0_name1":null,"adm0_name2":null,"adm0_name3":null,"adm0_pcode":"SS","valid_on":"2022-12-19","valid_to":null,"version":"v03","lang":"en","lang1":null,"lang2":null,"lang3":null},"geometry":{"type":"Point","coordinates":[28.147223559000167,8.571828716000027]}},
{"type":"Feature","properties":{"admin_level":2,"name":"Tonj East","name1":null,"name2":null,"name3":null,"x_coord":29.31623298,"y_coord":7.8397522,"adm4_name":null,"adm4_name1":null,"adm4_name2":null,"adm4_name3":null,"adm4_pcode":null,"adm3_name":null,"adm3_name1":null,"adm3_name2":null,"adm3_name3":null,"adm3_pcode":null,"adm2_name":"Tonj East","adm2_name1":null,"adm2_name2":null,"adm2_name3":null,"adm2_pcode":"SS0803","adm1_name":"Warrap","adm1_name1":null,"adm1_name2":null,"adm1_name3":null,"adm1_pcode":"SS08","adm0_name":"South Sudan","adm0_name1":null,"adm0_name2":null,"adm0_name3":null,"adm0_pcode":"SS","valid_on":"2022-12-19","valid_to":null,"version":"v03","lang":"en","lang1":null,"lang2":null,"lang3":null},"geometry":{"type":"Point","coordinates":[29.316232985,7.83975220100001]}},
{"type":"Feature","properties":{"admin_level":2,"name":"Tonj North","name1":null,"name2":null,"name3":null,"x_coord":29.15583865,"y_coord":8.26412941,"adm4_name":null,"adm4_name1":null,"adm4_name2":null,"adm4_name3":null,"adm4_pcode":null,"adm3_name":null,"adm3_name1":null,"adm3_name2":null,"adm3_name3":null,"adm3_pcode":null,"adm2_name":"Tonj North","adm2_name1":null,"adm2_name2":null,"adm2_name3":null,"adm2_pcode":"SS0804","adm1_name":"Warrap","adm1_name1":null,"adm1_name2":null,"adm1_name3":null,"adm1_pcode":"SS08","adm0_name":"South Sudan","adm0_name1":null,"adm0_name2":null,"adm0_name3":null,"adm0_pcode":"SS","valid_on":"2022-12-19","valid_to":null,"version":"v03","lang":"en","lang1":null,"lang2":null,"lang3":null},"geometry":{"type":"Point","coordinates":[29.155838649000088,8.264129413000092]}},
{"type":"Feature","properties":{"admin_level":2,"name":"Tonj South","name1":null,"name2":null,"name3":null,"x_coord":28.69592125,"y_coord":7.1166441,"adm4_name":null,"adm4_name1":null,"adm4_name2":null,"adm4_name3":null,"adm4_pcode":null,"adm3_name":null,"adm3_name1":null,"adm3_name2":null,"adm3_name3":null,"adm3_pcode":null,"adm2_name":"Tonj South","adm2_name1":null,"adm2_name2":null,"adm2_name3":null,"adm2_pcode":"SS0805","adm1_name":"Warrap","adm1_name1":null,"adm1_name2":null,"adm1_name3":null,"adm1_pcode":"SS08","adm0_name":"South Sudan","adm0_name1":null,"adm0_name2":null,"adm0_name3":null,"adm0_pcode":"SS","valid_on":"2022-12-19","valid_to":null,"version":"v03","lang":"en","lang1":null,"lang2":null,"lang3":null},"geometry":{"type":"Point","coordinates":[28.695921254000098,7.116644104000045]}},
{"type":"Feature","properties":{"admin_level":2,"name":"Twic","name1":null,"name2":null,"name3":null,"x_coord":28.40049109,"y_coord":9.06387491,"adm4_name":null,"adm4_name1":null,"adm4_name2":null,"adm4_name3":null,"adm4_pcode":null,"adm3_name":null,"adm3_name1":null,"adm3_name2":null,"adm3_name3":null,"adm3_pcode":null,"adm2_name":"Twic","adm2_name1":null,"adm2_name2":null,"adm2_name3":null,"adm2_pcode":"SS0806","adm1_name":"Warrap","adm1_name1":null,"adm1_name2":null,"adm1_name3":null,"adm1_pcode":"SS08","adm0_name":"South Sudan","adm0_name1":null,"adm0_name2":null,"adm0_name3":null,"adm0_pcode":"SS","valid_on":"2022-12-19","valid_to":null,"version":"v03","lang":"en","lang1":null,"lang2":null,"lang3":null},"geometry":{"type":"Point","coordinates":[28.400491089000127,9.063874909000106]}},
{"type":"Feature","properties":{"admin_level":2,"name":"Abyei Region","name1":null,"name2":null,"name3":null,"x_coord":28.42794173,"y_coord":9.71681288,"adm4_name":null,"adm4_name1":null,"adm4_name2":null,"adm4_name3":null,"adm4_pcode":null,"adm3_name":null,"adm3_name1":null,"adm3_name2":null,"adm3_name3":null,"adm3_pcode":null,"adm2_name":"Abyei Region","adm2_name1":null,"adm2_name2":null,"adm2_name3":null,"adm2_pcode":"SS0001","adm1_name":"Abyei Region","adm1_name1":null,"adm1_name2":null,"adm1_name3":null,"adm1_pcode":"SS00","adm0_name":"South Sudan","adm0_name1":null,"adm0_name2":null,"adm0_name3":null,"adm0_pcode":"SS","valid_on":"2022-12-19","valid_to":null,"version":"v03","lang":"en","lang1":null,"lang2":null,"lang3":null},"geometry":{"type":"Point","coordinates":[28.427941729000111,9.716812877000052]}},
{"type":"Feature","properties":{"admin_level":2,"name":"Jur River","name1":null,"name2":null,"name3":null,"x_coord":28.18402919,"y_coord":7.61591508,"adm4_name":null,"adm4_name1":null,"adm4_name2":null,"adm4_name3":null,"adm4_pcode":null,"adm3_name":null,"adm3_name1":null,"adm3_name2":null,"adm3_name3":null,"adm3_pcode":null,"adm2_name":"Jur River","adm2_name1":null,"adm2_name2":null,"adm2_name3":null,"adm2_pcode":"SS0901","adm1_name":"Western Bahr el Ghazal","adm1_name1":null,"adm1_name2":null,"adm1_name3":null,"adm1_pcode":"SS09","adm0_name":"South Sudan","adm0_name1":null,"adm0_name2":null,"adm0_name3":null,"adm0_pcode":"SS","valid_on":"2022-12-19","valid_to":null,"version":"v03","lang":"en","lang1":null,"lang2":null,"lang3":null},"geometry":{"type":"Point","coordinates":[28.184029193000072,7.615915078000057]}},
{"type":"Feature","properties":{"admin_level":2,"name":"Raja","name1":null,"name2":null,"name3":null,"x_coord":25.21988189,"y_coord":8.54306119,"adm4_name":null,"adm4_name1":null,"adm4_name2":null,"adm4_name3":null,"adm4_pcode":null,"adm3_name":null,"adm3_name1":null,"adm3_name2":null,"adm3_name3":null,"adm3_pcode":null,"adm2_name":"Raja","adm2_name1":null,"adm2_name2":null,"adm2_name3":null,"adm2_pcode":"SS0902","adm1_name":"Western Bahr el Ghazal","adm1_name1":null,"adm1_name2":null,"adm1_name3":null,"adm1_pcode":"SS09","adm0_name":"South Sudan","adm0_name1":null,"adm0_name2":null,"adm0_name3":null,"adm0_pcode":"SS","valid_on":"2022-12-19","valid_to":null,"version":"v03","lang":"en","lang1":null,"lang2":null,"lang3":null},"geometry":{"type":"Point","coordinates":[25.219881886,8.543061185000056]}},
{"type":"Feature","properties":{"admin_level":2,"name":"Wau","name1":null,"name2":null,"name3":null,"x_coord":27.37272145,"y_coord":7.39352025,"adm4_name":null,"adm4_name1":null,"adm4_name2":null,"adm4_name3":null,"adm4_pcode":null,"adm3_name":null,"adm3_name1":null,"adm3_name2":null,"adm3_name3":null,"adm3_pcode":null,"adm2_name":"Wau","adm2_name1":null,"adm2_name2":null,"adm2_name3":null,"adm2_pcode":"SS0903","adm1_name":"Western Bahr el Ghazal","adm1_name1":null,"adm1_name2":null,"adm1_name3":null,"adm1_pcode":"SS09","adm0_name":"South Sudan","adm0_name1":null,"adm0_name2":null,"adm0_name3":null,"adm0_pcode":"SS","valid_on":"2022-12-19","valid_to":null,"version":"v03","lang":"en","lang1":null,"lang2":null,"lang3":null},"geometry":{"type":"Point","coordinates":[27.372721452000064,7.393520246000094]}},
{"type":"Feature","properties":{"admin_level":2,"name":"Ezo","name1":null,"name2":null,"name3":null,"x_coord":27.99451623,"y_coord":5.61822859,"adm4_name":null,"adm4_name1":null,"adm4_name2":null,"adm4_name3":null,"adm4_pcode":null,"adm3_name":null,"adm3_name1":null,"adm3_name2":null,"adm3_name3":null,"adm3_pcode":null,"adm2_name":"Ezo","adm2_name1":null,"adm2_name2":null,"adm2_name3":null,"adm2_pcode":"SS1001","adm1_name":"Western Equatoria","adm1_name1":null,"adm1_name2":null,"adm1_name3":null,"adm1_pcode":"SS10","adm0_name":"South Sudan","adm0_name1":null,"adm0_name2":null,"adm0_name3":null,"adm0_pcode":"SS","valid_on":"2022-12-19","valid_to":null,"version":"v03","lang":"en","lang1":null,"lang2":null,"lang3":null},"geometry":{"type":"Point","coordinates":[27.994516229000169,5.618228594000186]}},
{"type":"Feature","properties":{"admin_level":2,"name":"Ibba","name1":null,"name2":null,"name3":null,"x_coord":29.02969946,"y_coord":5.04440604,"adm4_name":null,"adm4_name1":null,"adm4_name2":null,"adm4_name3":null,"adm4_pcode":null,"adm3_name":null,"adm3_name1":null,"adm3_name2":null,"adm3_name3":null,"adm3_pcode":null,"adm2_name":"Ibba","adm2_name1":null,"adm2_name2":null,"adm2_name3":null,"adm2_pcode":"SS1002","adm1_name":"Western Equatoria","adm1_name1":null,"adm1_name2":null,"adm1_name3":null,"adm1_pcode":"SS10","adm0_name":"South Sudan","adm0_name1":null,"adm0_name2":null,"adm0_name3":null,"adm0_pcode":"SS","valid_on":"2022-12-19","valid_to":null,"version":"v03","lang":"en","lang1":null,"lang2":null,"lang3":null},"geometry":{"type":"Point","coordinates":[29.029699459000085,5.044406038000034]}},
{"type":"Feature","properties":{"admin_level":2,"name":"Maridi","name1":null,"name2":null,"name3":null,"x_coord":29.68883208,"y_coord":5.14432244,"adm4_name":null,"adm4_name1":null,"adm4_name2":null,"adm4_name3":null,"adm4_pcode":null,"adm3_name":null,"adm3_name1":null,"adm3_name2":null,"adm3_name3":null,"adm3_pcode":null,"adm2_name":"Maridi","adm2_name1":null,"adm2_name2":null,"adm2_name3":null,"adm2_pcode":"SS1003","adm1_name":"Western Equatoria","adm1_name1":null,"adm1_name2":null,"adm1_name3":null,"adm1_pcode":"SS10","adm0_name":"South Sudan","adm0_name1":null,"adm0_name2":null,"adm0_name3":null,"adm0_pcode":"SS","valid_on":"2022-12-19","valid_to":null,"version":"v03","lang":"en","lang1":null,"lang2":null,"lang3":null},"geometry":{"type":"Point","coordinates":[29.688832076000097,5.144322440000167]}},
{"type":"Feature","properties":{"admin_level":2,"name":"Mundri East","name1":null,"name2":null,"name3":null,"x_coord":30.67018903,"y_coord":5.29757594,"adm4_name":null,"adm4_name1":null,"adm4_name2":null,"adm4_name3":null,"adm4_pcode":null,"adm3_name":null,"adm3_name1":null,"adm3_name2":null,"adm3_name3":null,"adm3_pcode":null,"adm2_name":"Mundri East","adm2_name1":null,"adm2_name2":null,"adm2_name3":null,"adm2_pcode":"SS1004","adm1_name":"Western Equatoria","adm1_name1":null,"adm1_name2":null,"adm1_name3":null,"adm1_pcode":"SS10","adm0_name":"South Sudan","adm0_name1":null,"adm0_name2":null,"adm0_name3":null,"adm0_pcode":"SS","valid_on":"2022-12-19","valid_to":null,"version":"v03","lang":"en","lang1":null,"lang2":null,"lang3":null},"geometry":{"type":"Point","coordinates":[30.670189031000177,5.297575941000161]}},
{"type":"Feature","properties":{"admin_level":2,"name":"Mundri West","name1":null,"name2":null,"name3":null,"x_coord":30.20853059,"y_coord":5.15744171,"adm4_name":null,"adm4_name1":null,"adm4_name2":null,"adm4_name3":null,"adm4_pcode":null,"adm3_name":null,"adm3_name1":null,"adm3_name2":null,"adm3_name3":null,"adm3_pcode":null,"adm2_name":"Mundri West","adm2_name1":null,"adm2_name2":null,"adm2_name3":null,"adm2_pcode":"SS1005","adm1_name":"Western Equatoria","adm1_name1":null,"adm1_name2":null,"adm1_name3":null,"adm1_pcode":"SS10","adm0_name":"South Sudan","adm0_name1":null,"adm0_name2":null,"adm0_name3":null,"adm0_pcode":"SS","valid_on":"2022-12-19","valid_to":null,"version":"v03","lang":"en","lang1":null,"lang2":null,"lang3":null},"geometry":{"type":"Point","coordinates":[30.208530591000113,5.157441713000026]}},
{"type":"Feature","properties":{"admin_level":2,"name":"Mvolo","name1":null,"name2":null,"name3":null,"x_coord":30.0309826,"y_coord":5.95485612,"adm4_name":null,"adm4_name1":null,"adm4_name2":null,"adm4_name3":null,"adm4_pcode":null,"adm3_name":null,"adm3_name1":null,"adm3_name2":null,"adm3_name3":null,"adm3_pcode":null,"adm2_name":"Mvolo","adm2_name1":null,"adm2_name2":null,"adm2_name3":null,"adm2_pcode":"SS1006","adm1_name":"Western Equatoria","adm1_name1":null,"adm1_name2":null,"adm1_name3":null,"adm1_pcode":"SS10","adm0_name":"South Sudan","adm0_name1":null,"adm0_name2":null,"adm0_name3":null,"adm0_pcode":"SS","valid_on":"2022-12-19","valid_to":null,"version":"v03","lang":"en","lang1":null,"lang2":null,"lang3":null},"geometry":{"type":"Point","coordinates":[30.030982603000041,5.954856125000049]}},
{"type":"Feature","properties":{"admin_level":2,"name":"Nagero","name1":null,"name2":null,"name3":null,"x_coord":27.73919778,"y_coord":6.41688222,"adm4_name":null,"adm4_name1":null,"adm4_name2":null,"adm4_name3":null,"adm4_pcode":null,"adm3_name":null,"adm3_name1":null,"adm3_name2":null,"adm3_name3":null,"adm3_pcode":null,"adm2_name":"Nagero","adm2_name1":null,"adm2_name2":null,"adm2_name3":null,"adm2_pcode":"SS1007","adm1_name":"Western Equatoria","adm1_name1":null,"adm1_name2":null,"adm1_name3":null,"adm1_pcode":"SS10","adm0_name":"South Sudan","adm0_name1":null,"adm0_name2":null,"adm0_name3":null,"adm0_pcode":"SS","valid_on":"2022-12-19","valid_to":null,"version":"v03","lang":"en","lang1":null,"lang2":null,"lang3":null},"geometry":{"type":"Point","coordinates":[27.739197777000129,6.416882217000023]}},
{"type":"Feature","properties":{"admin_level":2,"name":"Nzara","name1":null,"name2":null,"name3":null,"x_coord":28.18177274,"y_coord":5.30645623,"adm4_name":null,"adm4_name1":null,"adm4_name2":null,"adm4_name3":null,"adm4_pcode":null,"adm3_name":null,"adm3_name1":null,"adm3_name2":null,"adm3_name3":null,"adm3_pcode":null,"adm2_name":"Nzara","adm2_name1":null,"adm2_name2":null,"adm2_name3":null,"adm2_pcode":"SS1008","adm1_name":"Western Equatoria","adm1_name1":null,"adm1_name2":null,"adm1_name3":null,"adm1_pcode":"SS10","adm0_name":"South Sudan","adm0_name1":null,"adm0_name2":null,"adm0_name3":null,"adm0_pcode":"SS","valid_on":"2022-12-19","valid_to":null,"version":"v03","lang":"en","lang1":null,"lang2":null,"lang3":null},"geometry":{"type":"Point","coordinates":[28.181772741000088,5.306456233]}},
{"type":"Feature","properties":{"admin_level":2,"name":"Tambura","name1":null,"name2":null,"name3":null,"x_coord":27.20561168,"y_coord":6.030796,"adm4_name":null,"adm4_name1":null,"adm4_name2":null,"adm4_name3":null,"adm4_pcode":null,"adm3_name":null,"adm3_name1":null,"adm3_name2":null,"adm3_name3":null,"adm3_pcode":null,"adm2_name":"Tambura","adm2_name1":null,"adm2_name2":null,"adm2_name3":null,"adm2_pcode":"SS1009","adm1_name":"Western Equatoria","adm1_name1":null,"adm1_name2":null,"adm1_name3":null,"adm1_pcode":"SS10","adm0_name":"South Sudan","adm0_name1":null,"adm0_name2":null,"adm0_name3":null,"adm0_pcode":"SS","valid_on":"2022-12-19","valid_to":null,"version":"v03","lang":"en","lang1":null,"lang2":null,"lang3":null},"geometry":{"type":"Point","coordinates":[27.20561167600016,6.03079599900019]}},
{"type":"Feature","properties":{"admin_level":2,"name":"Yambio","name1":null,"name2":null,"name3":null,"x_coord":28.4506895,"y_coord":5.1755589,"adm4_name":null,"adm4_name1":null,"adm4_name2":null,"adm4_name3":null,"adm4_pcode":null,"adm3_name":null,"adm3_name1":null,"adm3_name2":null,"adm3_name3":null,"adm3_pcode":null,"adm2_name":"Yambio","adm2_name1":null,"adm2_name2":null,"adm2_name3":null,"adm2_pcode":"SS1010","adm1_name":"Western Equatoria","adm1_name1":null,"adm1_name2":null,"adm1_name3":null,"adm1_pcode":"SS10","adm0_name":"South Sudan","adm0_name1":null,"adm0_name2":null,"adm0_name3":null,"adm0_pcode":"SS","valid_on":"2022-12-19","valid_to":null,"version":"v03","lang":"en","lang1":null,"lang2":null,"lang3":null},"geometry":{"type":"Point","coordinates":[28.450689495000063,5.175558898000077]}},
{"type":"Feature","properties":{"admin_level":3,"name":"Bungu","name1":null,"name2":null,"name3":null,"x_coord":31.2464127,"y_coord":4.69163777,"adm4_name":null,"adm4_name1":null,"adm4_name2":null,"adm4_name3":null,"adm4_pcode":null,"adm3_name":"Bungu","adm3_name1":null,"adm3_name2":null,"adm3_name3":null,"adm3_pcode":"SS010101","adm2_name":"Juba","adm2_name1":null,"adm2_name2":null,"adm2_name3":null,"adm2_pcode":"SS0101","adm1_name":"Central Equatoria","adm1_name1":null,"adm1_name2":null,"adm1_name3":null,"adm1_pcode":"SS01","adm0_name":"South Sudan","adm0_name1":null,"adm0_name2":null,"adm0_name3":null,"adm0_pcode":"SS","valid_on":"2022-12-19","valid_to":null,"version":"v03","lang":"en","lang1":null,"lang2":null,"lang3":null},"geometry":{"type":"Point","coordinates":[31.246412705000068,4.69163776500011]}},
{"type":"Feature","properties":{"admin_level":3,"name":"Dolo","name1":null,"name2":null,"name3":null,"x_coord":31.10332104,"y_coord":4.93754458,"adm4_name":null,"adm4_name1":null,"adm4_name2":null,"adm4_name3":null,"adm4_pcode":null,"adm3_name":"Dolo","adm3_name1":null,"adm3_name2":null,"adm3_name3":null,"adm3_pcode":"SS010102","adm2_name":"Juba","adm2_name1":null,"adm2_name2":null,"adm2_name3":null,"adm2_pcode":"SS0101","adm1_name":"Central Equatoria","adm1_name1":null,"adm1_name2":null,"adm1_name3":null,"adm1_pcode":"SS01","adm0_name":"South Sudan","adm0_name1":null,"adm0_name2":null,"adm0_name3":null,"adm0_pcode":"SS","valid_on":"2022-12-19","valid_to":null,"version":"v03","lang":"en","lang1":null,"lang2":null,"lang3":null},"geometry":{"type":"Point","coordinates":[31.103321041000072,4.937544585000182]}},
{"type":"Feature","properties":{"admin_level":3,"name":"Ganji","name1":null,"name2":null,"name3":null,"x_coord":31.21831326,"y_coord":4.5079398,"adm4_name":null,"adm4_name1":null,"adm4_name2":null,"adm4_name3":null,"adm4_pcode":null,"adm3_name":"Ganji","adm3_name1":null,"adm3_name2":null,"adm3_name3":null,"adm3_pcode":"SS010103","adm2_name":"Juba","adm2_name1":null,"adm2_name2":null,"adm2_name3":null,"adm2_pcode":"SS0101","adm1_name":"Central Equatoria","adm1_name1":null,"adm1_name2":null,"adm1_name3":null,"adm1_pcode":"SS01","adm0_name":"South Sudan","adm0_name1":null,"adm0_name2":null,"adm0_name3":null,"adm0_pcode":"SS","valid_on":"2022-12-19","valid_to":null,"version":"v03","lang":"en","lang1":null,"lang2":null,"lang3":null},"geometry":{"type":"Point","coordinates":[31.218313263000027,4.507939800000031]}},
{"type":"Feature","properties":{"admin_level":3,"name":"Gondokoro","name1":null,"name2":null,"name3":null,"x_coord":31.6976343,"y_coord":4.85172842,"adm4_name":null,"adm4_name1":null,"adm4_name2":null,"adm4_name3":null,"adm4_pcode":null,"adm3_name":"Gondokoro","adm3_name1":null,"adm3_name2":null,"adm3_name3":null,"adm3_pcode":"SS010104","adm2_name":"Juba","adm2_name1":null,"adm2_name2":null,"adm2_name3":null,"adm2_pcode":"SS0101","adm1_name":"Central Equatoria","adm1_name1":null,"adm1_name2":null,"adm1_name3":null,"adm1_pcode":"SS01","adm0_name":"South Sudan","adm0_name1":null,"adm0_name2":null,"adm0_name3":null,"adm0_pcode":"SS","valid_on":"2022-12-19","valid_to":null,"version":"v03","lang":"en","lang1":null,"lang2":null,"lang3":null},"geometry":{"type":"Point","coordinates":[31.697634298000025,4.851728414999968]}},
{"type":"Feature","properties":{"admin_level":3,"name":"Juba Town","name1":null,"name2":null,"name3":null,"x_coord":31.60170535,"y_coord":4.85621168,"adm4_name":null,"adm4_name1":null,"adm4_name2":null,"adm4_name3":null,"adm4_pcode":null,"adm3_name":"Juba Town","adm3_name1":null,"adm3_name2":null,"adm3_name3":null,"adm3_pcode":"SS010105","adm2_name":"Juba","adm2_name1":null,"adm2_name2":null,"adm2_name3":null,"adm2_pcode":"SS0101","adm1_name":"Central Equatoria","adm1_name1":null,"adm1_name2":null,"adm1_name3":null,"adm1_pcode":"SS01","adm0_name":"South Sudan","adm0_name1":null,"adm0_name2":null,"adm0_name3":null,"adm0_pcode":"SS","valid_on":"2022-12-19","valid_to":null,"version":"v03","lang":"en","lang1":null,"lang2":null,"lang3":null},"geometry":{"type":"Point","coordinates":[31.601705350000145,4.856211675]}},
{"type":"Feature","properties":{"admin_level":3,"name":"Kator","name1":null,"name2":null,"name3":null,"x_coord":31.59619757,"y_coord":4.81899024,"adm4_name":null,"adm4_name1":null,"adm4_name2":null,"adm4_name3":null,"adm4_pcode":null,"adm3_name":"Kator","adm3_name1":null,"adm3_name2":null,"adm3_name3":null,"adm3_pcode":"SS010106","adm2_name":"Juba","adm2_name1":null,"adm2_name2":null,"adm2_name3":null,"adm2_pcode":"SS0101","adm1_name":"Central Equatoria","adm1_name1":null,"adm1_name2":null,"adm1_name3":null,"adm1_pcode":"SS01","adm0_name":"South Sudan","adm0_name1":null,"adm0_name2":null,"adm0_name3":null,"adm0_pcode":"SS","valid_on":"2022-12-19","valid_to":null,"version":"v03","lang":"en","lang1":null,"lang2":null,"lang3":null},"geometry":{"type":"Point","coordinates":[31.596197573000154,4.818990240000062]}},
{"type":"Feature","properties":{"admin_level":3,"name":"Lirya","name1":null,"name2":null,"name3":null,"x_coord":32.07726916,"y_coord":4.67629781,"adm4_name":null,"adm4_name1":null,"adm4_name2":null,"adm4_name3":null,"adm4_pcode":null,"adm3_name":"Lirya","adm3_name1":null,"adm3_name2":null,"adm3_name3":null,"adm3_pcode":"SS010107","adm2_name":"Juba","adm2_name1":null,"adm2_name2":null,"adm2_name3":null,"adm2_pcode":"SS0101","adm1_name":"Central Equatoria","adm1_name1":null,"adm1_name2":null,"adm1_name3":null,"adm1_pcode":"SS01","adm0_name":"South Sudan","adm0_name1":null,"adm0_name2":null,"adm0_name3":null,"adm0_pcode":"SS","valid_on":"2022-12-19","valid_to":null,"version":"v03","lang":"en","lang1":null,"lang2":null,"lang3":null},"geometry":{"type":"Point","coordinates":[32.07726915600017,4.676297805000104]}},
{"type":"Feature","properties":{"admin_level":3,"name":"Lokiliri","name1":null,"name2":null,"name3":null,"x_coord":31.965927,"y_coord":4.47752738,"adm4_name":null,"adm4_name1":null,"adm4_name2":null,"adm4_name3":null,"adm4_pcode":null,"adm3_name":"Lokiliri","adm3_name1":null,"adm3_name2":null,"adm3_name3":null,"adm3_pcode":"SS010108","adm2_name":"Juba","adm2_name1":null,"adm2_name2":null,"adm2_name3":null,"adm2_pcode":"SS0101","adm1_name":"Central Equatoria","adm1_name1":null,"adm1_name2":null,"adm1_name3":null,"adm1_pcode":"SS01","adm0_name":"South Sudan","adm0_name1":null,"adm0_name2":null,"adm0_name3":null,"adm0_pcode":"SS","valid_on":"2022-12-19","valid_to":null,"version":"v03","lang":"en","lang1":null,"lang2":null,"lang3":null},"geometry":{"type":"Point","coordinates":[31.965927003000161,4.477527378000104]}},
{"type":"Feature","properties":{"admin_level":3,"name":"Lobonok","name1":null,"name2":null,"name3":null,"x_coord":31.56670218,"y_coord":4.33509452,"adm4_name":null,"adm4_name1":null,"adm4_name2":null,"adm4_name3":null,"adm4_pcode":null,"adm3_name":"Lobonok","adm3_name1":null,"adm3_name2":null,"adm3_name3":null,"adm3_pcode":"SS010109","adm2_name":"Juba","adm2_name1":null,"adm2_name2":null,"adm2_name3":null,"adm2_pcode":"SS0101","adm1_name":"Central Equatoria","adm1_name1":null,"adm1_name2":null,"adm1_name3":null,"adm1_pcode":"SS01","adm0_name":"South Sudan","adm0_name1":null,"adm0_name2":null,"adm0_name3":null,"adm0_pcode":"SS","valid_on":"2022-12-19","valid_to":null,"version":"v03","lang":"en","lang1":null,"lang2":null,"lang3":null},"geometry":{"type":"Point","coordinates":[31.566702177000025,4.335094523000123]}},
{"type":"Feature","properties":{"admin_level":3,"name":"Mangala South","name1":null,"name2":null,"name3":null,"x_coord":31.95968072,"y_coord":4.97475506,"adm4_name":null,"adm4_name1":null,"adm4_name2":null,"adm4_name3":null,"adm4_pcode":null,"adm3_name":"Mangala South","adm3_name1":null,"adm3_name2":null,"adm3_name3":null,"adm3_pcode":"SS010110","adm2_name":"Juba","adm2_name1":null,"adm2_name2":null,"adm2_name3":null,"adm2_pcode":"SS0101","adm1_name":"Central Equatoria","adm1_name1":null,"adm1_name2":null,"adm1_name3":null,"adm1_pcode":"SS01","adm0_name":"South Sudan","adm0_name1":null,"adm0_name2":null,"adm0_name3":null,"adm0_pcode":"SS","valid_on":"2022-12-19","valid_to":null,"version":"v03","lang":"en","lang1":null,"lang2":null,"lang3":null},"geometry":{"type":"Point","coordinates":[31.959680722000144,4.97475506000012]}},
{"type":"Feature","properties":{"admin_level":3,"name":"Munuki","name1":null,"name2":null,"name3":null,"x_coord":31.57277842,"y_coord":4.83531881,"adm4_name":null,"adm4_name1":null,"adm4_name2":null,"adm4_name3":null,"adm4_pcode":null,"adm3_name":"Munuki","adm3_name1":null,"adm3_name2":null,"adm3_name3":null,"adm3_pcode":"SS010111","adm2_name":"Juba","adm2_name1":null,"adm2_name2":null,"adm2_name3":null,"adm2_pcode":"SS0101","adm1_name":"Central Equatoria","adm1_name1":null,"adm1_name2":null,"adm1_name3":null,"adm1_pcode":"SS01","adm0_name":"South Sudan","adm0_name1":null,"adm0_name2":null,"adm0_name3":null,"adm0_pcode":"SS","valid_on":"2022-12-19","valid_to":null,"version":"v03","lang":"en","lang1":null,"lang2":null,"lang3":null},"geometry":{"type":"Point","coordinates":[31.572778424000148,4.835318805000099]}},
{"type":"Feature","properties":{"admin_level":3,"name":"Northern Bari","name1":null,"name2":null,"name3":null,"x_coord":31.48960807,"y_coord":4.94574804,"adm4_name":null,"adm4_name1":null,"adm4_name2":null,"adm4_name3":null,"adm4_pcode":null,"adm3_name":"Northern Bari","adm3_name1":null,"adm3_name2":null,"adm3_name3":null,"adm3_pcode":"SS010112","adm2_name":"Juba","adm2_name1":null,"adm2_name2":null,"adm2_name3":null,"adm2_pcode":"SS0101","adm1_name":"Central Equatoria","adm1_name1":null,"adm1_name2":null,"adm1_name3":null,"adm1_pcode":"SS01","adm0_name":"South Sudan","adm0_name1":null,"adm0_name2":null,"adm0_name3":null,"adm0_pcode":"SS","valid_on":"2022-12-19","valid_to":null,"version":"v03","lang":"en","lang1":null,"lang2":null,"lang3":null},"geometry":{"type":"Point","coordinates":[31.48960806700012,4.945748040000069]}},
{"type":"Feature","properties":{"admin_level":3,"name":"Rejaf","name1":null,"name2":null,"name3":null,"x_coord":31.49648955,"y_coord":4.74835986,"adm4_name":null,"adm4_name1":null,"adm4_name2":null,"adm4_name3":null,"adm4_pcode":null,"adm3_name":"Rejaf","adm3_name1":null,"adm3_name2":null,"adm3_name3":null,"adm3_pcode":"SS010113","adm2_name":"Juba","adm2_name1":null,"adm2_name2":null,"adm2_name3":null,"adm2_pcode":"SS0101","adm1_name":"Central Equatoria","adm1_name1":null,"adm1_name2":null,"adm1_name3":null,"adm1_pcode":"SS01","adm0_name":"South Sudan","adm0_name1":null,"adm0_name2":null,"adm0_name3":null,"adm0_pcode":"SS","valid_on":"2022-12-19","valid_to":null,"version":"v03","lang":"en","lang1":null,"lang2":null,"lang3":null},"geometry":{"type":"Point","coordinates":[31.496489547000181,4.748359860000107]}},
{"type":"Feature","properties":{"admin_level":3,"name":"Rokon","name1":null,"name2":null,"name3":null,"x_coord":31.07630671,"y_coord":5.21320239,"adm4_name":null,"adm4_name1":null,"adm4_name2":null,"adm4_name3":null,"adm4_pcode":null,"adm3_name":"Rokon","adm3_name1":null,"adm3_name2":null,"adm3_name3":null,"adm3_pcode":"SS010114","adm2_name":"Juba","adm2_name1":null,"adm2_name2":null,"adm2_name3":null,"adm2_pcode":"SS0101","adm1_name":"Central Equatoria","adm1_name1":null,"adm1_name2":null,"adm1_name3":null,"adm1_pcode":"SS01","adm0_name":"South Sudan","adm0_name1":null,"adm0_name2":null,"adm0_name3":null,"adm0_pcode":"SS","valid_on":"2022-12-19","valid_to":null,"version":"v03","lang":"en","lang1":null,"lang2":null,"lang3":null},"geometry":{"type":"Point","coordinates":[31.076306713000065,5.213202390000049]}},
{"type":"Feature","properties":{"admin_level":3,"name":"Tijor","name1":null,"name2":null,"name3":null,"x_coord":31.43437973,"y_coord":5.13912785,"adm4_name":null,"adm4_name1":null,"adm4_name2":null,"adm4_name3":null,"adm4_pcode":null,"adm3_name":"Tijor","adm3_name1":null,"adm3_name2":null,"adm3_name3":null,"adm3_pcode":"SS010115","adm2_name":"Juba","adm2_name1":null,"adm2_name2":null,"adm2_name3":null,"adm2_pcode":"SS0101","adm1_name":"Central Equatoria","adm1_name1":null,"adm1_name2":null,"adm1_name3":null,"adm1_pcode":"SS01","adm0_name":"South Sudan","adm0_name1":null,"adm0_name2":null,"adm0_name3":null,"adm0_pcode":"SS","valid_on":"2022-12-19","valid_to":null,"version":"v03","lang":"en","lang1":null,"lang2":null,"lang3":null},"geometry":{"type":"Point","coordinates":[31.434379734000117,5.139127845000132]}},
{"type":"Feature","properties":{"admin_level":3,"name":"Wonduruba","name1":null,"name2":null,"name3":null,"x_coord":30.84279136,"y_coord":4.64573682,"adm4_name":null,"adm4_name1":null,"adm4_name2":null,"adm4_name3":null,"adm4_pcode":null,"adm3_name":"Wonduruba","adm3_name1":null,"adm3_name2":null,"adm3_name3":null,"adm3_pcode":"SS010116","adm2_name":"Juba","adm2_name1":null,"adm2_name2":null,"adm2_name3":null,"adm2_pcode":"SS0101","adm1_name":"Central Equatoria","adm1_name1":null,"adm1_name2":null,"adm1_name3":null,"adm1_pcode":"SS01","adm0_name":"South Sudan","adm0_name1":null,"adm0_name2":null,"adm0_name3":null,"adm0_pcode":"SS","valid_on":"2022-12-19","valid_to":null,"version":"v03","lang":"en","lang1":null,"lang2":null,"lang3":null},"geometry":{"type":"Point","coordinates":[30.842791362000071,4.645736820000025]}},
{"type":"Feature","properties":{"admin_level":3,"name":"Mangala North","name1":null,"name2":null,"name3":null,"x_coord":31.93596603,"y_coord":5.254713,"adm4_name":null,"adm4_name1":null,"adm4_name2":null,"adm4_name3":null,"adm4_pcode":null,"adm3_name":"Mangala North","adm3_name1":null,"adm3_name2":null,"adm3_name3":null,"adm3_pcode":"SS010117","adm2_name":"Juba","adm2_name1":null,"adm2_name2":null,"adm2_name3":null,"adm2_pcode":"SS0101","adm1_name":"Central Equatoria","adm1_name1":null,"adm1_name2":null,"adm1_name3":null,"adm1_pcode":"SS01","adm0_name":"South Sudan","adm0_name1":null,"adm0_name2":null,"adm0_name3":null,"adm0_pcode":"SS","valid_on":"2022-12-19","valid_to":null,"version":"v03","lang":"en","lang1":null,"lang2":null,"lang3":null},"geometry":{"type":"Point","coordinates":[31.935966030000145,5.25471300300012]}},
{"type":"Feature","properties":{"admin_level":3,"name":"Kangapo I","name1":null,"name2":null,"name3":null,"x_coord":31.73204576,"y_coord":3.82759103,"adm4_name":null,"adm4_name1":null,"adm4_name2":null,"adm4_name3":null,"adm4_pcode":null,"adm3_name":"Kangapo I","adm3_name1":null,"adm3_name2":null,"adm3_name3":null,"adm3_pcode":"SS010201","adm2_name":"Kajo-keji","adm2_name1":null,"adm2_name2":null,"adm2_name3":null,"adm2_pcode":"SS0102","adm1_name":"Central Equatoria","adm1_name1":null,"adm1_name2":null,"adm1_name3":null,"adm1_pcode":"SS01","adm0_name":"South Sudan","adm0_name1":null,"adm0_name2":null,"adm0_name3":null,"adm0_pcode":"SS","valid_on":"2022-12-19","valid_to":null,"version":"v03","lang":"en","lang1":null,"lang2":null,"lang3":null},"geometry":{"type":"Point","coordinates":[31.732045759000187,3.827591033000033]}},
{"type":"Feature","properties":{"admin_level":3,"name":"Kangapo II","name1":null,"name2":null,"name3":null,"x_coord":31.54861284,"y_coord":3.76433195,"adm4_name":null,"adm4_name1":null,"adm4_name2":null,"adm4_name3":null,"adm4_pcode":null,"adm3_name":"Kangapo II","adm3_name1":null,"adm3_name2":null,"adm3_name3":null,"adm3_pcode":"SS010202","adm2_name":"Kajo-keji","adm2_name1":null,"adm2_name2":null,"adm2_name3":null,"adm2_pcode":"SS0102","adm1_name":"Central Equatoria","adm1_name1":null,"adm1_name2":null,"adm1_name3":null,"adm1_pcode":"SS01","adm0_name":"South Sudan","adm0_name1":null,"adm0_name2":null,"adm0_name3":null,"adm0_pcode":"SS","valid_on":"2022-12-19","valid_to":null,"version":"v03","lang":"en","lang1":null,"lang2":null,"lang3":null},"geometry":{"type":"Point","coordinates":[31.548612837000064,3.764331945000151]}},
{"type":"Feature","properties":{"admin_level":3,"name":"Lire","name1":null,"name2":null,"name3":null,"x_coord":31.63838166,"y_coord":3.93683994,"adm4_name":null,"adm4_name1":null,"adm4_name2":null,"adm4_name3":null,"adm4_pcode":null,"adm3_name":"Lire","adm3_name1":null,"adm3_name2":null,"adm3_name3":null,"adm3_pcode":"SS010203","adm2_name":"Kajo-keji","adm2_name1":null,"adm2_name2":null,"adm2_name3":null,"adm2_pcode":"SS0102","adm1_name":"Central Equatoria","adm1_name1":null,"adm1_name2":null,"adm1_name3":null,"adm1_pcode":"SS01","adm0_name":"South Sudan","adm0_name1":null,"adm0_name2":null,"adm0_name3":null,"adm0_pcode":"SS","valid_on":"2022-12-19","valid_to":null,"version":"v03","lang":"en","lang1":null,"lang2":null,"lang3":null},"geometry":{"type":"Point","coordinates":[31.638381664000178,3.936839940000084]}},
{"type":"Feature","properties":{"admin_level":3,"name":"Liwolo","name1":null,"name2":null,"name3":null,"x_coord":31.27861996,"y_coord":3.90511967,"adm4_name":null,"adm4_name1":null,"adm4_name2":null,"adm4_name3":null,"adm4_pcode":null,"adm3_name":"Liwolo","adm3_name1":null,"adm3_name2":null,"adm3_name3":null,"adm3_pcode":"SS010204","adm2_name":"Kajo-keji","adm2_name1":null,"adm2_name2":null,"adm2_name3":null,"adm2_pcode":"SS0102","adm1_name":"Central Equatoria","adm1_name1":null,"adm1_name2":null,"adm1_name3":null,"adm1_pcode":"SS01","adm0_name":"South Sudan","adm0_name1":null,"adm0_name2":null,"adm0_name3":null,"adm0_pcode":"SS","valid_on":"2022-12-19","valid_to":null,"version":"v03","lang":"en","lang1":null,"lang2":null,"lang3":null},"geometry":{"type":"Point","coordinates":[31.278619964000143,3.905119664999972]}},
{"type":"Feature","properties":{"admin_level":3,"name":"Nyepo","name1":null,"name2":null,"name3":null,"x_coord":31.50002314,"y_coord":3.99222959,"adm4_name":null,"adm4_name1":null,"adm4_name2":null,"adm4_name3":null,"adm4_pcode":null,"adm3_name":"Nyepo","adm3_name1":null,"adm3_name2":null,"adm3_name3":null,"adm3_pcode":"SS010205","adm2_name":"Kajo-keji","adm2_name1":null,"adm2_name2":null,"adm2_name3":null,"adm2_pcode":"SS0102","adm1_name":"Central Equatoria","adm1_name1":null,"adm1_name2":null,"adm1_name3":null,"adm1_pcode":"SS01","adm0_name":"South Sudan","adm0_name1":null,"adm0_name2":null,"adm0_name3":null,"adm0_pcode":"SS","valid_on":"2022-12-19","valid_to":null,"version":"v03","lang":"en","lang1":null,"lang2":null,"lang3":null},"geometry":{"type":"Point","coordinates":[31.500023144000068,3.992229585000132]}},
{"type":"Feature","properties":{"admin_level":3,"name":"Kenyi","name1":null,"name2":null,"name3":null,"x_coord":30.93832021,"y_coord":4.23035037,"adm4_name":null,"adm4_name1":null,"adm4_name2":null,"adm4_name3":null,"adm4_pcode":null,"adm3_name":"Kenyi","adm3_name1":null,"adm3_name2":null,"adm3_name3":null,"adm3_pcode":"SS010301","adm2_name":"Lainya","adm2_name1":null,"adm2_name2":null,"adm2_name3":null,"adm2_pcode":"SS0103","adm1_name":"Central Equatoria","adm1_name1":null,"adm1_name2":null,"adm1_name3":null,"adm1_pcode":"SS01","adm0_name":"South Sudan","adm0_name1":null,"adm0_name2":null,"adm0_name3":null,"adm0_pcode":"SS","valid_on":"2022-12-19","valid_to":null,"version":"v03","lang":"en","lang1":null,"lang2":null,"lang3":null},"geometry":{"type":"Point","coordinates":[30.938320208000107,4.23035037000011]}},
{"type":"Feature","properties":{"admin_level":3,"name":"Kupera","name1":null,"name2":null,"name3":null,"x_coord":30.97018993,"y_coord":4.0384337,"adm4_name":null,"adm4_name1":null,"adm4_name2":null,"adm4_name3":null,"adm4_pcode":null,"adm3_name":"Kupera","adm3_name1":null,"adm3_name2":null,"adm3_name3":null,"adm3_pcode":"SS010302","adm2_name":"Lainya","adm2_name1":null,"adm2_name2":null,"adm2_name3":null,"adm2_pcode":"SS0103","adm1_name":"Central Equatoria","adm1_name1":null,"adm1_name2":null,"adm1_name3":null,"adm1_pcode":"SS01","adm0_name":"South Sudan","adm0_name1":null,"adm0_name2":null,"adm0_name3":null,"adm0_pcode":"SS","valid_on":"2022-12-19","valid_to":null,"version":"v03","lang":"en","lang1":null,"lang2":null,"lang3":null},"geometry":{"type":"Point","coordinates":[30.970189930000174,4.038433695000151]}},
{"type":"Feature","properties":{"admin_level":3,"name":"Lainya","name1":null,"name2":null,"name3":null,"x_coord":31.01521439,"y_coord":4.39194313,"adm4_name":null,"adm4_name1":null,"adm4_name2":null,"adm4_name3":null,"adm4_pcode":null,"adm3_name":"Lainya","adm3_name1":null,"adm3_name2":null,"adm3_name3":null,"adm3_pcode":"SS010303","adm2_name":"Lainya","adm2_name1":null,"adm2_name2":null,"adm2_name3":null,"adm2_pcode":"SS0103","adm1_name":"Central Equatoria","adm1_name1":null,"adm1_name2":null,"adm1_name3":null,"adm1_pcode":"SS01","adm0_name":"South Sudan","adm0_name1":null,"adm0_name2":null,"adm0_name3":null,"adm0_pcode":"SS","valid_on":"2022-12-19","valid_to":null,"version":"v03","lang":"en","lang1":null,"lang2":null,"lang3":null},"geometry":{"type":"Point","coordinates":[31.015214385000093,4.391943134000087]}},
{"type":"Feature","properties":{"admin_level":3,"name":"Mukaya","name1":null,"name2":null,"name3":null,"x_coord":30.73139819,"y_coord":4.3906244,"adm4_name":null,"adm4_name1":null,"adm4_name2":null,"adm4_name3":null,"adm4_pcode":null,"adm3_name":"Mukaya","adm3_name1":null,"adm3_name2":null,"adm3_name3":null,"adm3_pcode":"SS010304","adm2_name":"Lainya","adm2_name1":null,"adm2_name2":null,"adm2_name3":null,"adm2_pcode":"SS0103","adm1_name":"Central Equatoria","adm1_name1":null,"adm1_name2":null,"adm1_name3":null,"adm1_pcode":"SS01","adm0_name":"South Sudan","adm0_name1":null,"adm0_name2":null,"adm0_name3":null,"adm0_pcode":"SS","valid_on":"2022-12-19","valid_to":null,"version":"v03","lang":"en","lang1":null,"lang2":null,"lang3":null},"geometry":{"type":"Point","coordinates":[30.731398192000029,4.390624395000145]}},
{"type":"Feature","properties":{"admin_level":3,"name":"Wuji","name1":null,"name2":null,"name3":null,"x_coord":31.06925412,"y_coord":3.9447045,"adm4_name":null,"adm4_name1":null,"adm4_name2":null,"adm4_name3":null,"adm4_pcode":null,"adm3_name":"Wuji","adm3_name1":null,"adm3_name2":null,"adm3_name3":null,"adm3_pcode":"SS010305","adm2_name":"Lainya","adm2_name1":null,"adm2_name2":null,"adm2_name3":null,"adm2_pcode":"SS0103","adm1_name":"Central Equatoria","adm1_name1":null,"adm1_name2":null,"adm1_name3":null,"adm1_pcode":"SS01","adm0_name":"South Sudan","adm0_name1":null,"adm0_name2":null,"adm0_name3":null,"adm0_pcode":"SS","valid_on":"2022-12-19","valid_to":null,"version":"v03","lang":"en","lang1":null,"lang2":null,"lang3":null},"geometry":{"type":"Point","coordinates":[31.069254125000043,3.944704500000114]}},
{"type":"Feature","properties":{"admin_level":3,"name":"Gulumbi","name1":null,"name2":null,"name3":null,"x_coord":30.81544191,"y_coord":3.68830638,"adm4_name":null,"adm4_name1":null,"adm4_name2":null,"adm4_name3":null,"adm4_pcode":null,"adm3_name":"Gulumbi","adm3_name1":null,"adm3_name2":null,"adm3_name3":null,"adm3_pcode":"SS010401","adm2_name":"Morobo","adm2_name1":null,"adm2_name2":null,"adm2_name3":null,"adm2_pcode":"SS0104","adm1_name":"Central Equatoria","adm1_name1":null,"adm1_name2":null,"adm1_name3":null,"adm1_pcode":"SS01","adm0_name":"South Sudan","adm0_name1":null,"adm0_name2":null,"adm0_name3":null,"adm0_pcode":"SS","valid_on":"2022-12-19","valid_to":null,"version":"v03","lang":"en","lang1":null,"lang2":null,"lang3":null},"geometry":{"type":"Point","coordinates":[30.815441912000097,3.688306380000142]}},
{"type":"Feature","properties":{"admin_level":3,"name":"Kimba","name1":null,"name2":null,"name3":null,"x_coord":30.87203389,"y_coord":3.60618451,"adm4_name":null,"adm4_name1":null,"adm4_name2":null,"adm4_name3":null,"adm4_pcode":null,"adm3_name":"Kimba","adm3_name1":null,"adm3_name2":null,"adm3_name3":null,"adm3_pcode":"SS010402","adm2_name":"Morobo","adm2_name1":null,"adm2_name2":null,"adm2_name3":null,"adm2_pcode":"SS0104","adm1_name":"Central Equatoria","adm1_name1":null,"adm1_name2":null,"adm1_name3":null,"adm1_pcode":"SS01","adm0_name":"South Sudan","adm0_name1":null,"adm0_name2":null,"adm0_name3":null,"adm0_pcode":"SS","valid_on":"2022-12-19","valid_to":null,"version":"v03","lang":"en","lang1":null,"lang2":null,"lang3":null},"geometry":{"type":"Point","coordinates":[30.872033889000136,3.60618451300013]}},
{"type":"Feature","properties":{"admin_level":3,"name":"Lujulo","name1":null,"name2":null,"name3":null,"x_coord":30.70523507,"y_coord":3.70889298,"adm4_name":null,"adm4_name1":null,"adm4_name2":null,"adm4_name3":null,"adm4_pcode":null,"adm3_name":"Lujulo","adm3_name1":null,"adm3_name2":null,"adm3_name3":null,"adm3_pcode":"SS010403","adm2_name":"Morobo","adm2_name1":null,"adm2_name2":null,"adm2_name3":null,"adm2_pcode":"SS0104","adm1_name":"Central Equatoria","adm1_name1":null,"adm1_name2":null,"adm1_name3":null,"adm1_pcode":"SS01","adm0_name":"South Sudan","adm0_name1":null,"adm0_name2":null,"adm0_name3":null,"adm0_pcode":"SS","valid_on":"2022-12-19","valid_to":null,"version":"v03","lang":"en","lang1":null,"lang2":null,"lang3":null},"geometry":{"type":"Point","coordinates":[30.705235070000128,3.708892980000087]}},
{"type":"Feature","properties":{"admin_level":3,"name":"Panyume","name1":null,"name2":null,"name3":null,"x_coord":30.94416141,"y_coord":3.81977033,"adm4_name":null,"adm4_name1":null,"adm4_name2":null,"adm4_name3":null,"adm4_pcode":null,"adm3_name":"Panyume","adm3_name1":null,"adm3_name2":null,"adm3_name3":null,"adm3_pcode":"SS010404","adm2_name":"Morobo","adm2_name1":null,"adm2_name2":null,"adm2_name3":null,"adm2_pcode":"SS0104","adm1_name":"Central Equatoria","adm1_name1":null,"adm1_name2":null,"adm1_name3":null,"adm1_pcode":"SS01","adm0_name":"South Sudan","adm0_name1":null,"adm0_name2":null,"adm0_name3":null,"adm0_pcode":"SS","valid_on":"2022-12-19","valid_to":null,"version":"v03","lang":"en","lang1":null,"lang2":null,"lang3":null},"geometry":{"type":"Point","coordinates":[30.944161407000138,3.819770328000175]}},
{"type":"Feature","properties":{"admin_level":3,"name":"Wudabi","name1":null,"name2":null,"name3":null,"x_coord":30.61882525,"y_coord":3.71533391,"adm4_name":null,"adm4_name1":null,"adm4_name2":null,"adm4_name3":null,"adm4_pcode":null,"adm3_name":"Wudabi","adm3_name1":null,"adm3_name2":null,"adm3_name3":null,"adm3_pcode":"SS010405","adm2_name":"Morobo","adm2_name1":null,"adm2_name2":null,"adm2_name3":null,"adm2_pcode":"SS0104","adm1_name":"Central Equatoria","adm1_name1":null,"adm1_name2":null,"adm1_name3":null,"adm1_pcode":"SS01","adm0_name":"South Sudan","adm0_name1":null,"adm0_name2":null,"adm0_name3":null,"adm0_pcode":"SS","valid_on":"2022-12-19","valid_to":null,"version":"v03","lang":"en","lang1":null,"lang2":null,"lang3":null},"geometry":{"type":"Point","coordinates":[30.618825252000192,3.715333911000016]}},
{"type":"Feature","properties":{"admin_level":3,"name":"Gameiza","name1":null,"name2":null,"name3":null,"x_coord":31.95219201,"y_coord":5.61306146,"adm4_name":null,"adm4_name1":null,"adm4_name2":null,"adm4_name3":null,"adm4_pcode":null,"adm3_name":"Gameiza","adm3_name1":null,"adm3_name2":null,"adm3_name3":null,"adm3_pcode":"SS010501","adm2_name":"Terekeka","adm2_name1":null,"adm2_name2":null,"adm2_name3":null,"adm2_pcode":"SS0105","adm1_name":"Central Equatoria","adm1_name1":null,"adm1_name2":null,"adm1_name3":null,"adm1_pcode":"SS01","adm0_name":"South Sudan","adm0_name1":null,"adm0_name2":null,"adm0_name3":null,"adm0_pcode":"SS","valid_on":"2022-12-19","valid_to":null,"version":"v03","lang":"en","lang1":null,"lang2":null,"lang3":null},"geometry":{"type":"Point","coordinates":[31.952192008000111,5.61306145500015]}},
{"type":"Feature","properties":{"admin_level":3,"name":"Muni","name1":null,"name2":null,"name3":null,"x_coord":31.73994215,"y_coord":5.65332305,"adm4_name":null,"adm4_name1":null,"adm4_name2":null,"adm4_name3":null,"adm4_pcode":null,"adm3_name":"Muni","adm3_name1":null,"adm3_name2":null,"adm3_name3":null,"adm3_pcode":"SS010502","adm2_name":"Terekeka","adm2_name1":null,"adm2_name2":null,"adm2_name3":null,"adm2_pcode":"SS0105","adm1_name":"Central Equatoria","adm1_name1":null,"adm1_name2":null,"adm1_name3":null,"adm1_pcode":"SS01","adm0_name":"South Sudan","adm0_name1":null,"adm0_name2":null,"adm0_name3":null,"adm0_pcode":"SS","valid_on":"2022-12-19","valid_to":null,"version":"v03","lang":"en","lang1":null,"lang2":null,"lang3":null},"geometry":{"type":"Point","coordinates":[31.739942147000193,5.653323045000036]}},
{"type":"Feature","properties":{"admin_level":3,"name":"Nyori","name1":null,"name2":null,"name3":null,"x_coord":31.65838059,"y_coord":5.26079844,"adm4_name":null,"adm4_name1":null,"adm4_name2":null,"adm4_name3":null,"adm4_pcode":null,"adm3_name":"Nyori","adm3_name1":null,"adm3_name2":null,"adm3_name3":null,"adm3_pcode":"SS010503","adm2_name":"Terekeka","adm2_name1":null,"adm2_name2":null,"adm2_name3":null,"adm2_pcode":"SS0105","adm1_name":"Central Equatoria","adm1_name1":null,"adm1_name2":null,"adm1_name3":null,"adm1_pcode":"SS01","adm0_name":"South Sudan","adm0_name1":null,"adm0_name2":null,"adm0_name3":null,"adm0_pcode":"SS","valid_on":"2022-12-19","valid_to":null,"version":"v03","lang":"en","lang1":null,"lang2":null,"lang3":null},"geometry":{"type":"Point","coordinates":[31.658380590000036,5.26079843600013]}},
{"type":"Feature","properties":{"admin_level":3,"name":"Reggo","name1":null,"name2":null,"name3":null,"x_coord":31.52545732,"y_coord":5.41827887,"adm4_name":null,"adm4_name1":null,"adm4_name2":null,"adm4_name3":null,"adm4_pcode":null,"adm3_name":"Reggo","adm3_name1":null,"adm3_name2":null,"adm3_name3":null,"adm3_pcode":"SS010504","adm2_name":"Terekeka","adm2_name1":null,"adm2_name2":null,"adm2_name3":null,"adm2_pcode":"SS0105","adm1_name":"Central Equatoria","adm1_name1":null,"adm1_name2":null,"adm1_name3":null,"adm1_pcode":"SS01","adm0_name":"South Sudan","adm0_name1":null,"adm0_name2":null,"adm0_name3":null,"adm0_pcode":"SS","valid_on":"2022-12-19","valid_to":null,"version":"v03","lang":"en","lang1":null,"lang2":null,"lang3":null},"geometry":{"type":"Point","coordinates":[31.525457325000161,5.418278865000104]}},
{"type":"Feature","properties":{"admin_level":3,"name":"Rijong","name1":null,"name2":null,"name3":null,"x_coord":31.3366927,"y_coord":5.58880925,"adm4_name":null,"adm4_name1":null,"adm4_name2":null,"adm4_name3":null,"adm4_pcode":null,"adm3_name":"Rijong","adm3_name1":null,"adm3_name2":null,"adm3_name3":null,"adm3_pcode":"SS010505","adm2_name":"Terekeka","adm2_name1":null,"adm2_name2":null,"adm2_name3":null,"adm2_pcode":"SS0105","adm1_name":"Central Equatoria","adm1_name1":null,"adm1_name2":null,"adm1_name3":null,"adm1_pcode":"SS01","adm0_name":"South Sudan","adm0_name1":null,"adm0_name2":null,"adm0_name3":null,"adm0_pcode":"SS","valid_on":"2022-12-19","valid_to":null,"version":"v03","lang":"en","lang1":null,"lang2":null,"lang3":null},"geometry":{"type":"Point","coordinates":[31.336692700000071,5.588809245000107]}},
{"type":"Feature","properties":{"admin_level":3,"name":"Tali","name1":null,"name2":null,"name3":null,"x_coord":30.71015117,"y_coord":5.94065953,"adm4_name":null,"adm4_name1":null,"adm4_name2":null,"adm4_name3":null,"adm4_pcode":null,"adm3_name":"Tali","adm3_name1":null,"adm3_name2":null,"adm3_name3":null,"adm3_pcode":"SS010506","adm2_name":"Terekeka","adm2_name1":null,"adm2_name2":null,"adm2_name3":null,"adm2_pcode":"SS0105","adm1_name":"Central Equatoria","adm1_name1":null,"adm1_name2":null,"adm1_name3":null,"adm1_pcode":"SS01","adm0_name":"South Sudan","adm0_name1":null,"adm0_name2":null,"adm0_name3":null,"adm0_pcode":"SS","valid_on":"2022-12-19","valid_to":null,"version":"v03","lang":"en","lang1":null,"lang2":null,"lang3":null},"geometry":{"type":"Point","coordinates":[30.710151171000177,5.940659526000047]}},
{"type":"Feature","properties":{"admin_level":3,"name":"Terekeka","name1":null,"name2":null,"name3":null,"x_coord":31.771581,"y_coord":5.46117311,"adm4_name":null,"adm4_name1":null,"adm4_name2":null,"adm4_name3":null,"adm4_pcode":null,"adm3_name":"Terekeka","adm3_name1":null,"adm3_name2":null,"adm3_name3":null,"adm3_pcode":"SS010507","adm2_name":"Terekeka","adm2_name1":null,"adm2_name2":null,"adm2_name3":null,"adm2_pcode":"SS0105","adm1_name":"Central Equatoria","adm1_name1":null,"adm1_name2":null,"adm1_name3":null,"adm1_pcode":"SS01","adm0_name":"South Sudan","adm0_name1":null,"adm0_name2":null,"adm0_name3":null,"adm0_pcode":"SS","valid_on":"2022-12-19","valid_to":null,"version":"v03","lang":"en","lang1":null,"lang2":null,"lang3":null},"geometry":{"type":"Point","coordinates":[31.771580997000171,5.461173115000065]}},
{"type":"Feature","properties":{"admin_level":3,"name":"Tindilo","name1":null,"name2":null,"name3":null,"x_coord":31.04651446,"y_coord":5.66954019,"adm4_name":null,"adm4_name1":null,"adm4_name2":null,"adm4_name3":null,"adm4_pcode":null,"adm3_name":"Tindilo","adm3_name1":null,"adm3_name2":null,"adm3_name3":null,"adm3_pcode":"SS010508","adm2_name":"Terekeka","adm2_name1":null,"adm2_name2":null,"adm2_name3":null,"adm2_pcode":"SS0105","adm1_name":"Central Equatoria","adm1_name1":null,"adm1_name2":null,"adm1_name3":null,"adm1_pcode":"SS01","adm0_name":"South Sudan","adm0_name1":null,"adm0_name2":null,"adm0_name3":null,"adm0_pcode":"SS","valid_on":"2022-12-19","valid_to":null,"version":"v03","lang":"en","lang1":null,"lang2":null,"lang3":null},"geometry":{"type":"Point","coordinates":[31.046514458,5.669540190000077]}},
{"type":"Feature","properties":{"admin_level":3,"name":"Tombek","name1":null,"name2":null,"name3":null,"x_coord":31.65975304,"y_coord":5.75243833,"adm4_name":null,"adm4_name1":null,"adm4_name2":null,"adm4_name3":null,"adm4_pcode":null,"adm3_name":"Tombek","adm3_name1":null,"adm3_name2":null,"adm3_name3":null,"adm3_pcode":"SS010509","adm2_name":"Terekeka","adm2_name1":null,"adm2_name2":null,"adm2_name3":null,"adm2_pcode":"SS0105","adm1_name":"Central Equatoria","adm1_name1":null,"adm1_name2":null,"adm1_name3":null,"adm1_pcode":"SS01","adm0_name":"South Sudan","adm0_name1":null,"adm0_name2":null,"adm0_name3":null,"adm0_pcode":"SS","valid_on":"2022-12-19","valid_to":null,"version":"v03","lang":"en","lang1":null,"lang2":null,"lang3":null},"geometry":{"type":"Point","coordinates":[31.65975303700003,5.752438335000136]}},
{"type":"Feature","properties":{"admin_level":3,"name":"Lasu","name1":null,"name2":null,"name3":null,"x_coord":30.34155783,"y_coord":4.01525411,"adm4_name":null,"adm4_name1":null,"adm4_name2":null,"adm4_name3":null,"adm4_pcode":null,"adm3_name":"Lasu","adm3_name1":null,"adm3_name2":null,"adm3_name3":null,"adm3_pcode":"SS010601","adm2_name":"Yei","adm2_name1":null,"adm2_name2":null,"adm2_name3":null,"adm2_pcode":"SS0106","adm1_name":"Central Equatoria","adm1_name1":null,"adm1_name2":null,"adm1_name3":null,"adm1_pcode":"SS01","adm0_name":"South Sudan","adm0_name1":null,"adm0_name2":null,"adm0_name3":null,"adm0_pcode":"SS","valid_on":"2022-12-19","valid_to":null,"version":"v03","lang":"en","lang1":null,"lang2":null,"lang3":null},"geometry":{"type":"Point","coordinates":[30.341557826000098,4.015254105]}},
{"type":"Feature","properties":{"admin_level":3,"name":"Mugwo","name1":null,"name2":null,"name3":null,"x_coord":30.76880211,"y_coord":3.90909551,"adm4_name":null,"adm4_name1":null,"adm4_name2":null,"adm4_name3":null,"adm4_pcode":null,"adm3_name":"Mugwo","adm3_name1":null,"adm3_name2":null,"adm3_name3":null,"adm3_pcode":"SS010602","adm2_name":"Yei","adm2_name1":null,"adm2_name2":null,"adm2_name3":null,"adm2_pcode":"SS0106","adm1_name":"Central Equatoria","adm1_name1":null,"adm1_name2":null,"adm1_name3":null,"adm1_pcode":"SS01","adm0_name":"South Sudan","adm0_name1":null,"adm0_name2":null,"adm0_name3":null,"adm0_pcode":"SS","valid_on":"2022-12-19","valid_to":null,"version":"v03","lang":"en","lang1":null,"lang2":null,"lang3":null},"geometry":{"type":"Point","coordinates":[30.76880211200006,3.909095505000153]}},
{"type":"Feature","properties":{"admin_level":3,"name":"Otogo","name1":null,"name2":null,"name3":null,"x_coord":30.58463383,"y_coord":3.97493564,"adm4_name":null,"adm4_name1":null,"adm4_name2":null,"adm4_name3":null,"adm4_pcode":null,"adm3_name":"Otogo","adm3_name1":null,"adm3_name2":null,"adm3_name3":null,"adm3_pcode":"SS010603","adm2_name":"Yei","adm2_name1":null,"adm2_name2":null,"adm2_name3":null,"adm2_pcode":"SS0106","adm1_name":"Central Equatoria","adm1_name1":null,"adm1_name2":null,"adm1_name3":null,"adm1_pcode":"SS01","adm0_name":"South Sudan","adm0_name1":null,"adm0_name2":null,"adm0_name3":null,"adm0_pcode":"SS","valid_on":"2022-12-19","valid_to":null,"version":"v03","lang":"en","lang1":null,"lang2":null,"lang3":null},"geometry":{"type":"Point","coordinates":[30.58463383000003,3.974935635000065]}},
{"type":"Feature","properties":{"admin_level":3,"name":"Tore","name1":null,"name2":null,"name3":null,"x_coord":30.17960345,"y_coord":4.37610022,"adm4_name":null,"adm4_name1":null,"adm4_name2":null,"adm4_name3":null,"adm4_pcode":null,"adm3_name":"Tore","adm3_name1":null,"adm3_name2":null,"adm3_name3":null,"adm3_pcode":"SS010604","adm2_name":"Yei","adm2_name1":null,"adm2_name2":null,"adm2_name3":null,"adm2_pcode":"SS0106","adm1_name":"Central Equatoria","adm1_name1":null,"adm1_name2":null,"adm1_name3":null,"adm1_pcode":"SS01","adm0_name":"South Sudan","adm0_name1":null,"adm0_name2":null,"adm0_name3":null,"adm0_pcode":"SS","valid_on":"2022-12-19","valid_to":null,"version":"v03","lang":"en","lang1":null,"lang2":null,"lang3":null},"geometry":{"type":"Point","coordinates":[30.179603451000162,4.37610021900008]}},
{"type":"Feature","properties":{"admin_level":3,"name":"Yei","name1":null,"name2":null,"name3":null,"x_coord":30.74356881,"y_coord":4.07081088,"adm4_name":null,"adm4_name1":null,"adm4_name2":null,"adm4_name3":null,"adm4_pcode":null,"adm3_name":"Yei","adm3_name1":null,"adm3_name2":null,"adm3_name3":null,"adm3_pcode":"SS010605","adm2_name":"Yei","adm2_name1":null,"adm2_name2":null,"adm2_name3":null,"adm2_pcode":"SS0106","adm1_name":"Central Equatoria","adm1_name1":null,"adm1_name2":null,"adm1_name3":null,"adm1_pcode":"SS01","adm0_name":"South Sudan","adm0_name1":null,"adm0_name2":null,"adm0_name3":null,"adm0_pcode":"SS","valid_on":"2022-12-19","valid_to":null,"version":"v03","lang":"en","lang1":null,"lang2":null,"lang3":null},"geometry":{"type":"Point","coordinates":[30.743568809000067,4.070810880000067]}},
{"type":"Feature","properties":{"admin_level":3,"name":"Kimotong","name1":null,"name2":null,"name3":null,"x_coord":33.28688073,"y_coord":4.59026964,"adm4_name":null,"adm4_name1":null,"adm4_name2":null,"adm4_name3":null,"adm4_pcode":null,"adm3_name":"Kimotong","adm3_name1":null,"adm3_name2":null,"adm3_name3":null,"adm3_pcode":"SS020101","adm2_name":"Budi","adm2_name1":null,"adm2_name2":null,"adm2_name3":null,"adm2_pcode":"SS0201","adm1_name":"Eastern Equatoria","adm1_name1":null,"adm1_name2":null,"adm1_name3":null,"adm1_pcode":"SS02","adm0_name":"South Sudan","adm0_name1":null,"adm0_name2":null,"adm0_name3":null,"adm0_pcode":"SS","valid_on":"2022-12-19","valid_to":null,"version":"v03","lang":"en","lang1":null,"lang2":null,"lang3":null},"geometry":{"type":"Point","coordinates":[33.286880732000043,4.590269640000031]}},
{"type":"Feature","properties":{"admin_level":3,"name":"Komori","name1":null,"name2":null,"name3":null,"x_coord":33.46774085,"y_coord":4.10526607,"adm4_name":null,"adm4_name1":null,"adm4_name2":null,"adm4_name3":null,"adm4_pcode":null,"adm3_name":"Komori","adm3_name1":null,"adm3_name2":null,"adm3_name3":null,"adm3_pcode":"SS020102","adm2_name":"Budi","adm2_name1":null,"adm2_name2":null,"adm2_name3":null,"adm2_pcode":"SS0201","adm1_name":"Eastern Equatoria","adm1_name1":null,"adm1_name2":null,"adm1_name3":null,"adm1_pcode":"SS02","adm0_name":"South Sudan","adm0_name1":null,"adm0_name2":null,"adm0_name3":null,"adm0_pcode":"SS","valid_on":"2022-12-19","valid_to":null,"version":"v03","lang":"en","lang1":null,"lang2":null,"lang3":null},"geometry":{"type":"Point","coordinates":[33.467740850000098,4.105266071000074]}},
{"type":"Feature","properties":{"admin_level":3,"name":"Nauro","name1":null,"name2":null,"name3":null,"x_coord":33.5574408,"y_coord":4.45050044,"adm4_name":null,"adm4_name1":null,"adm4_name2":null,"adm4_name3":null,"adm4_pcode":null,"adm3_name":"Nauro","adm3_name1":null,"adm3_name2":null,"adm3_name3":null,"adm3_pcode":"SS020103","adm2_name":"Budi","adm2_name1":null,"adm2_name2":null,"adm2_name3":null,"adm2_pcode":"SS0201","adm1_name":"Eastern Equatoria","adm1_name1":null,"adm1_name2":null,"adm1_name3":null,"adm1_pcode":"SS02","adm0_name":"South Sudan","adm0_name1":null,"adm0_name2":null,"adm0_name3":null,"adm0_pcode":"SS","valid_on":"2022-12-19","valid_to":null,"version":"v03","lang":"en","lang1":null,"lang2":null,"lang3":null},"geometry":{"type":"Point","coordinates":[33.55744079800013,4.450500439000052]}},
{"type":"Feature","properties":{"admin_level":3,"name":"Loriyok","name1":null,"name2":null,"name3":null,"x_coord":33.49783238,"y_coord":4.55928462,"adm4_name":null,"adm4_name1":null,"adm4_name2":null,"adm4_name3":null,"adm4_pcode":null,"adm3_name":"Loriyok","adm3_name1":null,"adm3_name2":null,"adm3_name3":null,"adm3_pcode":"SS020104","adm2_name":"Budi","adm2_name1":null,"adm2_name2":null,"adm2_name3":null,"adm2_pcode":"SS0201","adm1_name":"Eastern Equatoria","adm1_name1":null,"adm1_name2":null,"adm1_name3":null,"adm1_pcode":"SS02","adm0_name":"South Sudan","adm0_name1":null,"adm0_name2":null,"adm0_name3":null,"adm0_pcode":"SS","valid_on":"2022-12-19","valid_to":null,"version":"v03","lang":"en","lang1":null,"lang2":null,"lang3":null},"geometry":{"type":"Point","coordinates":[33.497832382000126,4.559284619999971]}},
{"type":"Feature","properties":{"admin_level":3,"name":"Lotukei","name1":null,"name2":null,"name3":null,"x_coord":33.77081162,"y_coord":4.13053236,"adm4_name":null,"adm4_name1":null,"adm4_name2":null,"adm4_name3":null,"adm4_pcode":null,"adm3_name":"Lotukei","adm3_name1":null,"adm3_name2":null,"adm3_name3":null,"adm3_pcode":"SS020105","adm2_name":"Budi","adm2_name1":null,"adm2_name2":null,"adm2_name3":null,"adm2_pcode":"SS0201","adm1_name":"Eastern Equatoria","adm1_name1":null,"adm1_name2":null,"adm1_name3":null,"adm1_pcode":"SS02","adm0_name":"South Sudan","adm0_name1":null,"adm0_name2":null,"adm0_name3":null,"adm0_pcode":"SS","valid_on":"2022-12-19","valid_to":null,"version":"v03","lang":"en","lang1":null,"lang2":null,"lang3":null},"geometry":{"type":"Point","coordinates":[33.770811619000085,4.130532355000014]}},
{"type":"Feature","properties":{"admin_level":3,"name":"Loudo","name1":null,"name2":null,"name3":null,"x_coord":33.69794798,"y_coord":4.27225725,"adm4_name":null,"adm4_name1":null,"adm4_name2":null,"adm4_name3":null,"adm4_pcode":null,"adm3_name":"Loudo","adm3_name1":null,"adm3_name2":null,"adm3_name3":null,"adm3_pcode":"SS020106","adm2_name":"Budi","adm2_name1":null,"adm2_name2":null,"adm2_name3":null,"adm2_pcode":"SS0201","adm1_name":"Eastern Equatoria","adm1_name1":null,"adm1_name2":null,"adm1_name3":null,"adm1_pcode":"SS02","adm0_name":"South Sudan","adm0_name1":null,"adm0_name2":null,"adm0_name3":null,"adm0_pcode":"SS","valid_on":"2022-12-19","valid_to":null,"version":"v03","lang":"en","lang1":null,"lang2":null,"lang3":null},"geometry":{"type":"Point","coordinates":[33.697947979999981,4.272257250000052]}},
{"type":"Feature","properties":{"admin_level":3,"name":"Nagishot","name1":null,"name2":null,"name3":null,"x_coord":33.56947113,"y_coord":4.28130522,"adm4_name":null,"adm4_name1":null,"adm4_name2":null,"adm4_name3":null,"adm4_pcode":null,"adm3_name":"Nagishot","adm3_name1":null,"adm3_name2":null,"adm3_name3":null,"adm3_pcode":"SS020107","adm2_name":"Budi","adm2_name1":null,"adm2_name2":null,"adm2_name3":null,"adm2_pcode":"SS0201","adm1_name":"Eastern Equatoria","adm1_name1":null,"adm1_name2":null,"adm1_name3":null,"adm1_pcode":"SS02","adm0_name":"South Sudan","adm0_name1":null,"adm0_name2":null,"adm0_name3":null,"adm0_pcode":"SS","valid_on":"2022-12-19","valid_to":null,"version":"v03","lang":"en","lang1":null,"lang2":null,"lang3":null},"geometry":{"type":"Point","coordinates":[33.569471125000121,4.281305220000149]}},
{"type":"Feature","properties":{"admin_level":3,"name":"Napak","name1":null,"name2":null,"name3":null,"x_coord":33.18454203,"y_coord":4.72685895,"adm4_name":null,"adm4_name1":null,"adm4_name2":null,"adm4_name3":null,"adm4_pcode":null,"adm3_name":"Napak","adm3_name1":null,"adm3_name2":null,"adm3_name3":null,"adm3_pcode":"SS020108","adm2_name":"Budi","adm2_name1":null,"adm2_name2":null,"adm2_name3":null,"adm2_pcode":"SS0201","adm1_name":"Eastern Equatoria","adm1_name1":null,"adm1_name2":null,"adm1_name3":null,"adm1_pcode":"SS02","adm0_name":"South Sudan","adm0_name1":null,"adm0_name2":null,"adm0_name3":null,"adm0_pcode":"SS","valid_on":"2022-12-19","valid_to":null,"version":"v03","lang":"en","lang1":null,"lang2":null,"lang3":null},"geometry":{"type":"Point","coordinates":[33.18454203400006,4.726858950000121]}},
{"type":"Feature","properties":{"admin_level":3,"name":"Hatire","name1":null,"name2":null,"name3":null,"x_coord":32.93973605,"y_coord":3.98303001,"adm4_name":null,"adm4_name1":null,"adm4_name2":null,"adm4_name3":null,"adm4_pcode":null,"adm3_name":"Hatire","adm3_name1":null,"adm3_name2":null,"adm3_name3":null,"adm3_pcode":"SS020201","adm2_name":"Ikotos","adm2_name1":null,"adm2_name2":null,"adm2_name3":null,"adm2_pcode":"SS0202","adm1_name":"Eastern Equatoria","adm1_name1":null,"adm1_name2":null,"adm1_name3":null,"adm1_pcode":"SS02","adm0_name":"South Sudan","adm0_name1":null,"adm0_name2":null,"adm0_name3":null,"adm0_pcode":"SS","valid_on":"2022-12-19","valid_to":null,"version":"v03","lang":"en","lang1":null,"lang2":null,"lang3":null},"geometry":{"type":"Point","coordinates":[32.939736050000135,3.98303001]}},
{"type":"Feature","properties":{"admin_level":3,"name":"Ikotos","name1":null,"name2":null,"name3":null,"x_coord":33.11912041,"y_coord":4.01644098,"adm4_name":null,"adm4_name1":null,"adm4_name2":null,"adm4_name3":null,"adm4_pcode":null,"adm3_name":"Ikotos","adm3_name1":null,"adm3_name2":null,"adm3_name3":null,"adm3_pcode":"SS020202","adm2_name":"Ikotos","adm2_name1":null,"adm2_name2":null,"adm2_name3":null,"adm2_pcode":"SS0202","adm1_name":"Eastern Equatoria","adm1_name1":null,"adm1_name2":null,"adm1_name3":null,"adm1_pcode":"SS02","adm0_name":"South Sudan","adm0_name1":null,"adm0_name2":null,"adm0_name3":null,"adm0_pcode":"SS","valid_on":"2022-12-19","valid_to":null,"version":"v03","lang":"en","lang1":null,"lang2":null,"lang3":null},"geometry":{"type":"Point","coordinates":[33.119120415000054,4.016440980000084]}},
{"type":"Feature","properties":{"admin_level":3,"name":"Imotong","name1":null,"name2":null,"name3":null,"x_coord":32.86497665,"y_coord":4.212644,"adm4_name":null,"adm4_name1":null,"adm4_name2":null,"adm4_name3":null,"adm4_pcode":null,"adm3_name":"Imotong","adm3_name1":null,"adm3_name2":null,"adm3_name3":null,"adm3_pcode":"SS020203","adm2_name":"Ikotos","adm2_name1":null,"adm2_name2":null,"adm2_name3":null,"adm2_pcode":"SS0202","adm1_name":"Eastern Equatoria","adm1_name1":null,"adm1_name2":null,"adm1_name3":null,"adm1_pcode":"SS02","adm0_name":"South Sudan","adm0_name1":null,"adm0_name2":null,"adm0_name3":null,"adm0_pcode":"SS","valid_on":"2022-12-19","valid_to":null,"version":"v03","lang":"en","lang1":null,"lang2":null,"lang3":null},"geometry":{"type":"Point","coordinates":[32.864976654000145,4.212644]}},
{"type":"Feature","properties":{"admin_level":3,"name":"Lomohidang North","name1":null,"name2":null,"name3":null,"x_coord":33.05476199,"y_coord":4.28712447,"adm4_name":null,"adm4_name1":null,"adm4_name2":null,"adm4_name3":null,"adm4_pcode":null,"adm3_name":"Lomohidang North","adm3_name1":null,"adm3_name2":null,"adm3_name3":null,"adm3_pcode":"SS020204","adm2_name":"Ikotos","adm2_name1":null,"adm2_name2":null,"adm2_name3":null,"adm2_pcode":"SS0202","adm1_name":"Eastern Equatoria","adm1_name1":null,"adm1_name2":null,"adm1_name3":null,"adm1_pcode":"SS02","adm0_name":"South Sudan","adm0_name1":null,"adm0_name2":null,"adm0_name3":null,"adm0_pcode":"SS","valid_on":"2022-12-19","valid_to":null,"version":"v03","lang":"en","lang1":null,"lang2":null,"lang3":null},"geometry":{"type":"Point","coordinates":[33.054761987000177,4.287124471000141]}},
{"type":"Feature","properties":{"admin_level":3,"name":"Lomohidang South","name1":null,"name2":null,"name3":null,"x_coord":33.16938113,"y_coord":4.17655839,"adm4_name":null,"adm4_name1":null,"adm4_name2":null,"adm4_name3":null,"adm4_pcode":null,"adm3_name":"Lomohidang South","adm3_name1":null,"adm3_name2":null,"adm3_name3":null,"adm3_pcode":"SS020205","adm2_name":"Ikotos","adm2_name1":null,"adm2_name2":null,"adm2_name3":null,"adm2_pcode":"SS0202","adm1_name":"Eastern Equatoria","adm1_name1":null,"adm1_name2":null,"adm1_name3":null,"adm1_pcode":"SS02","adm0_name":"South Sudan","adm0_name1":null,"adm0_name2":null,"adm0_name3":null,"adm0_pcode":"SS","valid_on":"2022-12-19","valid_to":null,"version":"v03","lang":"en","lang1":null,"lang2":null,"lang3":null},"geometry":{"type":"Point","coordinates":[33.169381124999973,4.176558387999989]}},
{"type":"Feature","properties":{"admin_level":3,"name":"Losite","name1":null,"name2":null,"name3":null,"x_coord":33.35991513,"y_coord":3.92560484,"adm4_name":null,"adm4_name1":null,"adm4_name2":null,"adm4_name3":null,"adm4_pcode":null,"adm3_name":"Losite","adm3_name1":null,"adm3_name2":null,"adm3_name3":null,"adm3_pcode":"SS020206","adm2_name":"Ikotos","adm2_name1":null,"adm2_name2":null,"adm2_name3":null,"adm2_pcode":"SS0202","adm1_name":"Eastern Equatoria","adm1_name1":null,"adm1_name2":null,"adm1_name3":null,"adm1_pcode":"SS02","adm0_name":"South Sudan","adm0_name1":null,"adm0_name2":null,"adm0_name3":null,"adm0_pcode":"SS","valid_on":"2022-12-19","valid_to":null,"version":"v03","lang":"en","lang1":null,"lang2":null,"lang3":null},"geometry":{"type":"Point","coordinates":[33.359915134000119,3.925604835000115]}},
{"type":"Feature","properties":{"admin_level":3,"name":"Jie","name1":null,"name2":null,"name3":null,"x_coord":33.93709577,"y_coord":5.46505538,"adm4_name":null,"adm4_name1":null,"adm4_name2":null,"adm4_name3":null,"adm4_pcode":null,"adm3_name":"Jie","adm3_name1":null,"adm3_name2":null,"adm3_name3":null,"adm3_pcode":"SS020301","adm2_name":"Kapoeta East","adm2_name1":null,"adm2_name2":null,"adm2_name3":null,"adm2_pcode":"SS0203","adm1_name":"Eastern Equatoria","adm1_name1":null,"adm1_name2":null,"adm1_name3":null,"adm1_pcode":"SS02","adm0_name":"South Sudan","adm0_name1":null,"adm0_name2":null,"adm0_name3":null,"adm0_pcode":"SS","valid_on":"2022-12-19","valid_to":null,"version":"v03","lang":"en","lang1":null,"lang2":null,"lang3":null},"geometry":{"type":"Point","coordinates":[33.937095772000134,5.465055375000077]}},
{"type":"Feature","properties":{"admin_level":3,"name":"Katodori","name1":null,"name2":null,"name3":null,"x_coord":33.84165522,"y_coord":4.69572579,"adm4_name":null,"adm4_name1":null,"adm4_name2":null,"adm4_name3":null,"adm4_pcode":null,"adm3_name":"Katodori","adm3_name1":null,"adm3_name2":null,"adm3_name3":null,"adm3_pcode":"SS020302","adm2_name":"Kapoeta East","adm2_name1":null,"adm2_name2":null,"adm2_name3":null,"adm2_pcode":"SS0203","adm1_name":"Eastern Equatoria","adm1_name1":null,"adm1_name2":null,"adm1_name3":null,"adm1_pcode":"SS02","adm0_name":"South Sudan","adm0_name1":null,"adm0_name2":null,"adm0_name3":null,"adm0_pcode":"SS","valid_on":"2022-12-19","valid_to":null,"version":"v03","lang":"en","lang1":null,"lang2":null,"lang3":null},"geometry":{"type":"Point","coordinates":[33.841655223000089,4.695725790000097]}},
{"type":"Feature","properties":{"admin_level":3,"name":"Kauto","name1":null,"name2":null,"name3":null,"x_coord":34.58031118,"y_coord":5.47042919,"adm4_name":null,"adm4_name1":null,"adm4_name2":null,"adm4_name3":null,"adm4_pcode":null,"adm3_name":"Kauto","adm3_name1":null,"adm3_name2":null,"adm3_name3":null,"adm3_pcode":"SS020303","adm2_name":"Kapoeta East","adm2_name1":null,"adm2_name2":null,"adm2_name3":null,"adm2_pcode":"SS0203","adm1_name":"Eastern Equatoria","adm1_name1":null,"adm1_name2":null,"adm1_name3":null,"adm1_pcode":"SS02","adm0_name":"South Sudan","adm0_name1":null,"adm0_name2":null,"adm0_name3":null,"adm0_pcode":"SS","valid_on":"2022-12-19","valid_to":null,"version":"v03","lang":"en","lang1":null,"lang2":null,"lang3":null},"geometry":{"type":"Point","coordinates":[34.580311179000148,5.470429185000114]}},
{"type":"Feature","properties":{"admin_level":3,"name":"Lotimor","name1":null,"name2":null,"name3":null,"x_coord":35.11220313,"y_coord":5.44532448,"adm4_name":null,"adm4_name1":null,"adm4_name2":null,"adm4_name3":null,"adm4_pcode":null,"adm3_name":"Lotimor","adm3_name1":null,"adm3_name2":null,"adm3_name3":null,"adm3_pcode":"SS020304","adm2_name":"Kapoeta East","adm2_name1":null,"adm2_name2":null,"adm2_name3":null,"adm2_pcode":"SS0203","adm1_name":"Eastern Equatoria","adm1_name1":null,"adm1_name2":null,"adm1_name3":null,"adm1_pcode":"SS02","adm0_name":"South Sudan","adm0_name1":null,"adm0_name2":null,"adm0_name3":null,"adm0_pcode":"SS","valid_on":"2022-12-19","valid_to":null,"version":"v03","lang":"en","lang1":null,"lang2":null,"lang3":null},"geometry":{"type":"Point","coordinates":[35.112203126000111,5.44532447600011]}},
{"type":"Feature","properties":{"admin_level":3,"name":"Mogos","name1":null,"name2":null,"name3":null,"x_coord":33.98411834,"y_coord":5.09945454,"adm4_name":null,"adm4_name1":null,"adm4_name2":null,"adm4_name3":null,"adm4_pcode":null,"adm3_name":"Mogos","adm3_name1":null,"adm3_name2":null,"adm3_name3":null,"adm3_pcode":"SS020305","adm2_name":"Kapoeta East","adm2_name1":null,"adm2_name2":null,"adm2_name3":null,"adm2_pcode":"SS0203","adm1_name":"Eastern Equatoria","adm1_name1":null,"adm1_name2":null,"adm1_name3":null,"adm1_pcode":"SS02","adm0_name":"South Sudan","adm0_name1":null,"adm0_name2":null,"adm0_name3":null,"adm0_pcode":"SS","valid_on":"2022-12-19","valid_to":null,"version":"v03","lang":"en","lang1":null,"lang2":null,"lang3":null},"geometry":{"type":"Point","coordinates":[33.984118345000184,5.099454540000181]}},
{"type":"Feature","properties":{"admin_level":3,"name":"Narus","name1":null,"name2":null,"name3":null,"x_coord":34.90907576,"y_coord":4.81496926,"adm4_name":null,"adm4_name1":null,"adm4_name2":null,"adm4_name3":null,"adm4_pcode":null,"adm3_name":"Narus","adm3_name1":null,"adm3_name2":null,"adm3_name3":null,"adm3_pcode":"SS020306","adm2_name":"Kapoeta East","adm2_name1":null,"adm2_name2":null,"adm2_name3":null,"adm2_pcode":"SS0203","adm1_name":"Eastern Equatoria","adm1_name1":null,"adm1_name2":null,"adm1_name3":null,"adm1_pcode":"SS02","adm0_name":"South Sudan","adm0_name1":null,"adm0_name2":null,"adm0_name3":null,"adm0_pcode":"SS","valid_on":"2022-12-19","valid_to":null,"version":"v03","lang":"en","lang1":null,"lang2":null,"lang3":null},"geometry":{"type":"Point","coordinates":[34.909075760000064,4.814969256000097]}},
{"type":"Feature","properties":{"admin_level":3,"name":"Natinga","name1":null,"name2":null,"name3":null,"x_coord":33.99206384,"y_coord":4.37017201,"adm4_name":null,"adm4_name1":null,"adm4_name2":null,"adm4_name3":null,"adm4_pcode":null,"adm3_name":"Natinga","adm3_name1":null,"adm3_name2":null,"adm3_name3":null,"adm3_pcode":"SS020307","adm2_name":"Kapoeta East","adm2_name1":null,"adm2_name2":null,"adm2_name3":null,"adm2_pcode":"SS0203","adm1_name":"Eastern Equatoria","adm1_name1":null,"adm1_name2":null,"adm1_name3":null,"adm1_pcode":"SS02","adm0_name":"South Sudan","adm0_name1":null,"adm0_name2":null,"adm0_name3":null,"adm0_pcode":"SS","valid_on":"2022-12-19","valid_to":null,"version":"v03","lang":"en","lang1":null,"lang2":null,"lang3":null},"geometry":{"type":"Point","coordinates":[33.992063843000153,4.370172006000132]}},
{"type":"Feature","properties":{"admin_level":3,"name":"Chumakori","name1":null,"name2":null,"name3":null,"x_coord":33.57203831,"y_coord":4.93173576,"adm4_name":null,"adm4_name1":null,"adm4_name2":null,"adm4_name3":null,"adm4_pcode":null,"adm3_name":"Chumakori","adm3_name1":null,"adm3_name2":null,"adm3_name3":null,"adm3_pcode":"SS020401","adm2_name":"Kapoeta North","adm2_name1":null,"adm2_name2":null,"adm2_name3":null,"adm2_pcode":"SS0204","adm1_name":"Eastern Equatoria","adm1_name1":null,"adm1_name2":null,"adm1_name3":null,"adm1_pcode":"SS02","adm0_name":"South Sudan","adm0_name1":null,"adm0_name2":null,"adm0_name3":null,"adm0_pcode":"SS","valid_on":"2022-12-19","valid_to":null,"version":"v03","lang":"en","lang1":null,"lang2":null,"lang3":null},"geometry":{"type":"Point","coordinates":[33.572038308000174,4.931735760000151]}},
{"type":"Feature","properties":{"admin_level":3,"name":"Karukomuge","name1":null,"name2":null,"name3":null,"x_coord":33.42012567,"y_coord":5.40572264,"adm4_name":null,"adm4_name1":null,"adm4_name2":null,"adm4_name3":null,"adm4_pcode":null,"adm3_name":"Karukomuge","adm3_name1":null,"adm3_name2":null,"adm3_name3":null,"adm3_pcode":"SS020402","adm2_name":"Kapoeta North","adm2_name1":null,"adm2_name2":null,"adm2_name3":null,"adm2_pcode":"SS0204","adm1_name":"Eastern Equatoria","adm1_name1":null,"adm1_name2":null,"adm1_name3":null,"adm1_pcode":"SS02","adm0_name":"South Sudan","adm0_name1":null,"adm0_name2":null,"adm0_name3":null,"adm0_pcode":"SS","valid_on":"2022-12-19","valid_to":null,"version":"v03","lang":"en","lang1":null,"lang2":null,"lang3":null},"geometry":{"type":"Point","coordinates":[33.420125671000108,5.405722645000026]}},
{"type":"Feature","properties":{"admin_level":3,"name":"Lomeyen","name1":null,"name2":null,"name3":null,"x_coord":33.36241112,"y_coord":5.00994463,"adm4_name":null,"adm4_name1":null,"adm4_name2":null,"adm4_name3":null,"adm4_pcode":null,"adm3_name":"Lomeyen","adm3_name1":null,"adm3_name2":null,"adm3_name3":null,"adm3_pcode":"SS020403","adm2_name":"Kapoeta North","adm2_name1":null,"adm2_name2":null,"adm2_name3":null,"adm2_pcode":"SS0204","adm1_name":"Eastern Equatoria","adm1_name1":null,"adm1_name2":null,"adm1_name3":null,"adm1_pcode":"SS02","adm0_name":"South Sudan","adm0_name1":null,"adm0_name2":null,"adm0_name3":null,"adm0_pcode":"SS","valid_on":"2022-12-19","valid_to":null,"version":"v03","lang":"en","lang1":null,"lang2":null,"lang3":null},"geometry":{"type":"Point","coordinates":[33.362411124000062,5.009944634000078]}},
{"type":"Feature","properties":{"admin_level":3,"name":"Mosingo","name1":null,"name2":null,"name3":null,"x_coord":33.38383309,"y_coord":4.88556638,"adm4_name":null,"adm4_name1":null,"adm4_name2":null,"adm4_name3":null,"adm4_pcode":null,"adm3_name":"Mosingo","adm3_name1":null,"adm3_name2":null,"adm3_name3":null,"adm3_pcode":"SS020404","adm2_name":"Kapoeta North","adm2_name1":null,"adm2_name2":null,"adm2_name3":null,"adm2_pcode":"SS0204","adm1_name":"Eastern Equatoria","adm1_name1":null,"adm1_name2":null,"adm1_name3":null,"adm1_pcode":"SS02","adm0_name":"South Sudan","adm0_name1":null,"adm0_name2":null,"adm0_name3":null,"adm0_pcode":"SS","valid_on":"2022-12-19","valid_to":null,"version":"v03","lang":"en","lang1":null,"lang2":null,"lang3":null},"geometry":{"type":"Point","coordinates":[33.383833087000141,4.885566376000099]}},
{"type":"Feature","properties":{"admin_level":3,"name":"Najie","name1":null,"name2":null,"name3":null,"x_coord":33.51458667,"y_coord":4.93856235,"adm4_name":null,"adm4_name1":null,"adm4_name2":null,"adm4_name3":null,"adm4_pcode":null,"adm3_name":"Najie","adm3_name1":null,"adm3_name2":null,"adm3_name3":null,"adm3_pcode":"SS020405","adm2_name":"Kapoeta North","adm2_name1":null,"adm2_name2":null,"adm2_name3":null,"adm2_pcode":"SS0204","adm1_name":"Eastern Equatoria","adm1_name1":null,"adm1_name2":null,"adm1_name3":null,"adm1_pcode":"SS02","adm0_name":"South Sudan","adm0_name1":null,"adm0_name2":null,"adm0_name3":null,"adm0_pcode":"SS","valid_on":"2022-12-19","valid_to":null,"version":"v03","lang":"en","lang1":null,"lang2":null,"lang3":null},"geometry":{"type":"Point","coordinates":[33.51458666700006,4.938562350000097]}},
{"type":"Feature","properties":{"admin_level":3,"name":"Paringa","name1":null,"name2":null,"name3":null,"x_coord":33.62491298,"y_coord":4.89278471,"adm4_name":null,"adm4_name1":null,"adm4_name2":null,"adm4_name3":null,"adm4_pcode":null,"adm3_name":"Paringa","adm3_name1":null,"adm3_name2":null,"adm3_name3":null,"adm3_pcode":"SS020406","adm2_name":"Kapoeta North","adm2_name1":null,"adm2_name2":null,"adm2_name3":null,"adm2_pcode":"SS0204","adm1_name":"Eastern Equatoria","adm1_name1":null,"adm1_name2":null,"adm1_name3":null,"adm1_pcode":"SS02","adm0_name":"South Sudan","adm0_name1":null,"adm0_name2":null,"adm0_name3":null,"adm0_pcode":"SS","valid_on":"2022-12-19","valid_to":null,"version":"v03","lang":"en","lang1":null,"lang2":null,"lang3":null},"geometry":{"type":"Point","coordinates":[33.624912983000115,4.892784705000054]}},
{"type":"Feature","properties":{"admin_level":3,"name":"Kapoeta Town","name1":null,"name2":null,"name3":null,"x_coord":33.60775744,"y_coord":4.78826061,"adm4_name":null,"adm4_name1":null,"adm4_name2":null,"adm4_name3":null,"adm4_pcode":null,"adm3_name":"Kapoeta Town","adm3_name1":null,"adm3_name2":null,"adm3_name3":null,"adm3_pcode":"SS020501","adm2_name":"Kapoeta South","adm2_name1":null,"adm2_name2":null,"adm2_name3":null,"adm2_pcode":"SS0205","adm1_name":"Eastern Equatoria","adm1_name1":null,"adm1_name2":null,"adm1_name3":null,"adm1_pcode":"SS02","adm0_name":"South Sudan","adm0_name1":null,"adm0_name2":null,"adm0_name3":null,"adm0_pcode":"SS","valid_on":"2022-12-19","valid_to":null,"version":"v03","lang":"en","lang1":null,"lang2":null,"lang3":null},"geometry":{"type":"Point","coordinates":[33.607757442000093,4.788260611000055]}},
{"type":"Feature","properties":{"admin_level":3,"name":"Longeleya","name1":null,"name2":null,"name3":null,"x_coord":33.60180951,"y_coord":4.66357419,"adm4_name":null,"adm4_name1":null,"adm4_name2":null,"adm4_name3":null,"adm4_pcode":null,"adm3_name":"Longeleya","adm3_name1":null,"adm3_name2":null,"adm3_name3":null,"adm3_pcode":"SS020502","adm2_name":"Kapoeta South","adm2_name1":null,"adm2_name2":null,"adm2_name3":null,"adm2_pcode":"SS0205","adm1_name":"Eastern Equatoria","adm1_name1":null,"adm1_name2":null,"adm1_name3":null,"adm1_pcode":"SS02","adm0_name":"South Sudan","adm0_name1":null,"adm0_name2":null,"adm0_name3":null,"adm0_pcode":"SS","valid_on":"2022-12-19","valid_to":null,"version":"v03","lang":"en","lang1":null,"lang2":null,"lang3":null},"geometry":{"type":"Point","coordinates":[33.601809513999967,4.663574190000134]}},
{"type":"Feature","properties":{"admin_level":3,"name":"Machi One","name1":null,"name2":null,"name3":null,"x_coord":33.5369793,"y_coord":4.6885167,"adm4_name":null,"adm4_name1":null,"adm4_name2":null,"adm4_name3":null,"adm4_pcode":null,"adm3_name":"Machi One","adm3_name1":null,"adm3_name2":null,"adm3_name3":null,"adm3_pcode":"SS020503","adm2_name":"Kapoeta South","adm2_name1":null,"adm2_name2":null,"adm2_name3":null,"adm2_pcode":"SS0205","adm1_name":"Eastern Equatoria","adm1_name1":null,"adm1_name2":null,"adm1_name3":null,"adm1_pcode":"SS02","adm0_name":"South Sudan","adm0_name1":null,"adm0_name2":null,"adm0_name3":null,"adm0_pcode":"SS","valid_on":"2022-12-19","valid_to":null,"version":"v03","lang":"en","lang1":null,"lang2":null,"lang3":null},"geometry":{"type":"Point","coordinates":[33.536979299000052,4.688516700000093]}},
{"type":"Feature","properties":{"admin_level":3,"name":"Machi Two","name1":null,"name2":null,"name3":null,"x_coord":33.49498678,"y_coord":4.74547658,"adm4_name":null,"adm4_name1":null,"adm4_name2":null,"adm4_name3":null,"adm4_pcode":null,"adm3_name":"Machi Two","adm3_name1":null,"adm3_name2":null,"adm3_name3":null,"adm3_pcode":"SS020504","adm2_name":"Kapoeta South","adm2_name1":null,"adm2_name2":null,"adm2_name3":null,"adm2_pcode":"SS0205","adm1_name":"Eastern Equatoria","adm1_name1":null,"adm1_name2":null,"adm1_name3":null,"adm1_pcode":"SS02","adm0_name":"South Sudan","adm0_name1":null,"adm0_name2":null,"adm0_name3":null,"adm0_pcode":"SS","valid_on":"2022-12-19","valid_to":null,"version":"v03","lang":"en","lang1":null,"lang2":null,"lang3":null},"geometry":{"type":"Point","coordinates":[33.494986784000048,4.745476575000055]}},
{"type":"Feature","properties":{"admin_level":3,"name":"Pwata","name1":null,"name2":null,"name3":null,"x_coord":33.7603984,"y_coord":4.45456328,"adm4_name":null,"adm4_name1":null,"adm4_name2":null,"adm4_name3":null,"adm4_pcode":null,"adm3_name":"Pwata","adm3_name1":null,"adm3_name2":null,"adm3_name3":null,"adm3_pcode":"SS020505","adm2_name":"Kapoeta South","adm2_name1":null,"adm2_name2":null,"adm2_name3":null,"adm2_pcode":"SS0205","adm1_name":"Eastern Equatoria","adm1_name1":null,"adm1_name2":null,"adm1_name3":null,"adm1_pcode":"SS02","adm0_name":"South Sudan","adm0_name1":null,"adm0_name2":null,"adm0_name3":null,"adm0_pcode":"SS","valid_on":"2022-12-19","valid_to":null,"version":"v03","lang":"en","lang1":null,"lang2":null,"lang3":null},"geometry":{"type":"Point","coordinates":[33.76039839800012,4.45456328]}},
{"type":"Feature","properties":{"admin_level":3,"name":"Arihilo","name1":null,"name2":null,"name3":null,"x_coord":32.95483179,"y_coord":4.91373905,"adm4_name":null,"adm4_name1":null,"adm4_name2":null,"adm4_name3":null,"adm4_pcode":null,"adm3_name":"Arihilo","adm3_name1":null,"adm3_name2":null,"adm3_name3":null,"adm3_pcode":"SS020601","adm2_name":"Lafon","adm2_name1":null,"adm2_name2":null,"adm2_name3":null,"adm2_pcode":"SS0206","adm1_name":"Eastern Equatoria","adm1_name1":null,"adm1_name2":null,"adm1_name3":null,"adm1_pcode":"SS02","adm0_name":"South Sudan","adm0_name1":null,"adm0_name2":null,"adm0_name3":null,"adm0_pcode":"SS","valid_on":"2022-12-19","valid_to":null,"version":"v03","lang":"en","lang1":null,"lang2":null,"lang3":null},"geometry":{"type":"Point","coordinates":[32.954831786000057,4.913739045000113]}},
{"type":"Feature","properties":{"admin_level":3,"name":"Burgilo","name1":null,"name2":null,"name3":null,"x_coord":32.64789991,"y_coord":5.39264624,"adm4_name":null,"adm4_name1":null,"adm4_name2":null,"adm4_name3":null,"adm4_pcode":null,"adm3_name":"Burgilo","adm3_name1":null,"adm3_name2":null,"adm3_name3":null,"adm3_pcode":"SS020602","adm2_name":"Lafon","adm2_name1":null,"adm2_name2":null,"adm2_name3":null,"adm2_pcode":"SS0206","adm1_name":"Eastern Equatoria","adm1_name1":null,"adm1_name2":null,"adm1_name3":null,"adm1_pcode":"SS02","adm0_name":"South Sudan","adm0_name1":null,"adm0_name2":null,"adm0_name3":null,"adm0_pcode":"SS","valid_on":"2022-12-19","valid_to":null,"version":"v03","lang":"en","lang1":null,"lang2":null,"lang3":null},"geometry":{"type":"Point","coordinates":[32.647899906000077,5.392646239000044]}},
{"type":"Feature","properties":{"admin_level":3,"name":"Imehejek","name1":null,"name2":null,"name3":null,"x_coord":32.90024089,"y_coord":4.76697866,"adm4_name":null,"adm4_name1":null,"adm4_name2":null,"adm4_name3":null,"adm4_pcode":null,"adm3_name":"Imehejek","adm3_name1":null,"adm3_name2":null,"adm3_name3":null,"adm3_pcode":"SS020603","adm2_name":"Lafon","adm2_name1":null,"adm2_name2":null,"adm2_name3":null,"adm2_pcode":"SS0206","adm1_name":"Eastern Equatoria","adm1_name1":null,"adm1_name2":null,"adm1_name3":null,"adm1_pcode":"SS02","adm0_name":"South Sudan","adm0_name1":null,"adm0_name2":null,"adm0_name3":null,"adm0_pcode":"SS","valid_on":"2022-12-19","valid_to":null,"version":"v03","lang":"en","lang1":null,"lang2":null,"lang3":null},"geometry":{"type":"Point","coordinates":[32.900240890000077,4.766978655000116]}},
{"type":"Feature","properties":{"admin_level":3,"name":"Kurumi","name1":null,"name2":null,"name3":null,"x_coord":32.25489514,"y_coord":4.8929328,"adm4_name":null,"adm4_name1":null,"adm4_name2":null,"adm4_name3":null,"adm4_pcode":null,"adm3_name":"Kurumi","adm3_name1":null,"adm3_name2":null,"adm3_name3":null,"adm3_pcode":"SS020604","adm2_name":"Lafon","adm2_name1":null,"adm2_name2":null,"adm2_name3":null,"adm2_pcode":"SS0206","adm1_name":"Eastern Equatoria","adm1_name1":null,"adm1_name2":null,"adm1_name3":null,"adm1_pcode":"SS02","adm0_name":"South Sudan","adm0_name1":null,"adm0_name2":null,"adm0_name3":null,"adm0_pcode":"SS","valid_on":"2022-12-19","valid_to":null,"version":"v03","lang":"en","lang1":null,"lang2":null,"lang3":null},"geometry":{"type":"Point","coordinates":[32.254895143000056,4.892932800000153]}},
{"type":"Feature","properties":{"admin_level":3,"name":"Lohutok","name1":null,"name2":null,"name3":null,"x_coord":33.00589796,"y_coord":4.5922372,"adm4_name":null,"adm4_name1":null,"adm4_name2":null,"adm4_name3":null,"adm4_pcode":null,"adm3_name":"Lohutok","adm3_name1":null,"adm3_name2":null,"adm3_name3":null,"adm3_pcode":"SS020605","adm2_name":"Lafon","adm2_name1":null,"adm2_name2":null,"adm2_name3":null,"adm2_pcode":"SS0206","adm1_name":"Eastern Equatoria","adm1_name1":null,"adm1_name2":null,"adm1_name3":null,"adm1_pcode":"SS02","adm0_name":"South Sudan","adm0_name1":null,"adm0_name2":null,"adm0_name3":null,"adm0_pcode":"SS","valid_on":"2022-12-19","valid_to":null,"version":"v03","lang":"en","lang1":null,"lang2":null,"lang3":null},"geometry":{"type":"Point","coordinates":[33.005897960000027,4.592237201000046]}},
{"type":"Feature","properties":{"admin_level":3,"name":"Longiro","name1":null,"name2":null,"name3":null,"x_coord":32.65769793,"y_coord":4.81200764,"adm4_name":null,"adm4_name1":null,"adm4_name2":null,"adm4_name3":null,"adm4_pcode":null,"adm3_name":"Longiro","adm3_name1":null,"adm3_name2":null,"adm3_name3":null,"adm3_pcode":"SS020606","adm2_name":"Lafon","adm2_name1":null,"adm2_name2":null,"adm2_name3":null,"adm2_pcode":"SS0206","adm1_name":"Eastern Equatoria","adm1_name1":null,"adm1_name2":null,"adm1_name3":null,"adm1_pcode":"SS02","adm0_name":"South Sudan","adm0_name1":null,"adm0_name2":null,"adm0_name3":null,"adm0_pcode":"SS","valid_on":"2022-12-19","valid_to":null,"version":"v03","lang":"en","lang1":null,"lang2":null,"lang3":null},"geometry":{"type":"Point","coordinates":[32.657697933000122,4.8120076350001]}},
{"type":"Feature","properties":{"admin_level":3,"name":"Marguna","name1":null,"name2":null,"name3":null,"x_coord":32.70362096,"y_coord":5.06158097,"adm4_name":null,"adm4_name1":null,"adm4_name2":null,"adm4_name3":null,"adm4_pcode":null,"adm3_name":"Marguna","adm3_name1":null,"adm3_name2":null,"adm3_name3":null,"adm3_pcode":"SS020607","adm2_name":"Lafon","adm2_name1":null,"adm2_name2":null,"adm2_name3":null,"adm2_pcode":"SS0206","adm1_name":"Eastern Equatoria","adm1_name1":null,"adm1_name2":null,"adm1_name3":null,"adm1_pcode":"SS02","adm0_name":"South Sudan","adm0_name1":null,"adm0_name2":null,"adm0_name3":null,"adm0_pcode":"SS","valid_on":"2022-12-19","valid_to":null,"version":"v03","lang":"en","lang1":null,"lang2":null,"lang3":null},"geometry":{"type":"Point","coordinates":[32.703620957000169,5.061580965000076]}},
{"type":"Feature","properties":{"admin_level":3,"name":"Pachidi","name1":null,"name2":null,"name3":null,"x_coord":32.31048718,"y_coord":4.72026192,"adm4_name":null,"adm4_name1":null,"adm4_name2":null,"adm4_name3":null,"adm4_pcode":null,"adm3_name":"Pachidi","adm3_name1":null,"adm3_name2":null,"adm3_name3":null,"adm3_pcode":"SS020608","adm2_name":"Lafon","adm2_name1":null,"adm2_name2":null,"adm2_name3":null,"adm2_pcode":"SS0206","adm1_name":"Eastern Equatoria","adm1_name1":null,"adm1_name2":null,"adm1_name3":null,"adm1_pcode":"SS02","adm0_name":"South Sudan","adm0_name1":null,"adm0_name2":null,"adm0_name3":null,"adm0_pcode":"SS","valid_on":"2022-12-19","valid_to":null,"version":"v03","lang":"en","lang1":null,"lang2":null,"lang3":null},"geometry":{"type":"Point","coordinates":[32.310487179000063,4.720261915000094]}},
{"type":"Feature","properties":{"admin_level":3,"name":"Lobone","name1":null,"name2":null,"name3":null,"x_coord":32.64932995,"y_coord":3.82938957,"adm4_name":null,"adm4_name1":null,"adm4_name2":null,"adm4_name3":null,"adm4_pcode":null,"adm3_name":"Lobone","adm3_name1":null,"adm3_name2":null,"adm3_name3":null,"adm3_pcode":"SS020701","adm2_name":"Magwi","adm2_name1":null,"adm2_name2":null,"adm2_name3":null,"adm2_pcode":"SS0207","adm1_name":"Eastern Equatoria","adm1_name1":null,"adm1_name2":null,"adm1_name3":null,"adm1_pcode":"SS02","adm0_name":"South Sudan","adm0_name1":null,"adm0_name2":null,"adm0_name3":null,"adm0_pcode":"SS","valid_on":"2022-12-19","valid_to":null,"version":"v03","lang":"en","lang1":null,"lang2":null,"lang3":null},"geometry":{"type":"Point","coordinates":[32.649329954000109,3.829389570000046]}},
{"type":"Feature","properties":{"admin_level":3,"name":"Magwi","name1":null,"name2":null,"name3":null,"x_coord":32.33129618,"y_coord":4.05869103,"adm4_name":null,"adm4_name1":null,"adm4_name2":null,"adm4_name3":null,"adm4_pcode":null,"adm3_name":"Magwi","adm3_name1":null,"adm3_name2":null,"adm3_name3":null,"adm3_pcode":"SS020702","adm2_name":"Magwi","adm2_name1":null,"adm2_name2":null,"adm2_name3":null,"adm2_pcode":"SS0207","adm1_name":"Eastern Equatoria","adm1_name1":null,"adm1_name2":null,"adm1_name3":null,"adm1_pcode":"SS02","adm0_name":"South Sudan","adm0_name1":null,"adm0_name2":null,"adm0_name3":null,"adm0_pcode":"SS","valid_on":"2022-12-19","valid_to":null,"version":"v03","lang":"en","lang1":null,"lang2":null,"lang3":null},"geometry":{"type":"Point","coordinates":[32.331296174999977,4.058691029999977]}},
{"type":"Feature","properties":{"admin_level":3,"name":"Mugali","name1":null,"name2":null,"name3":null,"x_coord":32.1780735,"y_coord":3.61463543,"adm4_name":null,"adm4_name1":null,"adm4_name2":null,"adm4_name3":null,"adm4_pcode":null,"adm3_name":"Mugali","adm3_name1":null,"adm3_name2":null,"adm3_name3":null,"adm3_pcode":"SS020703","adm2_name":"Magwi","adm2_name1":null,"adm2_name2":null,"adm2_name3":null,"adm2_pcode":"SS0207","adm1_name":"Eastern Equatoria","adm1_name1":null,"adm1_name2":null,"adm1_name3":null,"adm1_pcode":"SS02","adm0_name":"South Sudan","adm0_name1":null,"adm0_name2":null,"adm0_name3":null,"adm0_pcode":"SS","valid_on":"2022-12-19","valid_to":null,"version":"v03","lang":"en","lang1":null,"lang2":null,"lang3":null},"geometry":{"type":"Point","coordinates":[32.178073503000178,3.614635431000011]}},
{"type":"Feature","properties":{"admin_level":3,"name":"Nimule","name1":null,"name2":null,"name3":null,"x_coord":32.04915144,"y_coord":3.62408358,"adm4_name":null,"adm4_name1":null,"adm4_name2":null,"adm4_name3":null,"adm4_pcode":null,"adm3_name":"Nimule","adm3_name1":null,"adm3_name2":null,"adm3_name3":null,"adm3_pcode":"SS020704","adm2_name":"Magwi","adm2_name1":null,"adm2_name2":null,"adm2_name3":null,"adm2_pcode":"SS0207","adm1_name":"Eastern Equatoria","adm1_name1":null,"adm1_name2":null,"adm1_name3":null,"adm1_pcode":"SS02","adm0_name":"South Sudan","adm0_name1":null,"adm0_name2":null,"adm0_name3":null,"adm0_pcode":"SS","valid_on":"2022-12-19","valid_to":null,"version":"v03","lang":"en","lang1":null,"lang2":null,"lang3":null},"geometry":{"type":"Point","coordinates":[32.049151439000127,3.624083576000089]}},
{"type":"Feature","properties":{"admin_level":3,"name":"Pageri","name1":null,"name2":null,"name3":null,"x_coord":31.92552954,"y_coord":4.01677569,"adm4_name":null,"adm4_name1":null,"adm4_name2":null,"adm4_name3":null,"adm4_pcode":null,"adm3_name":"Pageri","adm3_name1":null,"adm3_name2":null,"adm3_name3":null,"adm3_pcode":"SS020705","adm2_name":"Magwi","adm2_name1":null,"adm2_name2":null,"adm2_name3":null,"adm2_pcode":"SS0207","adm1_name":"Eastern Equatoria","adm1_name1":null,"adm1_name2":null,"adm1_name3":null,"adm1_pcode":"SS02","adm0_name":"South Sudan","adm0_name1":null,"adm0_name2":null,"adm0_name3":null,"adm0_pcode":"SS","valid_on":"2022-12-19","valid_to":null,"version":"v03","lang":"en","lang1":null,"lang2":null,"lang3":null},"geometry":{"type":"Point","coordinates":[31.925529536000113,4.016775690000088]}},
{"type":"Feature","properties":{"admin_level":3,"name":"Pajok","name1":null,"name2":null,"name3":null,"x_coord":32.39108108,"y_coord":3.84757344,"adm4_name":null,"adm4_name1":null,"adm4_name2":null,"adm4_name3":null,"adm4_pcode":null,"adm3_name":"Pajok","adm3_name1":null,"adm3_name2":null,"adm3_name3":null,"adm3_pcode":"SS020706","adm2_name":"Magwi","adm2_name1":null,"adm2_name2":null,"adm2_name3":null,"adm2_pcode":"SS0207","adm1_name":"Eastern Equatoria","adm1_name1":null,"adm1_name2":null,"adm1_name3":null,"adm1_pcode":"SS02","adm0_name":"South Sudan","adm0_name1":null,"adm0_name2":null,"adm0_name3":null,"adm0_pcode":"SS","valid_on":"2022-12-19","valid_to":null,"version":"v03","lang":"en","lang1":null,"lang2":null,"lang3":null},"geometry":{"type":"Point","coordinates":[32.391081082000085,3.847573440000019]}},
{"type":"Feature","properties":{"admin_level":3,"name":"Bur","name1":null,"name2":null,"name3":null,"x_coord":32.5616606,"y_coord":4.71117414,"adm4_name":null,"adm4_name1":null,"adm4_name2":null,"adm4_name3":null,"adm4_pcode":null,"adm3_name":"Bur","adm3_name1":null,"adm3_name2":null,"adm3_name3":null,"adm3_pcode":"SS020801","adm2_name":"Torit","adm2_name1":null,"adm2_name2":null,"adm2_name3":null,"adm2_pcode":"SS0208","adm1_name":"Eastern Equatoria","adm1_name1":null,"adm1_name2":null,"adm1_name3":null,"adm1_pcode":"SS02","adm0_name":"South Sudan","adm0_name1":null,"adm0_name2":null,"adm0_name3":null,"adm0_pcode":"SS","valid_on":"2022-12-19","valid_to":null,"version":"v03","lang":"en","lang1":null,"lang2":null,"lang3":null},"geometry":{"type":"Point","coordinates":[32.561660604000053,4.711174140000026]}},
{"type":"Feature","properties":{"admin_level":3,"name":"Hiyala","name1":null,"name2":null,"name3":null,"x_coord":32.84810302,"y_coord":4.45040793,"adm4_name":null,"adm4_name1":null,"adm4_name2":null,"adm4_name3":null,"adm4_pcode":null,"adm3_name":"Hiyala","adm3_name1":null,"adm3_name2":null,"adm3_name3":null,"adm3_pcode":"SS020802","adm2_name":"Torit","adm2_name1":null,"adm2_name2":null,"adm2_name3":null,"adm2_pcode":"SS0208","adm1_name":"Eastern Equatoria","adm1_name1":null,"adm1_name2":null,"adm1_name3":null,"adm1_pcode":"SS02","adm0_name":"South Sudan","adm0_name1":null,"adm0_name2":null,"adm0_name3":null,"adm0_pcode":"SS","valid_on":"2022-12-19","valid_to":null,"version":"v03","lang":"en","lang1":null,"lang2":null,"lang3":null},"geometry":{"type":"Point","coordinates":[32.848103025000171,4.450407930000097]}},
{"type":"Feature","properties":{"admin_level":3,"name":"Himodonge","name1":null,"name2":null,"name3":null,"x_coord":32.70960019,"y_coord":4.12954429,"adm4_name":null,"adm4_name1":null,"adm4_name2":null,"adm4_name3":null,"adm4_pcode":null,"adm3_name":"Himodonge","adm3_name1":null,"adm3_name2":null,"adm3_name3":null,"adm3_pcode":"SS020803","adm2_name":"Torit","adm2_name1":null,"adm2_name2":null,"adm2_name3":null,"adm2_pcode":"SS0208","adm1_name":"Eastern Equatoria","adm1_name1":null,"adm1_name2":null,"adm1_name3":null,"adm1_pcode":"SS02","adm0_name":"South Sudan","adm0_name1":null,"adm0_name2":null,"adm0_name3":null,"adm0_pcode":"SS","valid_on":"2022-12-19","valid_to":null,"version":"v03","lang":"en","lang1":null,"lang2":null,"lang3":null},"geometry":{"type":"Point","coordinates":[32.709600187000035,4.129544288000091]}},
{"type":"Feature","properties":{"admin_level":3,"name":"Ifwotu","name1":null,"name2":null,"name3":null,"x_coord":32.52865527,"y_coord":4.11594075,"adm4_name":null,"adm4_name1":null,"adm4_name2":null,"adm4_name3":null,"adm4_pcode":null,"adm3_name":"Ifwotu","adm3_name1":null,"adm3_name2":null,"adm3_name3":null,"adm3_pcode":"SS020804","adm2_name":"Torit","adm2_name1":null,"adm2_name2":null,"adm2_name3":null,"adm2_pcode":"SS0208","adm1_name":"Eastern Equatoria","adm1_name1":null,"adm1_name2":null,"adm1_name3":null,"adm1_pcode":"SS02","adm0_name":"South Sudan","adm0_name1":null,"adm0_name2":null,"adm0_name3":null,"adm0_pcode":"SS","valid_on":"2022-12-19","valid_to":null,"version":"v03","lang":"en","lang1":null,"lang2":null,"lang3":null},"geometry":{"type":"Point","coordinates":[32.528655266000158,4.115940747000138]}},
{"type":"Feature","properties":{"admin_level":3,"name":"Imurok","name1":null,"name2":null,"name3":null,"x_coord":32.42038734,"y_coord":4.33266084,"adm4_name":null,"adm4_name1":null,"adm4_name2":null,"adm4_name3":null,"adm4_pcode":null,"adm3_name":"Imurok","adm3_name1":null,"adm3_name2":null,"adm3_name3":null,"adm3_pcode":"SS020805","adm2_name":"Torit","adm2_name1":null,"adm2_name2":null,"adm2_name3":null,"adm2_pcode":"SS0208","adm1_name":"Eastern Equatoria","adm1_name1":null,"adm1_name2":null,"adm1_name3":null,"adm1_pcode":"SS02","adm0_name":"South Sudan","adm0_name1":null,"adm0_name2":null,"adm0_name3":null,"adm0_pcode":"SS","valid_on":"2022-12-19","valid_to":null,"version":"v03","lang":"en","lang1":null,"lang2":null,"lang3":null},"geometry":{"type":"Point","coordinates":[32.420387343000073,4.332660840000074]}},
{"type":"Feature","properties":{"admin_level":3,"name":"Kudo","name1":null,"name2":null,"name3":null,"x_coord":32.22134535,"y_coord":4.38598528,"adm4_name":null,"adm4_name1":null,"adm4_name2":null,"adm4_name3":null,"adm4_pcode":null,"adm3_name":"Kudo","adm3_name1":null,"adm3_name2":null,"adm3_name3":null,"adm3_pcode":"SS020806","adm2_name":"Torit","adm2_name1":null,"adm2_name2":null,"adm2_name3":null,"adm2_pcode":"SS0208","adm1_name":"Eastern Equatoria","adm1_name1":null,"adm1_name2":null,"adm1_name3":null,"adm1_pcode":"SS02","adm0_name":"South Sudan","adm0_name1":null,"adm0_name2":null,"adm0_name3":null,"adm0_pcode":"SS","valid_on":"2022-12-19","valid_to":null,"version":"v03","lang":"en","lang1":null,"lang2":null,"lang3":null},"geometry":{"type":"Point","coordinates":[32.221345347000067,4.385985277000145]}},
{"type":"Feature","properties":{"admin_level":3,"name":"Torit","name1":null,"name2":null,"name3":null,"x_coord":32.55747816,"y_coord":4.41207216,"adm4_name":null,"adm4_name1":null,"adm4_name2":null,"adm4_name3":null,"adm4_pcode":null,"adm3_name":"Torit","adm3_name1":null,"adm3_name2":null,"adm3_name3":null,"adm3_pcode":"SS020807","adm2_name":"Torit","adm2_name1":null,"adm2_name2":null,"adm2_name3":null,"adm2_pcode":"SS0208","adm1_name":"Eastern Equatoria","adm1_name1":null,"adm1_name2":null,"adm1_name3":null,"adm1_pcode":"SS02","adm0_name":"South Sudan","adm0_name1":null,"adm0_name2":null,"adm0_name3":null,"adm0_pcode":"SS","valid_on":"2022-12-19","valid_to":null,"version":"v03","lang":"en","lang1":null,"lang2":null,"lang3":null},"geometry":{"type":"Point","coordinates":[32.557478159000084,4.412072160000037]}},
{"type":"Feature","properties":{"admin_level":3,"name":"Alali","name1":null,"name2":null,"name3":null,"x_coord":33.3301571,"y_coord":7.66458203,"adm4_name":null,"adm4_name1":null,"adm4_name2":null,"adm4_name3":null,"adm4_pcode":null,"adm3_name":"Alali","adm3_name1":null,"adm3_name2":null,"adm3_name3":null,"adm3_pcode":"SS030101","adm2_name":"Akobo","adm2_name1":null,"adm2_name2":null,"adm2_name3":null,"adm2_pcode":"SS0301","adm1_name":"Jonglei","adm1_name1":null,"adm1_name2":null,"adm1_name3":null,"adm1_pcode":"SS03","adm0_name":"South Sudan","adm0_name1":null,"adm0_name2":null,"adm0_name3":null,"adm0_pcode":"SS","valid_on":"2022-12-19","valid_to":null,"version":"v03","lang":"en","lang1":null,"lang2":null,"lang3":null},"geometry":{"type":"Point","coordinates":[33.330157098000143,7.664582025000016]}},
{"type":"Feature","properties":{"admin_level":3,"name":"Barmach","name1":null,"name2":null,"name3":null,"x_coord":32.29633229,"y_coord":8.29286852,"adm4_name":null,"adm4_name1":null,"adm4_name2":null,"adm4_name3":null,"adm4_pcode":null,"adm3_name":"Barmach","adm3_name1":null,"adm3_name2":null,"adm3_name3":null,"adm3_pcode":"SS030102","adm2_name":"Akobo","adm2_name1":null,"adm2_name2":null,"adm2_name3":null,"adm2_pcode":"SS0301","adm1_name":"Jonglei","adm1_name1":null,"adm1_name2":null,"adm1_name3":null,"adm1_pcode":"SS03","adm0_name":"South Sudan","adm0_name1":null,"adm0_name2":null,"adm0_name3":null,"adm0_pcode":"SS","valid_on":"2022-12-19","valid_to":null,"version":"v03","lang":"en","lang1":null,"lang2":null,"lang3":null},"geometry":{"type":"Point","coordinates":[32.296332291000056,8.292868515000123]}},
{"type":"Feature","properties":{"admin_level":3,"name":"Bilkey","name1":null,"name2":null,"name3":null,"x_coord":32.76977907,"y_coord":7.62106757,"adm4_name":null,"adm4_name1":null,"adm4_name2":null,"adm4_name3":null,"adm4_pcode":null,"adm3_name":"Bilkey","adm3_name1":null,"adm3_name2":null,"adm3_name3":null,"adm3_pcode":"SS030103","adm2_name":"Akobo","adm2_name1":null,"adm2_name2":null,"adm2_name3":null,"adm2_pcode":"SS0301","adm1_name":"Jonglei","adm1_name1":null,"adm1_name2":null,"adm1_name3":null,"adm1_pcode":"SS03","adm0_name":"South Sudan","adm0_name1":null,"adm0_name2":null,"adm0_name3":null,"adm0_pcode":"SS","valid_on":"2022-12-19","valid_to":null,"version":"v03","lang":"en","lang1":null,"lang2":null,"lang3":null},"geometry":{"type":"Point","coordinates":[32.769779073000109,7.621067565000146]}},
{"type":"Feature","properties":{"admin_level":3,"name":"Buong","name1":null,"name2":null,"name3":null,"x_coord":32.41843253,"y_coord":8.22504028,"adm4_name":null,"adm4_name1":null,"adm4_name2":null,"adm4_name3":null,"adm4_pcode":null,"adm3_name":"Buong","adm3_name1":null,"adm3_name2":null,"adm3_name3":null,"adm3_pcode":"SS030104","adm2_name":"Akobo","adm2_name1":null,"adm2_name2":null,"adm2_name3":null,"adm2_pcode":"SS0301","adm1_name":"Jonglei","adm1_name1":null,"adm1_name2":null,"adm1_name3":null,"adm1_pcode":"SS03","adm0_name":"South Sudan","adm0_name1":null,"adm0_name2":null,"adm0_name3":null,"adm0_pcode":"SS","valid_on":"2022-12-19","valid_to":null,"version":"v03","lang":"en","lang1":null,"lang2":null,"lang3":null},"geometry":{"type":"Point","coordinates":[32.41843253400009,8.225040280000144]}},
{"type":"Feature","properties":{"admin_level":3,"name":"Dengjok","name1":null,"name2":null,"name3":null,"x_coord":32.79672712,"y_coord":7.85114987,"adm4_name":null,"adm4_name1":null,"adm4_name2":null,"adm4_name3":null,"adm4_pcode":null,"adm3_name":"Dengjok","adm3_name1":null,"adm3_name2":null,"adm3_name3":null,"adm3_pcode":"SS030105","adm2_name":"Akobo","adm2_name1":null,"adm2_name2":null,"adm2_name3":null,"adm2_pcode":"SS0301","adm1_name":"Jonglei","adm1_name1":null,"adm1_name2":null,"adm1_name3":null,"adm1_pcode":"SS03","adm0_name":"South Sudan","adm0_name1":null,"adm0_name2":null,"adm0_name3":null,"adm0_pcode":"SS","valid_on":"2022-12-19","valid_to":null,"version":"v03","lang":"en","lang1":null,"lang2":null,"lang3":null},"geometry":{"type":"Point","coordinates":[32.79672712200005,7.851149865000025]}},
{"type":"Feature","properties":{"admin_level":3,"name":"Diror","name1":null,"name2":null,"name3":null,"x_coord":32.67313754,"y_coord":8.15655996,"adm4_name":null,"adm4_name1":null,"adm4_name2":null,"adm4_name3":null,"adm4_pcode":null,"adm3_name":"Diror","adm3_name1":null,"adm3_name2":null,"adm3_name3":null,"adm3_pcode":"SS030106","adm2_name":"Akobo","adm2_name1":null,"adm2_name2":null,"adm2_name3":null,"adm2_pcode":"SS0301","adm1_name":"Jonglei","adm1_name1":null,"adm1_name2":null,"adm1_name3":null,"adm1_pcode":"SS03","adm0_name":"South Sudan","adm0_name1":null,"adm0_name2":null,"adm0_name3":null,"adm0_pcode":"SS","valid_on":"2022-12-19","valid_to":null,"version":"v03","lang":"en","lang1":null,"lang2":null,"lang3":null},"geometry":{"type":"Point","coordinates":[32.673137537000059,8.156559960000095]}},
{"type":"Feature","properties":{"admin_level":3,"name":"Nyandit","name1":null,"name2":null,"name3":null,"x_coord":33.17710459,"y_coord":7.47716612,"adm4_name":null,"adm4_name1":null,"adm4_name2":null,"adm4_name3":null,"adm4_pcode":null,"adm3_name":"Nyandit","adm3_name1":null,"adm3_name2":null,"adm3_name3":null,"adm3_pcode":"SS030107","adm2_name":"Akobo","adm2_name1":null,"adm2_name2":null,"adm2_name3":null,"adm2_pcode":"SS0301","adm1_name":"Jonglei","adm1_name1":null,"adm1_name2":null,"adm1_name3":null,"adm1_pcode":"SS03","adm0_name":"South Sudan","adm0_name1":null,"adm0_name2":null,"adm0_name3":null,"adm0_pcode":"SS","valid_on":"2022-12-19","valid_to":null,"version":"v03","lang":"en","lang1":null,"lang2":null,"lang3":null},"geometry":{"type":"Point","coordinates":[33.177104593000081,7.477166124000121]}},
{"type":"Feature","properties":{"admin_level":3,"name":"Walgak","name1":null,"name2":null,"name3":null,"x_coord":32.21768978,"y_coord":8.16851943,"adm4_name":null,"adm4_name1":null,"adm4_name2":null,"adm4_name3":null,"adm4_pcode":null,"adm3_name":"Walgak","adm3_name1":null,"adm3_name2":null,"adm3_name3":null,"adm3_pcode":"SS030108","adm2_name":"Akobo","adm2_name1":null,"adm2_name2":null,"adm2_name3":null,"adm2_pcode":"SS0301","adm1_name":"Jonglei","adm1_name1":null,"adm1_name2":null,"adm1_name3":null,"adm1_pcode":"SS03","adm0_name":"South Sudan","adm0_name1":null,"adm0_name2":null,"adm0_name3":null,"adm0_pcode":"SS","valid_on":"2022-12-19","valid_to":null,"version":"v03","lang":"en","lang1":null,"lang2":null,"lang3":null},"geometry":{"type":"Point","coordinates":[32.217689777000089,8.16851943]}},
{"type":"Feature","properties":{"admin_level":3,"name":"Ayod","name1":null,"name2":null,"name3":null,"x_coord":31.52402538,"y_coord":8.24632893,"adm4_name":null,"adm4_name1":null,"adm4_name2":null,"adm4_name3":null,"adm4_pcode":null,"adm3_name":"Ayod","adm3_name1":null,"adm3_name2":null,"adm3_name3":null,"adm3_pcode":"SS030201","adm2_name":"Ayod","adm2_name1":null,"adm2_name2":null,"adm2_name3":null,"adm2_pcode":"SS0302","adm1_name":"Jonglei","adm1_name1":null,"adm1_name2":null,"adm1_name3":null,"adm1_pcode":"SS03","adm0_name":"South Sudan","adm0_name1":null,"adm0_name2":null,"adm0_name3":null,"adm0_pcode":"SS","valid_on":"2022-12-19","valid_to":null,"version":"v03","lang":"en","lang1":null,"lang2":null,"lang3":null},"geometry":{"type":"Point","coordinates":[31.524025384000083,8.246328930000118]}},
{"type":"Feature","properties":{"admin_level":3,"name":"Kurwai","name1":null,"name2":null,"name3":null,"x_coord":30.72249207,"y_coord":8.52071619,"adm4_name":null,"adm4_name1":null,"adm4_name2":null,"adm4_name3":null,"adm4_pcode":null,"adm3_name":"Kurwai","adm3_name1":null,"adm3_name2":null,"adm3_name3":null,"adm3_pcode":"SS030202","adm2_name":"Ayod","adm2_name1":null,"adm2_name2":null,"adm2_name3":null,"adm2_pcode":"SS0302","adm1_name":"Jonglei","adm1_name1":null,"adm1_name2":null,"adm1_name3":null,"adm1_pcode":"SS03","adm0_name":"South Sudan","adm0_name1":null,"adm0_name2":null,"adm0_name3":null,"adm0_pcode":"SS","valid_on":"2022-12-19","valid_to":null,"version":"v03","lang":"en","lang1":null,"lang2":null,"lang3":null},"geometry":{"type":"Point","coordinates":[30.722492068000122,8.52071619100002]}},
{"type":"Feature","properties":{"admin_level":3,"name":"Kuach-deng","name1":null,"name2":null,"name3":null,"x_coord":31.20120792,"y_coord":8.23349948,"adm4_name":null,"adm4_name1":null,"adm4_name2":null,"adm4_name3":null,"adm4_pcode":null,"adm3_name":"Kuach-deng","adm3_name1":null,"adm3_name2":null,"adm3_name3":null,"adm3_pcode":"SS030203","adm2_name":"Ayod","adm2_name1":null,"adm2_name2":null,"adm2_name3":null,"adm2_pcode":"SS0302","adm1_name":"Jonglei","adm1_name1":null,"adm1_name2":null,"adm1_name3":null,"adm1_pcode":"SS03","adm0_name":"South Sudan","adm0_name1":null,"adm0_name2":null,"adm0_name3":null,"adm0_pcode":"SS","valid_on":"2022-12-19","valid_to":null,"version":"v03","lang":"en","lang1":null,"lang2":null,"lang3":null},"geometry":{"type":"Point","coordinates":[31.201207920000058,8.233499475000087]}},
{"type":"Feature","properties":{"admin_level":3,"name":"Mogok","name1":null,"name2":null,"name3":null,"x_coord":31.28062685,"y_coord":8.5278542,"adm4_name":null,"adm4_name1":null,"adm4_name2":null,"adm4_name3":null,"adm4_pcode":null,"adm3_name":"Mogok","adm3_name1":null,"adm3_name2":null,"adm3_name3":null,"adm3_pcode":"SS030204","adm2_name":"Ayod","adm2_name1":null,"adm2_name2":null,"adm2_name3":null,"adm2_pcode":"SS0302","adm1_name":"Jonglei","adm1_name1":null,"adm1_name2":null,"adm1_name3":null,"adm1_pcode":"SS03","adm0_name":"South Sudan","adm0_name1":null,"adm0_name2":null,"adm0_name3":null,"adm0_pcode":"SS","valid_on":"2022-12-19","valid_to":null,"version":"v03","lang":"en","lang1":null,"lang2":null,"lang3":null},"geometry":{"type":"Point","coordinates":[31.280626853000172,8.527854195000032]}},
{"type":"Feature","properties":{"admin_level":3,"name":"Pagil","name1":null,"name2":null,"name3":null,"x_coord":31.04322099,"y_coord":8.71274394,"adm4_name":null,"adm4_name1":null,"adm4_name2":null,"adm4_name3":null,"adm4_pcode":null,"adm3_name":"Pagil","adm3_name1":null,"adm3_name2":null,"adm3_name3":null,"adm3_pcode":"SS030205","adm2_name":"Ayod","adm2_name1":null,"adm2_name2":null,"adm2_name3":null,"adm2_pcode":"SS0302","adm1_name":"Jonglei","adm1_name1":null,"adm1_name2":null,"adm1_name3":null,"adm1_pcode":"SS03","adm0_name":"South Sudan","adm0_name1":null,"adm0_name2":null,"adm0_name3":null,"adm0_pcode":"SS","valid_on":"2022-12-19","valid_to":null,"version":"v03","lang":"en","lang1":null,"lang2":null,"lang3":null},"geometry":{"type":"Point","coordinates":[31.043220989000076,8.712743940000109]}},
{"type":"Feature","properties":{"admin_level":3,"name":"Pajiek","name1":null,"name2":null,"name3":null,"x_coord":30.89397502,"y_coord":7.96845222,"adm4_name":null,"adm4_name1":null,"adm4_name2":null,"adm4_name3":null,"adm4_pcode":null,"adm3_name":"Pajiek","adm3_name1":null,"adm3_name2":null,"adm3_name3":null,"adm3_pcode":"SS030206","adm2_name":"Ayod","adm2_name1":null,"adm2_name2":null,"adm2_name3":null,"adm2_pcode":"SS0302","adm1_name":"Jonglei","adm1_name1":null,"adm1_name2":null,"adm1_name3":null,"adm1_pcode":"SS03","adm0_name":"South Sudan","adm0_name1":null,"adm0_name2":null,"adm0_name3":null,"adm0_pcode":"SS","valid_on":"2022-12-19","valid_to":null,"version":"v03","lang":"en","lang1":null,"lang2":null,"lang3":null},"geometry":{"type":"Point","coordinates":[30.89397502300011,7.96845221600006]}},
{"type":"Feature","properties":{"admin_level":3,"name":"Wau","name1":null,"name2":null,"name3":null,"x_coord":30.73065422,"y_coord":8.25644615,"adm4_name":null,"adm4_name1":null,"adm4_name2":null,"adm4_name3":null,"adm4_pcode":null,"adm3_name":"Wau","adm3_name1":null,"adm3_name2":null,"adm3_name3":null,"adm3_pcode":"SS030207","adm2_name":"Ayod","adm2_name1":null,"adm2_name2":null,"adm2_name3":null,"adm2_pcode":"SS0302","adm1_name":"Jonglei","adm1_name1":null,"adm1_name2":null,"adm1_name3":null,"adm1_pcode":"SS03","adm0_name":"South Sudan","adm0_name1":null,"adm0_name2":null,"adm0_name3":null,"adm0_pcode":"SS","valid_on":"2022-12-19","valid_to":null,"version":"v03","lang":"en","lang1":null,"lang2":null,"lang3":null},"geometry":{"type":"Point","coordinates":[30.730654220000076,8.256446145000155]}},
{"type":"Feature","properties":{"admin_level":3,"name":"Anyidi","name1":null,"name2":null,"name3":null,"x_coord":32.11964874,"y_coord":6.27147306,"adm4_name":null,"adm4_name1":null,"adm4_name2":null,"adm4_name3":null,"adm4_pcode":null,"adm3_name":"Anyidi","adm3_name1":null,"adm3_name2":null,"adm3_name3":null,"adm3_pcode":"SS030301","adm2_name":"Bor South","adm2_name1":null,"adm2_name2":null,"adm2_name3":null,"adm2_pcode":"SS0303","adm1_name":"Jonglei","adm1_name1":null,"adm1_name2":null,"adm1_name3":null,"adm1_pcode":"SS03","adm0_name":"South Sudan","adm0_name1":null,"adm0_name2":null,"adm0_name3":null,"adm0_pcode":"SS","valid_on":"2022-12-19","valid_to":null,"version":"v03","lang":"en","lang1":null,"lang2":null,"lang3":null},"geometry":{"type":"Point","coordinates":[32.119648740000173,6.271473060000119]}},
{"type":"Feature","properties":{"admin_level":3,"name":"Baidit","name1":null,"name2":null,"name3":null,"x_coord":31.9851195,"y_coord":6.71234904,"adm4_name":null,"adm4_name1":null,"adm4_name2":null,"adm4_name3":null,"adm4_pcode":null,"adm3_name":"Baidit","adm3_name1":null,"adm3_name2":null,"adm3_name3":null,"adm3_pcode":"SS030302","adm2_name":"Bor South","adm2_name1":null,"adm2_name2":null,"adm2_name3":null,"adm2_pcode":"SS0303","adm1_name":"Jonglei","adm1_name1":null,"adm1_name2":null,"adm1_name3":null,"adm1_pcode":"SS03","adm0_name":"South Sudan","adm0_name1":null,"adm0_name2":null,"adm0_name3":null,"adm0_pcode":"SS","valid_on":"2022-12-19","valid_to":null,"version":"v03","lang":"en","lang1":null,"lang2":null,"lang3":null},"geometry":{"type":"Point","coordinates":[31.985119505000057,6.71234904]}},
{"type":"Feature","properties":{"admin_level":3,"name":"Bor","name1":null,"name2":null,"name3":null,"x_coord":31.57153288,"y_coord":6.24507598,"adm4_name":null,"adm4_name1":null,"adm4_name2":null,"adm4_name3":null,"adm4_pcode":null,"adm3_name":"Bor","adm3_name1":null,"adm3_name2":null,"adm3_name3":null,"adm3_pcode":"SS030303","adm2_name":"Bor South","adm2_name1":null,"adm2_name2":null,"adm2_name3":null,"adm2_pcode":"SS0303","adm1_name":"Jonglei","adm1_name1":null,"adm1_name2":null,"adm1_name3":null,"adm1_pcode":"SS03","adm0_name":"South Sudan","adm0_name1":null,"adm0_name2":null,"adm0_name3":null,"adm0_pcode":"SS","valid_on":"2022-12-19","valid_to":null,"version":"v03","lang":"en","lang1":null,"lang2":null,"lang3":null},"geometry":{"type":"Point","coordinates":[31.571532881000053,6.245075984000096]}},
{"type":"Feature","properties":{"admin_level":3,"name":"Jalle","name1":null,"name2":null,"name3":null,"x_coord":31.48233576,"y_coord":6.62475419,"adm4_name":null,"adm4_name1":null,"adm4_name2":null,"adm4_name3":null,"adm4_pcode":null,"adm3_name":"Jalle","adm3_name1":null,"adm3_name2":null,"adm3_name3":null,"adm3_pcode":"SS030304","adm2_name":"Bor South","adm2_name1":null,"adm2_name2":null,"adm2_name3":null,"adm2_pcode":"SS0303","adm1_name":"Jonglei","adm1_name1":null,"adm1_name2":null,"adm1_name3":null,"adm1_pcode":"SS03","adm0_name":"South Sudan","adm0_name1":null,"adm0_name2":null,"adm0_name3":null,"adm0_pcode":"SS","valid_on":"2022-12-19","valid_to":null,"version":"v03","lang":"en","lang1":null,"lang2":null,"lang3":null},"geometry":{"type":"Point","coordinates":[31.482335761000058,6.624754191000022]}},
{"type":"Feature","properties":{"admin_level":3,"name":"Kolnyang","name1":null,"name2":null,"name3":null,"x_coord":32.05755677,"y_coord":6.06437933,"adm4_name":null,"adm4_name1":null,"adm4_name2":null,"adm4_name3":null,"adm4_pcode":null,"adm3_name":"Kolnyang","adm3_name1":null,"adm3_name2":null,"adm3_name3":null,"adm3_pcode":"SS030305","adm2_name":"Bor South","adm2_name1":null,"adm2_name2":null,"adm2_name3":null,"adm2_pcode":"SS0303","adm1_name":"Jonglei","adm1_name1":null,"adm1_name2":null,"adm1_name3":null,"adm1_pcode":"SS03","adm0_name":"South Sudan","adm0_name1":null,"adm0_name2":null,"adm0_name3":null,"adm0_pcode":"SS","valid_on":"2022-12-19","valid_to":null,"version":"v03","lang":"en","lang1":null,"lang2":null,"lang3":null},"geometry":{"type":"Point","coordinates":[32.05755676800004,6.064379334000023]}},
{"type":"Feature","properties":{"admin_level":3,"name":"Makuach","name1":null,"name2":null,"name3":null,"x_coord":32.31482997,"y_coord":6.65330904,"adm4_name":null,"adm4_name1":null,"adm4_name2":null,"adm4_name3":null,"adm4_pcode":null,"adm3_name":"Makuach","adm3_name1":null,"adm3_name2":null,"adm3_name3":null,"adm3_pcode":"SS030306","adm2_name":"Bor South","adm2_name1":null,"adm2_name2":null,"adm2_name3":null,"adm2_pcode":"SS0303","adm1_name":"Jonglei","adm1_name1":null,"adm1_name2":null,"adm1_name3":null,"adm1_pcode":"SS03","adm0_name":"South Sudan","adm0_name1":null,"adm0_name2":null,"adm0_name3":null,"adm0_pcode":"SS","valid_on":"2022-12-19","valid_to":null,"version":"v03","lang":"en","lang1":null,"lang2":null,"lang3":null},"geometry":{"type":"Point","coordinates":[32.314829974000133,6.653309040000181]}},
{"type":"Feature","properties":{"admin_level":3,"name":"Alam","name1":null,"name2":null,"name3":null,"x_coord":31.28260097,"y_coord":8.98494709,"adm4_name":null,"adm4_name1":null,"adm4_name2":null,"adm4_name3":null,"adm4_pcode":null,"adm3_name":"Alam","adm3_name1":null,"adm3_name2":null,"adm3_name3":null,"adm3_pcode":"SS030401","adm2_name":"Canal/Pigi","adm2_name1":null,"adm2_name2":null,"adm2_name3":null,"adm2_pcode":"SS0304","adm1_name":"Jonglei","adm1_name1":null,"adm1_name2":null,"adm1_name3":null,"adm1_pcode":"SS03","adm0_name":"South Sudan","adm0_name1":null,"adm0_name2":null,"adm0_name3":null,"adm0_pcode":"SS","valid_on":"2022-12-19","valid_to":null,"version":"v03","lang":"en","lang1":null,"lang2":null,"lang3":null},"geometry":{"type":"Point","coordinates":[31.282600968000168,8.984947095000166]}},
{"type":"Feature","properties":{"admin_level":3,"name":"Atar","name1":null,"name2":null,"name3":null,"x_coord":31.41002273,"y_coord":9.25004444,"adm4_name":null,"adm4_name1":null,"adm4_name2":null,"adm4_name3":null,"adm4_pcode":null,"adm3_name":"Atar","adm3_name1":null,"adm3_name2":null,"adm3_name3":null,"adm3_pcode":"SS030402","adm2_name":"Canal/Pigi","adm2_name1":null,"adm2_name2":null,"adm2_name3":null,"adm2_pcode":"SS0304","adm1_name":"Jonglei","adm1_name1":null,"adm1_name2":null,"adm1_name3":null,"adm1_pcode":"SS03","adm0_name":"South Sudan","adm0_name1":null,"adm0_name2":null,"adm0_name3":null,"adm0_pcode":"SS","valid_on":"2022-12-19","valid_to":null,"version":"v03","lang":"en","lang1":null,"lang2":null,"lang3":null},"geometry":{"type":"Point","coordinates":[31.410022726000079,9.25004443500012]}},
{"type":"Feature","properties":{"admin_level":3,"name":"Belewach","name1":null,"name2":null,"name3":null,"x_coord":31.77972408,"y_coord":9.13454658,"adm4_name":null,"adm4_name1":null,"adm4_name2":null,"adm4_name3":null,"adm4_pcode":null,"adm3_name":"Belewach","adm3_name1":null,"adm3_name2":null,"adm3_name3":null,"adm3_pcode":"SS030403","adm2_name":"Canal/Pigi","adm2_name1":null,"adm2_name2":null,"adm2_name3":null,"adm2_pcode":"SS0304","adm1_name":"Jonglei","adm1_name1":null,"adm1_name2":null,"adm1_name3":null,"adm1_pcode":"SS03","adm0_name":"South Sudan","adm0_name1":null,"adm0_name2":null,"adm0_name3":null,"adm0_pcode":"SS","valid_on":"2022-12-19","valid_to":null,"version":"v03","lang":"en","lang1":null,"lang2":null,"lang3":null},"geometry":{"type":"Point","coordinates":[31.779724078000072,9.134546580000176]}},
{"type":"Feature","properties":{"admin_level":3,"name":"Kaldak","name1":null,"name2":null,"name3":null,"x_coord":31.50532185,"y_coord":9.31997696,"adm4_name":null,"adm4_name1":null,"adm4_name2":null,"adm4_name3":null,"adm4_pcode":null,"adm3_name":"Kaldak","adm3_name1":null,"adm3_name2":null,"adm3_name3":null,"adm3_pcode":"SS030404","adm2_name":"Canal/Pigi","adm2_name1":null,"adm2_name2":null,"adm2_name3":null,"adm2_pcode":"SS0304","adm1_name":"Jonglei","adm1_name1":null,"adm1_name2":null,"adm1_name3":null,"adm1_pcode":"SS03","adm0_name":"South Sudan","adm0_name1":null,"adm0_name2":null,"adm0_name3":null,"adm0_pcode":"SS","valid_on":"2022-12-19","valid_to":null,"version":"v03","lang":"en","lang1":null,"lang2":null,"lang3":null},"geometry":{"type":"Point","coordinates":[31.505321848999984,9.319976955000072]}},
{"type":"Feature","properties":{"admin_level":3,"name":"Korwach","name1":null,"name2":null,"name3":null,"x_coord":31.20601467,"y_coord":9.23905238,"adm4_name":null,"adm4_name1":null,"adm4_name2":null,"adm4_name3":null,"adm4_pcode":null,"adm3_name":"Korwach","adm3_name1":null,"adm3_name2":null,"adm3_name3":null,"adm3_pcode":"SS030405","adm2_name":"Canal/Pigi","adm2_name1":null,"adm2_name2":null,"adm2_name3":null,"adm2_pcode":"SS0304","adm1_name":"Jonglei","adm1_name1":null,"adm1_name2":null,"adm1_name3":null,"adm1_pcode":"SS03","adm0_name":"South Sudan","adm0_name1":null,"adm0_name2":null,"adm0_name3":null,"adm0_pcode":"SS","valid_on":"2022-12-19","valid_to":null,"version":"v03","lang":"en","lang1":null,"lang2":null,"lang3":null},"geometry":{"type":"Point","coordinates":[31.206014673000141,9.239052375000142]}},
{"type":"Feature","properties":{"admin_level":3,"name":"Mareng","name1":null,"name2":null,"name3":null,"x_coord":31.59748906,"y_coord":9.11499143,"adm4_name":null,"adm4_name1":null,"adm4_name2":null,"adm4_name3":null,"adm4_pcode":null,"adm3_name":"Mareng","adm3_name1":null,"adm3_name2":null,"adm3_name3":null,"adm3_pcode":"SS030406","adm2_name":"Canal/Pigi","adm2_name1":null,"adm2_name2":null,"adm2_name3":null,"adm2_pcode":"SS0304","adm1_name":"Jonglei","adm1_name1":null,"adm1_name2":null,"adm1_name3":null,"adm1_pcode":"SS03","adm0_name":"South Sudan","adm0_name1":null,"adm0_name2":null,"adm0_name3":null,"adm0_pcode":"SS","valid_on":"2022-12-19","valid_to":null,"version":"v03","lang":"en","lang1":null,"lang2":null,"lang3":null},"geometry":{"type":"Point","coordinates":[31.597489057000075,9.114991425000142]}},
{"type":"Feature","properties":{"admin_level":3,"name":"Nyainthokmalual","name1":null,"name2":null,"name3":null,"x_coord":31.57398488,"y_coord":9.31184177,"adm4_name":null,"adm4_name1":null,"adm4_name2":null,"adm4_name3":null,"adm4_pcode":null,"adm3_name":"Nyainthokmalual","adm3_name1":null,"adm3_name2":null,"adm3_name3":null,"adm3_pcode":"SS030407","adm2_name":"Canal/Pigi","adm2_name1":null,"adm2_name2":null,"adm2_name3":null,"adm2_pcode":"SS0304","adm1_name":"Jonglei","adm1_name1":null,"adm1_name2":null,"adm1_name3":null,"adm1_pcode":"SS03","adm0_name":"South Sudan","adm0_name1":null,"adm0_name2":null,"adm0_name3":null,"adm0_pcode":"SS","valid_on":"2022-12-19","valid_to":null,"version":"v03","lang":"en","lang1":null,"lang2":null,"lang3":null},"geometry":{"type":"Point","coordinates":[31.573984877000044,9.311841765000054]}},
{"type":"Feature","properties":{"admin_level":3,"name":"Wunlem","name1":null,"name2":null,"name3":null,"x_coord":31.65316067,"y_coord":8.94414997,"adm4_name":null,"adm4_name1":null,"adm4_name2":null,"adm4_name3":null,"adm4_pcode":null,"adm3_name":"Wunlem","adm3_name1":null,"adm3_name2":null,"adm3_name3":null,"adm3_pcode":"SS030408","adm2_name":"Canal/Pigi","adm2_name1":null,"adm2_name2":null,"adm2_name3":null,"adm2_pcode":"SS0304","adm1_name":"Jonglei","adm1_name1":null,"adm1_name2":null,"adm1_name3":null,"adm1_pcode":"SS03","adm0_name":"South Sudan","adm0_name1":null,"adm0_name2":null,"adm0_name3":null,"adm0_pcode":"SS","valid_on":"2022-12-19","valid_to":null,"version":"v03","lang":"en","lang1":null,"lang2":null,"lang3":null},"geometry":{"type":"Point","coordinates":[31.653160675000095,8.944149971]}},
{"type":"Feature","properties":{"admin_level":3,"name":"Ageer","name1":null,"name2":null,"name3":null,"x_coord":31.23020544,"y_coord":7.45126016,"adm4_name":null,"adm4_name1":null,"adm4_name2":null,"adm4_name3":null,"adm4_pcode":null,"adm3_name":"Ageer","adm3_name1":null,"adm3_name2":null,"adm3_name3":null,"adm3_pcode":"SS030501","adm2_name":"Duk","adm2_name1":null,"adm2_name2":null,"adm2_name3":null,"adm2_pcode":"SS0305","adm1_name":"Jonglei","adm1_name1":null,"adm1_name2":null,"adm1_name3":null,"adm1_pcode":"SS03","adm0_name":"South Sudan","adm0_name1":null,"adm0_name2":null,"adm0_name3":null,"adm0_pcode":"SS","valid_on":"2022-12-19","valid_to":null,"version":"v03","lang":"en","lang1":null,"lang2":null,"lang3":null},"geometry":{"type":"Point","coordinates":[31.230205436000176,7.451260155000114]}},
{"type":"Feature","properties":{"admin_level":3,"name":"Dongchak","name1":null,"name2":null,"name3":null,"x_coord":30.91755054,"y_coord":7.55750178,"adm4_name":null,"adm4_name1":null,"adm4_name2":null,"adm4_name3":null,"adm4_pcode":null,"adm3_name":"Dongchak","adm3_name1":null,"adm3_name2":null,"adm3_name3":null,"adm3_pcode":"SS030502","adm2_name":"Duk","adm2_name1":null,"adm2_name2":null,"adm2_name3":null,"adm2_pcode":"SS0305","adm1_name":"Jonglei","adm1_name1":null,"adm1_name2":null,"adm1_name3":null,"adm1_pcode":"SS03","adm0_name":"South Sudan","adm0_name1":null,"adm0_name2":null,"adm0_name3":null,"adm0_pcode":"SS","valid_on":"2022-12-19","valid_to":null,"version":"v03","lang":"en","lang1":null,"lang2":null,"lang3":null},"geometry":{"type":"Point","coordinates":[30.917550544000051,7.557501782000031]}},
{"type":"Feature","properties":{"admin_level":3,"name":"Padiet","name1":null,"name2":null,"name3":null,"x_coord":31.29850358,"y_coord":7.82597101,"adm4_name":null,"adm4_name1":null,"adm4_name2":null,"adm4_name3":null,"adm4_pcode":null,"adm3_name":"Padiet","adm3_name1":null,"adm3_name2":null,"adm3_name3":null,"adm3_pcode":"SS030503","adm2_name":"Duk","adm2_name1":null,"adm2_name2":null,"adm2_name3":null,"adm2_pcode":"SS0305","adm1_name":"Jonglei","adm1_name1":null,"adm1_name2":null,"adm1_name3":null,"adm1_pcode":"SS03","adm0_name":"South Sudan","adm0_name1":null,"adm0_name2":null,"adm0_name3":null,"adm0_pcode":"SS","valid_on":"2022-12-19","valid_to":null,"version":"v03","lang":"en","lang1":null,"lang2":null,"lang3":null},"geometry":{"type":"Point","coordinates":[31.298503581000148,7.825971008000124]}},
{"type":"Feature","properties":{"admin_level":3,"name":"Payuel","name1":null,"name2":null,"name3":null,"x_coord":31.45904384,"y_coord":7.54528163,"adm4_name":null,"adm4_name1":null,"adm4_name2":null,"adm4_name3":null,"adm4_pcode":null,"adm3_name":"Payuel","adm3_name1":null,"adm3_name2":null,"adm3_name3":null,"adm3_pcode":"SS030504","adm2_name":"Duk","adm2_name1":null,"adm2_name2":null,"adm2_name3":null,"adm2_pcode":"SS0305","adm1_name":"Jonglei","adm1_name1":null,"adm1_name2":null,"adm1_name3":null,"adm1_pcode":"SS03","adm0_name":"South Sudan","adm0_name1":null,"adm0_name2":null,"adm0_name3":null,"adm0_pcode":"SS","valid_on":"2022-12-19","valid_to":null,"version":"v03","lang":"en","lang1":null,"lang2":null,"lang3":null},"geometry":{"type":"Point","coordinates":[31.459043845000053,7.545281625000086]}},
{"type":"Feature","properties":{"admin_level":3,"name":"Pagak","name1":null,"name2":null,"name3":null,"x_coord":31.5413346,"y_coord":7.90114334,"adm4_name":null,"adm4_name1":null,"adm4_name2":null,"adm4_name3":null,"adm4_pcode":null,"adm3_name":"Pagak","adm3_name1":null,"adm3_name2":null,"adm3_name3":null,"adm3_pcode":"SS030505","adm2_name":"Duk","adm2_name1":null,"adm2_name2":null,"adm2_name3":null,"adm2_pcode":"SS0305","adm1_name":"Jonglei","adm1_name1":null,"adm1_name2":null,"adm1_name3":null,"adm1_pcode":"SS03","adm0_name":"South Sudan","adm0_name1":null,"adm0_name2":null,"adm0_name3":null,"adm0_pcode":"SS","valid_on":"2022-12-19","valid_to":null,"version":"v03","lang":"en","lang1":null,"lang2":null,"lang3":null},"geometry":{"type":"Point","coordinates":[31.541334603000053,7.901143335000086]}},
{"type":"Feature","properties":{"admin_level":3,"name":"Panyang","name1":null,"name2":null,"name3":null,"x_coord":31.58197991,"y_coord":7.69077644,"adm4_name":null,"adm4_name1":null,"adm4_name2":null,"adm4_name3":null,"adm4_pcode":null,"adm3_name":"Panyang","adm3_name1":null,"adm3_name2":null,"adm3_name3":null,"adm3_pcode":"SS030506","adm2_name":"Duk","adm2_name1":null,"adm2_name2":null,"adm2_name3":null,"adm2_pcode":"SS0305","adm1_name":"Jonglei","adm1_name1":null,"adm1_name2":null,"adm1_name3":null,"adm1_pcode":"SS03","adm0_name":"South Sudan","adm0_name1":null,"adm0_name2":null,"adm0_name3":null,"adm0_pcode":"SS","valid_on":"2022-12-19","valid_to":null,"version":"v03","lang":"en","lang1":null,"lang2":null,"lang3":null},"geometry":{"type":"Point","coordinates":[31.581979908000164,7.690776435000032]}},
{"type":"Feature","properties":{"admin_level":3,"name":"Manajang","name1":null,"name2":null,"name3":null,"x_coord":30.87945047,"y_coord":9.32071496,"adm4_name":null,"adm4_name1":null,"adm4_name2":null,"adm4_name3":null,"adm4_pcode":null,"adm3_name":"Manajang","adm3_name1":null,"adm3_name2":null,"adm3_name3":null,"adm3_pcode":"SS030601","adm2_name":"Fangak","adm2_name1":null,"adm2_name2":null,"adm2_name3":null,"adm2_pcode":"SS0306","adm1_name":"Jonglei","adm1_name1":null,"adm1_name2":null,"adm1_name3":null,"adm1_pcode":"SS03","adm0_name":"South Sudan","adm0_name1":null,"adm0_name2":null,"adm0_name3":null,"adm0_pcode":"SS","valid_on":"2022-12-19","valid_to":null,"version":"v03","lang":"en","lang1":null,"lang2":null,"lang3":null},"geometry":{"type":"Point","coordinates":[30.879450471000041,9.320714955000028]}},
{"type":"Feature","properties":{"admin_level":3,"name":"Mareang","name1":null,"name2":null,"name3":null,"x_coord":30.58161558,"y_coord":8.79980007,"adm4_name":null,"adm4_name1":null,"adm4_name2":null,"adm4_name3":null,"adm4_pcode":null,"adm3_name":"Mareang","adm3_name1":null,"adm3_name2":null,"adm3_name3":null,"adm3_pcode":"SS030602","adm2_name":"Fangak","adm2_name1":null,"adm2_name2":null,"adm2_name3":null,"adm2_pcode":"SS0306","adm1_name":"Jonglei","adm1_name1":null,"adm1_name2":null,"adm1_name3":null,"adm1_pcode":"SS03","adm0_name":"South Sudan","adm0_name1":null,"adm0_name2":null,"adm0_name3":null,"adm0_pcode":"SS","valid_on":"2022-12-19","valid_to":null,"version":"v03","lang":"en","lang1":null,"lang2":null,"lang3":null},"geometry":{"type":"Point","coordinates":[30.581615585000122,8.799800071000163]}},
{"type":"Feature","properties":{"admin_level":3,"name":"Old Fangak","name1":null,"name2":null,"name3":null,"x_coord":30.92416944,"y_coord":9.02350558,"adm4_name":null,"adm4_name1":null,"adm4_name2":null,"adm4_name3":null,"adm4_pcode":null,"adm3_name":"Old Fangak","adm3_name1":null,"adm3_name2":null,"adm3_name3":null,"adm3_pcode":"SS030603","adm2_name":"Fangak","adm2_name1":null,"adm2_name2":null,"adm2_name3":null,"adm2_pcode":"SS0306","adm1_name":"Jonglei","adm1_name1":null,"adm1_name2":null,"adm1_name3":null,"adm1_pcode":"SS03","adm0_name":"South Sudan","adm0_name1":null,"adm0_name2":null,"adm0_name3":null,"adm0_pcode":"SS","valid_on":"2022-12-19","valid_to":null,"version":"v03","lang":"en","lang1":null,"lang2":null,"lang3":null},"geometry":{"type":"Point","coordinates":[30.92416944200005,9.023505582000098]}},
{"type":"Feature","properties":{"admin_level":3,"name":"Paguir","name1":null,"name2":null,"name3":null,"x_coord":30.59876311,"y_coord":9.1532107,"adm4_name":null,"adm4_name1":null,"adm4_name2":null,"adm4_name3":null,"adm4_pcode":null,"adm3_name":"Paguir","adm3_name1":null,"adm3_name2":null,"adm3_name3":null,"adm3_pcode":"SS030604","adm2_name":"Fangak","adm2_name1":null,"adm2_name2":null,"adm2_name3":null,"adm2_pcode":"SS0306","adm1_name":"Jonglei","adm1_name1":null,"adm1_name2":null,"adm1_name3":null,"adm1_pcode":"SS03","adm0_name":"South Sudan","adm0_name1":null,"adm0_name2":null,"adm0_name3":null,"adm0_pcode":"SS","valid_on":"2022-12-19","valid_to":null,"version":"v03","lang":"en","lang1":null,"lang2":null,"lang3":null},"geometry":{"type":"Point","coordinates":[30.598763107000138,9.153210696000087]}},
{"type":"Feature","properties":{"admin_level":3,"name":"Phom","name1":null,"name2":null,"name3":null,"x_coord":31.13666112,"y_coord":9.38908337,"adm4_name":null,"adm4_name1":null,"adm4_name2":null,"adm4_name3":null,"adm4_pcode":null,"adm3_name":"Phom","adm3_name1":null,"adm3_name2":null,"adm3_name3":null,"adm3_pcode":"SS030605","adm2_name":"Fangak","adm2_name1":null,"adm2_name2":null,"adm2_name3":null,"adm2_pcode":"SS0306","adm1_name":"Jonglei","adm1_name1":null,"adm1_name2":null,"adm1_name3":null,"adm1_pcode":"SS03","adm0_name":"South Sudan","adm0_name1":null,"adm0_name2":null,"adm0_name3":null,"adm0_pcode":"SS","valid_on":"2022-12-19","valid_to":null,"version":"v03","lang":"en","lang1":null,"lang2":null,"lang3":null},"geometry":{"type":"Point","coordinates":[31.136661123000124,9.389083365000033]}},
{"type":"Feature","properties":{"admin_level":3,"name":"Chuil","name1":null,"name2":null,"name3":null,"x_coord":32.36492886,"y_coord":8.81824194,"adm4_name":null,"adm4_name1":null,"adm4_name2":null,"adm4_name3":null,"adm4_pcode":null,"adm3_name":"Chuil","adm3_name1":null,"adm3_name2":null,"adm3_name3":null,"adm3_pcode":"SS030701","adm2_name":"Nyirol","adm2_name1":null,"adm2_name2":null,"adm2_name3":null,"adm2_pcode":"SS0307","adm1_name":"Jonglei","adm1_name1":null,"adm1_name2":null,"adm1_name3":null,"adm1_pcode":"SS03","adm0_name":"South Sudan","adm0_name1":null,"adm0_name2":null,"adm0_name3":null,"adm0_pcode":"SS","valid_on":"2022-12-19","valid_to":null,"version":"v03","lang":"en","lang1":null,"lang2":null,"lang3":null},"geometry":{"type":"Point","coordinates":[32.364928864000035,8.818241940000064]}},
{"type":"Feature","properties":{"admin_level":3,"name":"Nyambor","name1":null,"name2":null,"name3":null,"x_coord":31.75363241,"y_coord":8.54326845,"adm4_name":null,"adm4_name1":null,"adm4_name2":null,"adm4_name3":null,"adm4_pcode":null,"adm3_name":"Nyambor","adm3_name1":null,"adm3_name2":null,"adm3_name3":null,"adm3_pcode":"SS030702","adm2_name":"Nyirol","adm2_name1":null,"adm2_name2":null,"adm2_name3":null,"adm2_pcode":"SS0307","adm1_name":"Jonglei","adm1_name1":null,"adm1_name2":null,"adm1_name3":null,"adm1_pcode":"SS03","adm0_name":"South Sudan","adm0_name1":null,"adm0_name2":null,"adm0_name3":null,"adm0_pcode":"SS","valid_on":"2022-12-19","valid_to":null,"version":"v03","lang":"en","lang1":null,"lang2":null,"lang3":null},"geometry":{"type":"Point","coordinates":[31.753632412000059,8.543268450000028]}},
{"type":"Feature","properties":{"admin_level":3,"name":"Pading","name1":null,"name2":null,"name3":null,"x_coord":31.80934634,"y_coord":8.38900685,"adm4_name":null,"adm4_name1":null,"adm4_name2":null,"adm4_name3":null,"adm4_pcode":null,"adm3_name":"Pading","adm3_name1":null,"adm3_name2":null,"adm3_name3":null,"adm3_pcode":"SS030703","adm2_name":"Nyirol","adm2_name1":null,"adm2_name2":null,"adm2_name3":null,"adm2_pcode":"SS0307","adm1_name":"Jonglei","adm1_name1":null,"adm1_name2":null,"adm1_name3":null,"adm1_pcode":"SS03","adm0_name":"South Sudan","adm0_name1":null,"adm0_name2":null,"adm0_name3":null,"adm0_pcode":"SS","valid_on":"2022-12-19","valid_to":null,"version":"v03","lang":"en","lang1":null,"lang2":null,"lang3":null},"geometry":{"type":"Point","coordinates":[31.809346340000047,8.389006853000126]}},
{"type":"Feature","properties":{"admin_level":3,"name":"Pulturuk","name1":null,"name2":null,"name3":null,"x_coord":31.82454351,"y_coord":8.69562527,"adm4_name":null,"adm4_name1":null,"adm4_name2":null,"adm4_name3":null,"adm4_pcode":null,"adm3_name":"Pulturuk","adm3_name1":null,"adm3_name2":null,"adm3_name3":null,"adm3_pcode":"SS030704","adm2_name":"Nyirol","adm2_name1":null,"adm2_name2":null,"adm2_name3":null,"adm2_pcode":"SS0307","adm1_name":"Jonglei","adm1_name1":null,"adm1_name2":null,"adm1_name3":null,"adm1_pcode":"SS03","adm0_name":"South Sudan","adm0_name1":null,"adm0_name2":null,"adm0_name3":null,"adm0_pcode":"SS","valid_on":"2022-12-19","valid_to":null,"version":"v03","lang":"en","lang1":null,"lang2":null,"lang3":null},"geometry":{"type":"Point","coordinates":[31.824543513000037,8.695625265000103]}},
{"type":"Feature","properties":{"admin_level":3,"name":"Thol","name1":null,"name2":null,"name3":null,"x_coord":32.26878343,"y_coord":8.55455994,"adm4_name":null,"adm4_name1":null,"adm4_name2":null,"adm4_name3":null,"adm4_pcode":null,"adm3_name":"Thol","adm3_name1":null,"adm3_name2":null,"adm3_name3":null,"adm3_pcode":"SS030705","adm2_name":"Nyirol","adm2_name1":null,"adm2_name2":null,"adm2_name3":null,"adm2_pcode":"SS0307","adm1_name":"Jonglei","adm1_name1":null,"adm1_name2":null,"adm1_name3":null,"adm1_pcode":"SS03","adm0_name":"South Sudan","adm0_name1":null,"adm0_name2":null,"adm0_name3":null,"adm0_pcode":"SS","valid_on":"2022-12-19","valid_to":null,"version":"v03","lang":"en","lang1":null,"lang2":null,"lang3":null},"geometry":{"type":"Point","coordinates":[32.268783428000177,8.554559939000058]}},
{"type":"Feature","properties":{"admin_level":3,"name":"Waat","name1":null,"name2":null,"name3":null,"x_coord":32.13760391,"y_coord":8.22011074,"adm4_name":null,"adm4_name1":null,"adm4_name2":null,"adm4_name3":null,"adm4_pcode":null,"adm3_name":"Waat","adm3_name1":null,"adm3_name2":null,"adm3_name3":null,"adm3_pcode":"SS030706","adm2_name":"Nyirol","adm2_name1":null,"adm2_name2":null,"adm2_name3":null,"adm2_pcode":"SS0307","adm1_name":"Jonglei","adm1_name1":null,"adm1_name2":null,"adm1_name3":null,"adm1_pcode":"SS03","adm0_name":"South Sudan","adm0_name1":null,"adm0_name2":null,"adm0_name3":null,"adm0_pcode":"SS","valid_on":"2022-12-19","valid_to":null,"version":"v03","lang":"en","lang1":null,"lang2":null,"lang3":null},"geometry":{"type":"Point","coordinates":[32.13760390900012,8.220110739]}},
{"type":"Feature","properties":{"admin_level":3,"name":"Boma","name1":null,"name2":null,"name3":null,"x_coord":34.67364315,"y_coord":6.45836404,"adm4_name":null,"adm4_name1":null,"adm4_name2":null,"adm4_name3":null,"adm4_pcode":null,"adm3_name":"Boma","adm3_name1":null,"adm3_name2":null,"adm3_name3":null,"adm3_pcode":"SS030801","adm2_name":"Pibor","adm2_name1":null,"adm2_name2":null,"adm2_name3":null,"adm2_pcode":"SS0308","adm1_name":"Jonglei","adm1_name1":null,"adm1_name2":null,"adm1_name3":null,"adm1_pcode":"SS03","adm0_name":"South Sudan","adm0_name1":null,"adm0_name2":null,"adm0_name3":null,"adm0_pcode":"SS","valid_on":"2022-12-19","valid_to":null,"version":"v03","lang":"en","lang1":null,"lang2":null,"lang3":null},"geometry":{"type":"Point","coordinates":[34.6736431490001,6.45836404500011]}},
{"type":"Feature","properties":{"admin_level":3,"name":"Gumuruk","name1":null,"name2":null,"name3":null,"x_coord":32.62968999,"y_coord":6.43379855,"adm4_name":null,"adm4_name1":null,"adm4_name2":null,"adm4_name3":null,"adm4_pcode":null,"adm3_name":"Gumuruk","adm3_name1":null,"adm3_name2":null,"adm3_name3":null,"adm3_pcode":"SS030802","adm2_name":"Pibor","adm2_name1":null,"adm2_name2":null,"adm2_name3":null,"adm2_pcode":"SS0308","adm1_name":"Jonglei","adm1_name1":null,"adm1_name2":null,"adm1_name3":null,"adm1_pcode":"SS03","adm0_name":"South Sudan","adm0_name1":null,"adm0_name2":null,"adm0_name3":null,"adm0_pcode":"SS","valid_on":"2022-12-19","valid_to":null,"version":"v03","lang":"en","lang1":null,"lang2":null,"lang3":null},"geometry":{"type":"Point","coordinates":[32.629689995000149,6.433798549000073]}},
{"type":"Feature","properties":{"admin_level":3,"name":"Kiziongora","name1":null,"name2":null,"name3":null,"x_coord":34.00529712,"y_coord":6.22537502,"adm4_name":null,"adm4_name1":null,"adm4_name2":null,"adm4_name3":null,"adm4_pcode":null,"adm3_name":"Kiziongora","adm3_name1":null,"adm3_name2":null,"adm3_name3":null,"adm3_pcode":"SS030803","adm2_name":"Pibor","adm2_name1":null,"adm2_name2":null,"adm2_name3":null,"adm2_pcode":"SS0308","adm1_name":"Jonglei","adm1_name1":null,"adm1_name2":null,"adm1_name3":null,"adm1_pcode":"SS03","adm0_name":"South Sudan","adm0_name1":null,"adm0_name2":null,"adm0_name3":null,"adm0_pcode":"SS","valid_on":"2022-12-19","valid_to":null,"version":"v03","lang":"en","lang1":null,"lang2":null,"lang3":null},"geometry":{"type":"Point","coordinates":[34.005297115000133,6.225375015000054]}},
{"type":"Feature","properties":{"admin_level":3,"name":"Lekuangole","name1":null,"name2":null,"name3":null,"x_coord":32.90119688,"y_coord":7.14834091,"adm4_name":null,"adm4_name1":null,"adm4_name2":null,"adm4_name3":null,"adm4_pcode":null,"adm3_name":"Lekuangole","adm3_name1":null,"adm3_name2":null,"adm3_name3":null,"adm3_pcode":"SS030804","adm2_name":"Pibor","adm2_name1":null,"adm2_name2":null,"adm2_name3":null,"adm2_pcode":"SS0308","adm1_name":"Jonglei","adm1_name1":null,"adm1_name2":null,"adm1_name3":null,"adm1_pcode":"SS03","adm0_name":"South Sudan","adm0_name1":null,"adm0_name2":null,"adm0_name3":null,"adm0_pcode":"SS","valid_on":"2022-12-19","valid_to":null,"version":"v03","lang":"en","lang1":null,"lang2":null,"lang3":null},"geometry":{"type":"Point","coordinates":[32.901196884000115,7.148340912000037]}},
{"type":"Feature","properties":{"admin_level":3,"name":"Marow","name1":null,"name2":null,"name3":null,"x_coord":34.16654598,"y_coord":6.53798511,"adm4_name":null,"adm4_name1":null,"adm4_name2":null,"adm4_name3":null,"adm4_pcode":null,"adm3_name":"Marow","adm3_name1":null,"adm3_name2":null,"adm3_name3":null,"adm3_pcode":"SS030805","adm2_name":"Pibor","adm2_name1":null,"adm2_name2":null,"adm2_name3":null,"adm2_pcode":"SS0308","adm1_name":"Jonglei","adm1_name1":null,"adm1_name2":null,"adm1_name3":null,"adm1_pcode":"SS03","adm0_name":"South Sudan","adm0_name1":null,"adm0_name2":null,"adm0_name3":null,"adm0_pcode":"SS","valid_on":"2022-12-19","valid_to":null,"version":"v03","lang":"en","lang1":null,"lang2":null,"lang3":null},"geometry":{"type":"Point","coordinates":[34.166545979000034,6.537985110000136]}},
{"type":"Feature","properties":{"admin_level":3,"name":"Mewun","name1":null,"name2":null,"name3":null,"x_coord":34.79901314,"y_coord":6.17507263,"adm4_name":null,"adm4_name1":null,"adm4_name2":null,"adm4_name3":null,"adm4_pcode":null,"adm3_name":"Mewun","adm3_name1":null,"adm3_name2":null,"adm3_name3":null,"adm3_pcode":"SS030806","adm2_name":"Pibor","adm2_name1":null,"adm2_name2":null,"adm2_name3":null,"adm2_pcode":"SS0308","adm1_name":"Jonglei","adm1_name1":null,"adm1_name2":null,"adm1_name3":null,"adm1_pcode":"SS03","adm0_name":"South Sudan","adm0_name1":null,"adm0_name2":null,"adm0_name3":null,"adm0_pcode":"SS","valid_on":"2022-12-19","valid_to":null,"version":"v03","lang":"en","lang1":null,"lang2":null,"lang3":null},"geometry":{"type":"Point","coordinates":[34.799013143000025,6.175072632000138]}},
{"type":"Feature","properties":{"admin_level":3,"name":"Pibor","name1":null,"name2":null,"name3":null,"x_coord":33.43289401,"y_coord":6.5952189,"adm4_name":null,"adm4_name1":null,"adm4_name2":null,"adm4_name3":null,"adm4_pcode":null,"adm3_name":"Pibor","adm3_name1":null,"adm3_name2":null,"adm3_name3":null,"adm3_pcode":"SS030807","adm2_name":"Pibor","adm2_name1":null,"adm2_name2":null,"adm2_name3":null,"adm2_pcode":"SS0308","adm1_name":"Jonglei","adm1_name1":null,"adm1_name2":null,"adm1_name3":null,"adm1_pcode":"SS03","adm0_name":"South Sudan","adm0_name1":null,"adm0_name2":null,"adm0_name3":null,"adm0_pcode":"SS","valid_on":"2022-12-19","valid_to":null,"version":"v03","lang":"en","lang1":null,"lang2":null,"lang3":null},"geometry":{"type":"Point","coordinates":[33.432894009000165,6.595218900000077]}},
{"type":"Feature","properties":{"admin_level":3,"name":"Verteth","name1":null,"name2":null,"name3":null,"x_coord":33.10829044,"y_coord":6.25150305,"adm4_name":null,"adm4_name1":null,"adm4_name2":null,"adm4_name3":null,"adm4_pcode":null,"adm3_name":"Verteth","adm3_name1":null,"adm3_name2":null,"adm3_name3":null,"adm3_pcode":"SS030808","adm2_name":"Pibor","adm2_name1":null,"adm2_name2":null,"adm2_name3":null,"adm2_pcode":"SS0308","adm1_name":"Jonglei","adm1_name1":null,"adm1_name2":null,"adm1_name3":null,"adm1_pcode":"SS03","adm0_name":"South Sudan","adm0_name1":null,"adm0_name2":null,"adm0_name3":null,"adm0_pcode":"SS","valid_on":"2022-12-19","valid_to":null,"version":"v03","lang":"en","lang1":null,"lang2":null,"lang3":null},"geometry":{"type":"Point","coordinates":[33.108290445000137,6.25150305]}},
{"type":"Feature","properties":{"admin_level":3,"name":"Adongo","name1":null,"name2":null,"name3":null,"x_coord":33.63717622,"y_coord":7.16335349,"adm4_name":null,"adm4_name1":null,"adm4_name2":null,"adm4_name3":null,"adm4_pcode":null,"adm3_name":"Adongo","adm3_name1":null,"adm3_name2":null,"adm3_name3":null,"adm3_pcode":"SS030901","adm2_name":"Pochalla","adm2_name1":null,"adm2_name2":null,"adm2_name3":null,"adm2_pcode":"SS0309","adm1_name":"Jonglei","adm1_name1":null,"adm1_name2":null,"adm1_name3":null,"adm1_pcode":"SS03","adm0_name":"South Sudan","adm0_name1":null,"adm0_name2":null,"adm0_name3":null,"adm0_pcode":"SS","valid_on":"2022-12-19","valid_to":null,"version":"v03","lang":"en","lang1":null,"lang2":null,"lang3":null},"geometry":{"type":"Point","coordinates":[33.637176215000125,7.163353485000073]}},
{"type":"Feature","properties":{"admin_level":3,"name":"Akiela","name1":null,"name2":null,"name3":null,"x_coord":34.40387536,"y_coord":6.86948895,"adm4_name":null,"adm4_name1":null,"adm4_name2":null,"adm4_name3":null,"adm4_pcode":null,"adm3_name":"Akiela","adm3_name1":null,"adm3_name2":null,"adm3_name3":null,"adm3_pcode":"SS030902","adm2_name":"Pochalla","adm2_name1":null,"adm2_name2":null,"adm2_name3":null,"adm2_pcode":"SS0309","adm1_name":"Jonglei","adm1_name1":null,"adm1_name2":null,"adm1_name3":null,"adm1_pcode":"SS03","adm0_name":"South Sudan","adm0_name1":null,"adm0_name2":null,"adm0_name3":null,"adm0_pcode":"SS","valid_on":"2022-12-19","valid_to":null,"version":"v03","lang":"en","lang1":null,"lang2":null,"lang3":null},"geometry":{"type":"Point","coordinates":[34.403875363000054,6.869488955000065]}},
{"type":"Feature","properties":{"admin_level":3,"name":"Burator","name1":null,"name2":null,"name3":null,"x_coord":33.84872732,"y_coord":7.42141318,"adm4_name":null,"adm4_name1":null,"adm4_name2":null,"adm4_name3":null,"adm4_pcode":null,"adm3_name":"Burator","adm3_name1":null,"adm3_name2":null,"adm3_name3":null,"adm3_pcode":"SS030903","adm2_name":"Pochalla","adm2_name1":null,"adm2_name2":null,"adm2_name3":null,"adm2_pcode":"SS0309","adm1_name":"Jonglei","adm1_name1":null,"adm1_name2":null,"adm1_name3":null,"adm1_pcode":"SS03","adm0_name":"South Sudan","adm0_name1":null,"adm0_name2":null,"adm0_name3":null,"adm0_pcode":"SS","valid_on":"2022-12-19","valid_to":null,"version":"v03","lang":"en","lang1":null,"lang2":null,"lang3":null},"geometry":{"type":"Point","coordinates":[33.848727317000112,7.421413183000084]}},
{"type":"Feature","properties":{"admin_level":3,"name":"Omiela","name1":null,"name2":null,"name3":null,"x_coord":33.64372844,"y_coord":7.52378208,"adm4_name":null,"adm4_name1":null,"adm4_name2":null,"adm4_name3":null,"adm4_pcode":null,"adm3_name":"Omiela","adm3_name1":null,"adm3_name2":null,"adm3_name3":null,"adm3_pcode":"SS030904","adm2_name":"Pochalla","adm2_name1":null,"adm2_name2":null,"adm2_name3":null,"adm2_pcode":"SS0309","adm1_name":"Jonglei","adm1_name1":null,"adm1_name2":null,"adm1_name3":null,"adm1_pcode":"SS03","adm0_name":"South Sudan","adm0_name1":null,"adm0_name2":null,"adm0_name3":null,"adm0_pcode":"SS","valid_on":"2022-12-19","valid_to":null,"version":"v03","lang":"en","lang1":null,"lang2":null,"lang3":null},"geometry":{"type":"Point","coordinates":[33.643728439000142,7.52378208500005]}},
{"type":"Feature","properties":{"admin_level":3,"name":"Pochalla","name1":null,"name2":null,"name3":null,"x_coord":33.91729176,"y_coord":6.94802961,"adm4_name":null,"adm4_name1":null,"adm4_name2":null,"adm4_name3":null,"adm4_pcode":null,"adm3_name":"Pochalla","adm3_name1":null,"adm3_name2":null,"adm3_name3":null,"adm3_pcode":"SS030905","adm2_name":"Pochalla","adm2_name1":null,"adm2_name2":null,"adm2_name3":null,"adm2_pcode":"SS0309","adm1_name":"Jonglei","adm1_name1":null,"adm1_name2":null,"adm1_name3":null,"adm1_pcode":"SS03","adm0_name":"South Sudan","adm0_name1":null,"adm0_name2":null,"adm0_name3":null,"adm0_pcode":"SS","valid_on":"2022-12-19","valid_to":null,"version":"v03","lang":"en","lang1":null,"lang2":null,"lang3":null},"geometry":{"type":"Point","coordinates":[33.917291765000186,6.948029610000162]}},
{"type":"Feature","properties":{"admin_level":3,"name":"Ajuong","name1":null,"name2":null,"name3":null,"x_coord":30.99900378,"y_coord":7.09020905,"adm4_name":null,"adm4_name1":null,"adm4_name2":null,"adm4_name3":null,"adm4_pcode":null,"adm3_name":"Ajuong","adm3_name1":null,"adm3_name2":null,"adm3_name3":null,"adm3_pcode":"SS031001","adm2_name":"Twic East","adm2_name1":null,"adm2_name2":null,"adm2_name3":null,"adm2_pcode":"SS0310","adm1_name":"Jonglei","adm1_name1":null,"adm1_name2":null,"adm1_name3":null,"adm1_pcode":"SS03","adm0_name":"South Sudan","adm0_name1":null,"adm0_name2":null,"adm0_name3":null,"adm0_pcode":"SS","valid_on":"2022-12-19","valid_to":null,"version":"v03","lang":"en","lang1":null,"lang2":null,"lang3":null},"geometry":{"type":"Point","coordinates":[30.99900378000001,7.090209045000165]}},
{"type":"Feature","properties":{"admin_level":3,"name":"Kongor","name1":null,"name2":null,"name3":null,"x_coord":31.32778491,"y_coord":7.18410344,"adm4_name":null,"adm4_name1":null,"adm4_name2":null,"adm4_name3":null,"adm4_pcode":null,"adm3_name":"Kongor","adm3_name1":null,"adm3_name2":null,"adm3_name3":null,"adm3_pcode":"SS031002","adm2_name":"Twic East","adm2_name1":null,"adm2_name2":null,"adm2_name3":null,"adm2_pcode":"SS0310","adm1_name":"Jonglei","adm1_name1":null,"adm1_name2":null,"adm1_name3":null,"adm1_pcode":"SS03","adm0_name":"South Sudan","adm0_name1":null,"adm0_name2":null,"adm0_name3":null,"adm0_pcode":"SS","valid_on":"2022-12-19","valid_to":null,"version":"v03","lang":"en","lang1":null,"lang2":null,"lang3":null},"geometry":{"type":"Point","coordinates":[31.327784905000101,7.184103435000111]}},
{"type":"Feature","properties":{"admin_level":3,"name":"Lith","name1":null,"name2":null,"name3":null,"x_coord":31.44814722,"y_coord":7.32558439,"adm4_name":null,"adm4_name1":null,"adm4_name2":null,"adm4_name3":null,"adm4_pcode":null,"adm3_name":"Lith","adm3_name1":null,"adm3_name2":null,"adm3_name3":null,"adm3_pcode":"SS031003","adm2_name":"Twic East","adm2_name1":null,"adm2_name2":null,"adm2_name3":null,"adm2_pcode":"SS0310","adm1_name":"Jonglei","adm1_name1":null,"adm1_name2":null,"adm1_name3":null,"adm1_pcode":"SS03","adm0_name":"South Sudan","adm0_name1":null,"adm0_name2":null,"adm0_name3":null,"adm0_pcode":"SS","valid_on":"2022-12-19","valid_to":null,"version":"v03","lang":"en","lang1":null,"lang2":null,"lang3":null},"geometry":{"type":"Point","coordinates":[31.448147218000031,7.325584386000173]}},
{"type":"Feature","properties":{"admin_level":3,"name":"Nyuak","name1":null,"name2":null,"name3":null,"x_coord":31.50995479,"y_coord":7.10902822,"adm4_name":null,"adm4_name1":null,"adm4_name2":null,"adm4_name3":null,"adm4_pcode":null,"adm3_name":"Nyuak","adm3_name1":null,"adm3_name2":null,"adm3_name3":null,"adm3_pcode":"SS031004","adm2_name":"Twic East","adm2_name1":null,"adm2_name2":null,"adm2_name3":null,"adm2_pcode":"SS0310","adm1_name":"Jonglei","adm1_name1":null,"adm1_name2":null,"adm1_name3":null,"adm1_pcode":"SS03","adm0_name":"South Sudan","adm0_name1":null,"adm0_name2":null,"adm0_name3":null,"adm0_pcode":"SS","valid_on":"2022-12-19","valid_to":null,"version":"v03","lang":"en","lang1":null,"lang2":null,"lang3":null},"geometry":{"type":"Point","coordinates":[31.509954794000066,7.109028221000074]}},
{"type":"Feature","properties":{"admin_level":3,"name":"Pakeer","name1":null,"name2":null,"name3":null,"x_coord":31.40298572,"y_coord":6.8626301,"adm4_name":null,"adm4_name1":null,"adm4_name2":null,"adm4_name3":null,"adm4_pcode":null,"adm3_name":"Pakeer","adm3_name1":null,"adm3_name2":null,"adm3_name3":null,"adm3_pcode":"SS031005","adm2_name":"Twic East","adm2_name1":null,"adm2_name2":null,"adm2_name3":null,"adm2_pcode":"SS0310","adm1_name":"Jonglei","adm1_name1":null,"adm1_name2":null,"adm1_name3":null,"adm1_pcode":"SS03","adm0_name":"South Sudan","adm0_name1":null,"adm0_name2":null,"adm0_name3":null,"adm0_pcode":"SS","valid_on":"2022-12-19","valid_to":null,"version":"v03","lang":"en","lang1":null,"lang2":null,"lang3":null},"geometry":{"type":"Point","coordinates":[31.402985718000139,6.8626300950001]}},
{"type":"Feature","properties":{"admin_level":3,"name":"Karam","name1":null,"name2":null,"name3":null,"x_coord":31.76714907,"y_coord":8.2437784,"adm4_name":null,"adm4_name1":null,"adm4_name2":null,"adm4_name3":null,"adm4_pcode":null,"adm3_name":"Karam","adm3_name1":null,"adm3_name2":null,"adm3_name3":null,"adm3_pcode":"SS031101","adm2_name":"Uror","adm2_name1":null,"adm2_name2":null,"adm2_name3":null,"adm2_pcode":"SS0311","adm1_name":"Jonglei","adm1_name1":null,"adm1_name2":null,"adm1_name3":null,"adm1_pcode":"SS03","adm0_name":"South Sudan","adm0_name1":null,"adm0_name2":null,"adm0_name3":null,"adm0_pcode":"SS","valid_on":"2022-12-19","valid_to":null,"version":"v03","lang":"en","lang1":null,"lang2":null,"lang3":null},"geometry":{"type":"Point","coordinates":[31.767149070000016,8.243778404000125]}},
{"type":"Feature","properties":{"admin_level":3,"name":"Motot","name1":null,"name2":null,"name3":null,"x_coord":32.02838285,"y_coord":8.22564572,"adm4_name":null,"adm4_name1":null,"adm4_name2":null,"adm4_name3":null,"adm4_pcode":null,"adm3_name":"Motot","adm3_name1":null,"adm3_name2":null,"adm3_name3":null,"adm3_pcode":"SS031102","adm2_name":"Uror","adm2_name1":null,"adm2_name2":null,"adm2_name3":null,"adm2_pcode":"SS0311","adm1_name":"Jonglei","adm1_name1":null,"adm1_name2":null,"adm1_name3":null,"adm1_pcode":"SS03","adm0_name":"South Sudan","adm0_name1":null,"adm0_name2":null,"adm0_name3":null,"adm0_pcode":"SS","valid_on":"2022-12-19","valid_to":null,"version":"v03","lang":"en","lang1":null,"lang2":null,"lang3":null},"geometry":{"type":"Point","coordinates":[32.028382851000174,8.225645715000041]}},
{"type":"Feature","properties":{"admin_level":3,"name":"Pathai","name1":null,"name2":null,"name3":null,"x_coord":31.73838447,"y_coord":8.07141334,"adm4_name":null,"adm4_name1":null,"adm4_name2":null,"adm4_name3":null,"adm4_pcode":null,"adm3_name":"Pathai","adm3_name1":null,"adm3_name2":null,"adm3_name3":null,"adm3_pcode":"SS031103","adm2_name":"Uror","adm2_name1":null,"adm2_name2":null,"adm2_name3":null,"adm2_pcode":"SS0311","adm1_name":"Jonglei","adm1_name1":null,"adm1_name2":null,"adm1_name3":null,"adm1_pcode":"SS03","adm0_name":"South Sudan","adm0_name1":null,"adm0_name2":null,"adm0_name3":null,"adm0_pcode":"SS","valid_on":"2022-12-19","valid_to":null,"version":"v03","lang":"en","lang1":null,"lang2":null,"lang3":null},"geometry":{"type":"Point","coordinates":[31.738384471000074,8.071413345000167]}},
{"type":"Feature","properties":{"admin_level":3,"name":"Payai","name1":null,"name2":null,"name3":null,"x_coord":32.05940024,"y_coord":7.53873359,"adm4_name":null,"adm4_name1":null,"adm4_name2":null,"adm4_name3":null,"adm4_pcode":null,"adm3_name":"Payai","adm3_name1":null,"adm3_name2":null,"adm3_name3":null,"adm3_pcode":"SS031104","adm2_name":"Uror","adm2_name1":null,"adm2_name2":null,"adm2_name3":null,"adm2_pcode":"SS0311","adm1_name":"Jonglei","adm1_name1":null,"adm1_name2":null,"adm1_name3":null,"adm1_pcode":"SS03","adm0_name":"South Sudan","adm0_name1":null,"adm0_name2":null,"adm0_name3":null,"adm0_pcode":"SS","valid_on":"2022-12-19","valid_to":null,"version":"v03","lang":"en","lang1":null,"lang2":null,"lang3":null},"geometry":{"type":"Point","coordinates":[32.059400237999967,7.538733585000102]}},
{"type":"Feature","properties":{"admin_level":3,"name":"Pieri","name1":null,"name2":null,"name3":null,"x_coord":32.37595767,"y_coord":7.60137305,"adm4_name":null,"adm4_name1":null,"adm4_name2":null,"adm4_name3":null,"adm4_pcode":null,"adm3_name":"Pieri","adm3_name1":null,"adm3_name2":null,"adm3_name3":null,"adm3_pcode":"SS031105","adm2_name":"Uror","adm2_name1":null,"adm2_name2":null,"adm2_name3":null,"adm2_pcode":"SS0311","adm1_name":"Jonglei","adm1_name1":null,"adm1_name2":null,"adm1_name3":null,"adm1_pcode":"SS03","adm0_name":"South Sudan","adm0_name1":null,"adm0_name2":null,"adm0_name3":null,"adm0_pcode":"SS","valid_on":"2022-12-19","valid_to":null,"version":"v03","lang":"en","lang1":null,"lang2":null,"lang3":null},"geometry":{"type":"Point","coordinates":[32.375957665000158,7.601373045000059]}},
{"type":"Feature","properties":{"admin_level":3,"name":"Puolchuol","name1":null,"name2":null,"name3":null,"x_coord":31.95615449,"y_coord":8.1145724,"adm4_name":null,"adm4_name1":null,"adm4_name2":null,"adm4_name3":null,"adm4_pcode":null,"adm3_name":"Puolchuol","adm3_name1":null,"adm3_name2":null,"adm3_name3":null,"adm3_pcode":"SS031106","adm2_name":"Uror","adm2_name1":null,"adm2_name2":null,"adm2_name3":null,"adm2_pcode":"SS0311","adm1_name":"Jonglei","adm1_name1":null,"adm1_name2":null,"adm1_name3":null,"adm1_pcode":"SS03","adm0_name":"South Sudan","adm0_name1":null,"adm0_name2":null,"adm0_name3":null,"adm0_pcode":"SS","valid_on":"2022-12-19","valid_to":null,"version":"v03","lang":"en","lang1":null,"lang2":null,"lang3":null},"geometry":{"type":"Point","coordinates":[31.956154486000059,8.114572395000152]}},
{"type":"Feature","properties":{"admin_level":3,"name":"Tiam","name1":null,"name2":null,"name3":null,"x_coord":31.80502852,"y_coord":7.46936208,"adm4_name":null,"adm4_name1":null,"adm4_name2":null,"adm4_name3":null,"adm4_pcode":null,"adm3_name":"Tiam","adm3_name1":null,"adm3_name2":null,"adm3_name3":null,"adm3_pcode":"SS031107","adm2_name":"Uror","adm2_name1":null,"adm2_name2":null,"adm2_name3":null,"adm2_pcode":"SS0311","adm1_name":"Jonglei","adm1_name1":null,"adm1_name2":null,"adm1_name3":null,"adm1_pcode":"SS03","adm0_name":"South Sudan","adm0_name1":null,"adm0_name2":null,"adm0_name3":null,"adm0_pcode":"SS","valid_on":"2022-12-19","valid_to":null,"version":"v03","lang":"en","lang1":null,"lang2":null,"lang3":null},"geometry":{"type":"Point","coordinates":[31.805028520000178,7.469362080000167]}},
{"type":"Feature","properties":{"admin_level":3,"name":"Uror","name1":null,"name2":null,"name3":null,"x_coord":31.83487638,"y_coord":7.85991695,"adm4_name":null,"adm4_name1":null,"adm4_name2":null,"adm4_name3":null,"adm4_pcode":null,"adm3_name":"Uror","adm3_name1":null,"adm3_name2":null,"adm3_name3":null,"adm3_pcode":"SS031108","adm2_name":"Uror","adm2_name1":null,"adm2_name2":null,"adm2_name3":null,"adm2_pcode":"SS0311","adm1_name":"Jonglei","adm1_name1":null,"adm1_name2":null,"adm1_name3":null,"adm1_pcode":"SS03","adm0_name":"South Sudan","adm0_name1":null,"adm0_name2":null,"adm0_name3":null,"adm0_pcode":"SS","valid_on":"2022-12-19","valid_to":null,"version":"v03","lang":"en","lang1":null,"lang2":null,"lang3":null},"geometry":{"type":"Point","coordinates":[31.834876379000036,7.859916945000123]}},
{"type":"Feature","properties":{"admin_level":3,"name":"Abuyong","name1":null,"name2":null,"name3":null,"x_coord":31.24250694,"y_coord":6.39787984,"adm4_name":null,"adm4_name1":null,"adm4_name2":null,"adm4_name3":null,"adm4_pcode":null,"adm3_name":"Abuyong","adm3_name1":null,"adm3_name2":null,"adm3_name3":null,"adm3_pcode":"SS040101","adm2_name":"Awerial","adm2_name1":null,"adm2_name2":null,"adm2_name3":null,"adm2_pcode":"SS0401","adm1_name":"Lakes","adm1_name1":null,"adm1_name2":null,"adm1_name3":null,"adm1_pcode":"SS04","adm0_name":"South Sudan","adm0_name1":null,"adm0_name2":null,"adm0_name3":null,"adm0_pcode":"SS","valid_on":"2022-12-19","valid_to":null,"version":"v03","lang":"en","lang1":null,"lang2":null,"lang3":null},"geometry":{"type":"Point","coordinates":[31.24250693700003,6.397879839000154]}},
{"type":"Feature","properties":{"admin_level":3,"name":"Alel II","name1":null,"name2":null,"name3":null,"x_coord":30.95144015,"y_coord":6.24743019,"adm4_name":null,"adm4_name1":null,"adm4_name2":null,"adm4_name3":null,"adm4_pcode":null,"adm3_name":"Alel II","adm3_name1":null,"adm3_name2":null,"adm3_name3":null,"adm3_pcode":"SS040102","adm2_name":"Awerial","adm2_name1":null,"adm2_name2":null,"adm2_name3":null,"adm2_pcode":"SS0401","adm1_name":"Lakes","adm1_name1":null,"adm1_name2":null,"adm1_name3":null,"adm1_pcode":"SS04","adm0_name":"South Sudan","adm0_name1":null,"adm0_name2":null,"adm0_name3":null,"adm0_pcode":"SS","valid_on":"2022-12-19","valid_to":null,"version":"v03","lang":"en","lang1":null,"lang2":null,"lang3":null},"geometry":{"type":"Point","coordinates":[30.951440146000095,6.247430191999968]}},
{"type":"Feature","properties":{"admin_level":3,"name":"Bun-agok","name1":null,"name2":null,"name3":null,"x_coord":30.91389576,"y_coord":6.16940406,"adm4_name":null,"adm4_name1":null,"adm4_name2":null,"adm4_name3":null,"adm4_pcode":null,"adm3_name":"Bun-agok","adm3_name1":null,"adm3_name2":null,"adm3_name3":null,"adm3_pcode":"SS040103","adm2_name":"Awerial","adm2_name1":null,"adm2_name2":null,"adm2_name3":null,"adm2_pcode":"SS0401","adm1_name":"Lakes","adm1_name1":null,"adm1_name2":null,"adm1_name3":null,"adm1_pcode":"SS04","adm0_name":"South Sudan","adm0_name1":null,"adm0_name2":null,"adm0_name3":null,"adm0_pcode":"SS","valid_on":"2022-12-19","valid_to":null,"version":"v03","lang":"en","lang1":null,"lang2":null,"lang3":null},"geometry":{"type":"Point","coordinates":[30.913895756000159,6.16940406000009]}},
{"type":"Feature","properties":{"admin_level":3,"name":"Dor","name1":null,"name2":null,"name3":null,"x_coord":31.30528776,"y_coord":6.03320877,"adm4_name":null,"adm4_name1":null,"adm4_name2":null,"adm4_name3":null,"adm4_pcode":null,"adm3_name":"Dor","adm3_name1":null,"adm3_name2":null,"adm3_name3":null,"adm3_pcode":"SS040104","adm2_name":"Awerial","adm2_name1":null,"adm2_name2":null,"adm2_name3":null,"adm2_pcode":"SS0401","adm1_name":"Lakes","adm1_name1":null,"adm1_name2":null,"adm1_name3":null,"adm1_pcode":"SS04","adm0_name":"South Sudan","adm0_name1":null,"adm0_name2":null,"adm0_name3":null,"adm0_pcode":"SS","valid_on":"2022-12-19","valid_to":null,"version":"v03","lang":"en","lang1":null,"lang2":null,"lang3":null},"geometry":{"type":"Point","coordinates":[31.305287763000138,6.033208770000101]}},
{"type":"Feature","properties":{"admin_level":3,"name":"Magok","name1":null,"name2":null,"name3":null,"x_coord":31.04147705,"y_coord":6.00492329,"adm4_name":null,"adm4_name1":null,"adm4_name2":null,"adm4_name3":null,"adm4_pcode":null,"adm3_name":"Magok","adm3_name1":null,"adm3_name2":null,"adm3_name3":null,"adm3_pcode":"SS040105","adm2_name":"Awerial","adm2_name1":null,"adm2_name2":null,"adm2_name3":null,"adm2_pcode":"SS0401","adm1_name":"Lakes","adm1_name1":null,"adm1_name2":null,"adm1_name3":null,"adm1_pcode":"SS04","adm0_name":"South Sudan","adm0_name1":null,"adm0_name2":null,"adm0_name3":null,"adm0_pcode":"SS","valid_on":"2022-12-19","valid_to":null,"version":"v03","lang":"en","lang1":null,"lang2":null,"lang3":null},"geometry":{"type":"Point","coordinates":[31.041477052000118,6.004923288999976]}},
{"type":"Feature","properties":{"admin_level":3,"name":"Nile","name1":null,"name2":null,"name3":null,"x_coord":31.42498324,"y_coord":6.20438504,"adm4_name":null,"adm4_name1":null,"adm4_name2":null,"adm4_name3":null,"adm4_pcode":null,"adm3_name":"Nile","adm3_name1":null,"adm3_name2":null,"adm3_name3":null,"adm3_pcode":"SS040106","adm2_name":"Awerial","adm2_name1":null,"adm2_name2":null,"adm2_name3":null,"adm2_pcode":"SS0401","adm1_name":"Lakes","adm1_name1":null,"adm1_name2":null,"adm1_name3":null,"adm1_pcode":"SS04","adm0_name":"South Sudan","adm0_name1":null,"adm0_name2":null,"adm0_name3":null,"adm0_pcode":"SS","valid_on":"2022-12-19","valid_to":null,"version":"v03","lang":"en","lang1":null,"lang2":null,"lang3":null},"geometry":{"type":"Point","coordinates":[31.424983241000064,6.204385035000087]}},
{"type":"Feature","properties":{"admin_level":3,"name":"Puluk","name1":null,"name2":null,"name3":null,"x_coord":31.50098906,"y_coord":5.98761008,"adm4_name":null,"adm4_name1":null,"adm4_name2":null,"adm4_name3":null,"adm4_pcode":null,"adm3_name":"Puluk","adm3_name1":null,"adm3_name2":null,"adm3_name3":null,"adm3_pcode":"SS040107","adm2_name":"Awerial","adm2_name1":null,"adm2_name2":null,"adm2_name3":null,"adm2_pcode":"SS0401","adm1_name":"Lakes","adm1_name1":null,"adm1_name2":null,"adm1_name3":null,"adm1_pcode":"SS04","adm0_name":"South Sudan","adm0_name1":null,"adm0_name2":null,"adm0_name3":null,"adm0_pcode":"SS","valid_on":"2022-12-19","valid_to":null,"version":"v03","lang":"en","lang1":null,"lang2":null,"lang3":null},"geometry":{"type":"Point","coordinates":[31.500989062000087,5.987610077000113]}},
{"type":"Feature","properties":{"admin_level":3,"name":"Alel I","name1":null,"name2":null,"name3":null,"x_coord":31.19818018,"y_coord":6.24934098,"adm4_name":null,"adm4_name1":null,"adm4_name2":null,"adm4_name3":null,"adm4_pcode":null,"adm3_name":"Alel I","adm3_name1":null,"adm3_name2":null,"adm3_name3":null,"adm3_pcode":"SS040108","adm2_name":"Awerial","adm2_name1":null,"adm2_name2":null,"adm2_name3":null,"adm2_pcode":"SS0401","adm1_name":"Lakes","adm1_name1":null,"adm1_name2":null,"adm1_name3":null,"adm1_pcode":"SS04","adm0_name":"South Sudan","adm0_name1":null,"adm0_name2":null,"adm0_name3":null,"adm0_pcode":"SS","valid_on":"2022-12-19","valid_to":null,"version":"v03","lang":"en","lang1":null,"lang2":null,"lang3":null},"geometry":{"type":"Point","coordinates":[31.198180177000097,6.24934098000017]}},
{"type":"Feature","properties":{"admin_level":3,"name":"Abiriu","name1":null,"name2":null,"name3":null,"x_coord":29.43659509,"y_coord":6.88942661,"adm4_name":null,"adm4_name1":null,"adm4_name2":null,"adm4_name3":null,"adm4_pcode":null,"adm3_name":"Abiriu","adm3_name1":null,"adm3_name2":null,"adm3_name3":null,"adm3_pcode":"SS040201","adm2_name":"Cueibet","adm2_name1":null,"adm2_name2":null,"adm2_name3":null,"adm2_pcode":"SS0402","adm1_name":"Lakes","adm1_name1":null,"adm1_name2":null,"adm1_name3":null,"adm1_pcode":"SS04","adm0_name":"South Sudan","adm0_name1":null,"adm0_name2":null,"adm0_name3":null,"adm0_pcode":"SS","valid_on":"2022-12-19","valid_to":null,"version":"v03","lang":"en","lang1":null,"lang2":null,"lang3":null},"geometry":{"type":"Point","coordinates":[29.436595090000139,6.889426604999983]}},
{"type":"Feature","properties":{"admin_level":3,"name":"Citcok","name1":null,"name2":null,"name3":null,"x_coord":29.28766571,"y_coord":7.30235939,"adm4_name":null,"adm4_name1":null,"adm4_name2":null,"adm4_name3":null,"adm4_pcode":null,"adm3_name":"Citcok","adm3_name1":null,"adm3_name2":null,"adm3_name3":null,"adm3_pcode":"SS040202","adm2_name":"Cueibet","adm2_name1":null,"adm2_name2":null,"adm2_name3":null,"adm2_pcode":"SS0402","adm1_name":"Lakes","adm1_name1":null,"adm1_name2":null,"adm1_name3":null,"adm1_pcode":"SS04","adm0_name":"South Sudan","adm0_name1":null,"adm0_name2":null,"adm0_name3":null,"adm0_pcode":"SS","valid_on":"2022-12-19","valid_to":null,"version":"v03","lang":"en","lang1":null,"lang2":null,"lang3":null},"geometry":{"type":"Point","coordinates":[29.287665713000138,7.302359385000102]}},
{"type":"Feature","properties":{"admin_level":3,"name":"Duony","name1":null,"name2":null,"name3":null,"x_coord":29.36552412,"y_coord":6.9528996,"adm4_name":null,"adm4_name1":null,"adm4_name2":null,"adm4_name3":null,"adm4_pcode":null,"adm3_name":"Duony","adm3_name1":null,"adm3_name2":null,"adm3_name3":null,"adm3_pcode":"SS040203","adm2_name":"Cueibet","adm2_name1":null,"adm2_name2":null,"adm2_name3":null,"adm2_pcode":"SS0402","adm1_name":"Lakes","adm1_name1":null,"adm1_name2":null,"adm1_name3":null,"adm1_pcode":"SS04","adm0_name":"South Sudan","adm0_name1":null,"adm0_name2":null,"adm0_name3":null,"adm0_pcode":"SS","valid_on":"2022-12-19","valid_to":null,"version":"v03","lang":"en","lang1":null,"lang2":null,"lang3":null},"geometry":{"type":"Point","coordinates":[29.365524119000042,6.95289960000008]}},
{"type":"Feature","properties":{"admin_level":3,"name":"Malou Pec","name1":null,"name2":null,"name3":null,"x_coord":29.06541734,"y_coord":7.10689239,"adm4_name":null,"adm4_name1":null,"adm4_name2":null,"adm4_name3":null,"adm4_pcode":null,"adm3_name":"Malou Pec","adm3_name1":null,"adm3_name2":null,"adm3_name3":null,"adm3_pcode":"SS040204","adm2_name":"Cueibet","adm2_name1":null,"adm2_name2":null,"adm2_name3":null,"adm2_pcode":"SS0402","adm1_name":"Lakes","adm1_name1":null,"adm1_name2":null,"adm1_name3":null,"adm1_pcode":"SS04","adm0_name":"South Sudan","adm0_name1":null,"adm0_name2":null,"adm0_name3":null,"adm0_pcode":"SS","valid_on":"2022-12-19","valid_to":null,"version":"v03","lang":"en","lang1":null,"lang2":null,"lang3":null},"geometry":{"type":"Point","coordinates":[29.065417344000025,7.106892390000041]}},
{"type":"Feature","properties":{"admin_level":3,"name":"Ngap","name1":null,"name2":null,"name3":null,"x_coord":29.20006583,"y_coord":6.83810447,"adm4_name":null,"adm4_name1":null,"adm4_name2":null,"adm4_name3":null,"adm4_pcode":null,"adm3_name":"Ngap","adm3_name1":null,"adm3_name2":null,"adm3_name3":null,"adm3_pcode":"SS040205","adm2_name":"Cueibet","adm2_name1":null,"adm2_name2":null,"adm2_name3":null,"adm2_pcode":"SS0402","adm1_name":"Lakes","adm1_name1":null,"adm1_name2":null,"adm1_name3":null,"adm1_pcode":"SS04","adm0_name":"South Sudan","adm0_name1":null,"adm0_name2":null,"adm0_name3":null,"adm0_pcode":"SS","valid_on":"2022-12-19","valid_to":null,"version":"v03","lang":"en","lang1":null,"lang2":null,"lang3":null},"geometry":{"type":"Point","coordinates":[29.200065827000174,6.838104465000129]}},
{"type":"Feature","properties":{"admin_level":3,"name":"Pagor","name1":null,"name2":null,"name3":null,"x_coord":29.48896973,"y_coord":7.22098238,"adm4_name":null,"adm4_name1":null,"adm4_name2":null,"adm4_name3":null,"adm4_pcode":null,"adm3_name":"Pagor","adm3_name1":null,"adm3_name2":null,"adm3_name3":null,"adm3_pcode":"SS040206","adm2_name":"Cueibet","adm2_name1":null,"adm2_name2":null,"adm2_name3":null,"adm2_pcode":"SS0402","adm1_name":"Lakes","adm1_name1":null,"adm1_name2":null,"adm1_name3":null,"adm1_pcode":"SS04","adm0_name":"South Sudan","adm0_name1":null,"adm0_name2":null,"adm0_name3":null,"adm0_pcode":"SS","valid_on":"2022-12-19","valid_to":null,"version":"v03","lang":"en","lang1":null,"lang2":null,"lang3":null},"geometry":{"type":"Point","coordinates":[29.48896972600005,7.220982377000041]}},
{"type":"Feature","properties":{"admin_level":3,"name":"Ngap 1","name1":null,"name2":null,"name3":null,"x_coord":29.05008881,"y_coord":6.78016607,"adm4_name":null,"adm4_name1":null,"adm4_name2":null,"adm4_name3":null,"adm4_pcode":null,"adm3_name":"Ngap 1","adm3_name1":null,"adm3_name2":null,"adm3_name3":null,"adm3_pcode":"SS040207","adm2_name":"Cueibet","adm2_name1":null,"adm2_name2":null,"adm2_name3":null,"adm2_pcode":"SS0402","adm1_name":"Lakes","adm1_name1":null,"adm1_name2":null,"adm1_name3":null,"adm1_pcode":"SS04","adm0_name":"South Sudan","adm0_name1":null,"adm0_name2":null,"adm0_name3":null,"adm0_pcode":"SS","valid_on":"2022-12-19","valid_to":null,"version":"v03","lang":"en","lang1":null,"lang2":null,"lang3":null},"geometry":{"type":"Point","coordinates":[29.050088813000116,6.780166065000174]}},
{"type":"Feature","properties":{"admin_level":3,"name":"Amongpiny","name1":null,"name2":null,"name3":null,"x_coord":29.98104297,"y_coord":7.00716503,"adm4_name":null,"adm4_name1":null,"adm4_name2":null,"adm4_name3":null,"adm4_pcode":null,"adm3_name":"Amongpiny","adm3_name1":null,"adm3_name2":null,"adm3_name3":null,"adm3_pcode":"SS040301","adm2_name":"Rumbek Centre","adm2_name1":null,"adm2_name2":null,"adm2_name3":null,"adm2_pcode":"SS0403","adm1_name":"Lakes","adm1_name1":null,"adm1_name2":null,"adm1_name3":null,"adm1_pcode":"SS04","adm0_name":"South Sudan","adm0_name1":null,"adm0_name2":null,"adm0_name3":null,"adm0_pcode":"SS","valid_on":"2022-12-19","valid_to":null,"version":"v03","lang":"en","lang1":null,"lang2":null,"lang3":null},"geometry":{"type":"Point","coordinates":[29.981042965000142,7.00716503100017]}},
{"type":"Feature","properties":{"admin_level":3,"name":"Jiir","name1":null,"name2":null,"name3":null,"x_coord":29.66580862,"y_coord":6.77266209,"adm4_name":null,"adm4_name1":null,"adm4_name2":null,"adm4_name3":null,"adm4_pcode":null,"adm3_name":"Jiir","adm3_name1":null,"adm3_name2":null,"adm3_name3":null,"adm3_pcode":"SS040302","adm2_name":"Rumbek Centre","adm2_name1":null,"adm2_name2":null,"adm2_name3":null,"adm2_pcode":"SS0403","adm1_name":"Lakes","adm1_name1":null,"adm1_name2":null,"adm1_name3":null,"adm1_pcode":"SS04","adm0_name":"South Sudan","adm0_name1":null,"adm0_name2":null,"adm0_name3":null,"adm0_pcode":"SS","valid_on":"2022-12-19","valid_to":null,"version":"v03","lang":"en","lang1":null,"lang2":null,"lang3":null},"geometry":{"type":"Point","coordinates":[29.665808617000152,6.77266209000004]}},
{"type":"Feature","properties":{"admin_level":3,"name":"Malek 2","name1":null,"name2":null,"name3":null,"x_coord":29.7051065,"y_coord":7.20501035,"adm4_name":null,"adm4_name1":null,"adm4_name2":null,"adm4_name3":null,"adm4_pcode":null,"adm3_name":"Malek 2","adm3_name1":null,"adm3_name2":null,"adm3_name3":null,"adm3_pcode":"SS040303","adm2_name":"Rumbek Centre","adm2_name1":null,"adm2_name2":null,"adm2_name3":null,"adm2_pcode":"SS0403","adm1_name":"Lakes","adm1_name1":null,"adm1_name2":null,"adm1_name3":null,"adm1_pcode":"SS04","adm0_name":"South Sudan","adm0_name1":null,"adm0_name2":null,"adm0_name3":null,"adm0_pcode":"SS","valid_on":"2022-12-19","valid_to":null,"version":"v03","lang":"en","lang1":null,"lang2":null,"lang3":null},"geometry":{"type":"Point","coordinates":[29.705106496000155,7.20501034800003]}},
{"type":"Feature","properties":{"admin_level":3,"name":"Matangai","name1":null,"name2":null,"name3":null,"x_coord":29.62666722,"y_coord":6.87507746,"adm4_name":null,"adm4_name1":null,"adm4_name2":null,"adm4_name3":null,"adm4_pcode":null,"adm3_name":"Matangai","adm3_name1":null,"adm3_name2":null,"adm3_name3":null,"adm3_pcode":"SS040304","adm2_name":"Rumbek Centre","adm2_name1":null,"adm2_name2":null,"adm2_name3":null,"adm2_pcode":"SS0403","adm1_name":"Lakes","adm1_name1":null,"adm1_name2":null,"adm1_name3":null,"adm1_pcode":"SS04","adm0_name":"South Sudan","adm0_name1":null,"adm0_name2":null,"adm0_name3":null,"adm0_pcode":"SS","valid_on":"2022-12-19","valid_to":null,"version":"v03","lang":"en","lang1":null,"lang2":null,"lang3":null},"geometry":{"type":"Point","coordinates":[29.626667215000055,6.875077455000053]}},
{"type":"Feature","properties":{"admin_level":3,"name":"Mayom","name1":null,"name2":null,"name3":null,"x_coord":29.7100143,"y_coord":7.0574326,"adm4_name":null,"adm4_name1":null,"adm4_name2":null,"adm4_name3":null,"adm4_pcode":null,"adm3_name":"Mayom","adm3_name1":null,"adm3_name2":null,"adm3_name3":null,"adm3_pcode":"SS040305","adm2_name":"Rumbek Centre","adm2_name1":null,"adm2_name2":null,"adm2_name3":null,"adm2_pcode":"SS0403","adm1_name":"Lakes","adm1_name1":null,"adm1_name2":null,"adm1_name3":null,"adm1_pcode":"SS04","adm0_name":"South Sudan","adm0_name1":null,"adm0_name2":null,"adm0_name3":null,"adm0_pcode":"SS","valid_on":"2022-12-19","valid_to":null,"version":"v03","lang":"en","lang1":null,"lang2":null,"lang3":null},"geometry":{"type":"Point","coordinates":[29.71001430400014,7.057432603000166]}},
{"type":"Feature","properties":{"admin_level":3,"name":"Aduel","name1":null,"name2":null,"name3":null,"x_coord":29.81104323,"y_coord":6.51897446,"adm4_name":null,"adm4_name1":null,"adm4_name2":null,"adm4_name3":null,"adm4_pcode":null,"adm3_name":"Aduel","adm3_name1":null,"adm3_name2":null,"adm3_name3":null,"adm3_pcode":"SS040401","adm2_name":"Rumbek East","adm2_name1":null,"adm2_name2":null,"adm2_name3":null,"adm2_pcode":"SS0404","adm1_name":"Lakes","adm1_name1":null,"adm1_name2":null,"adm1_name3":null,"adm1_pcode":"SS04","adm0_name":"South Sudan","adm0_name1":null,"adm0_name2":null,"adm0_name3":null,"adm0_pcode":"SS","valid_on":"2022-12-19","valid_to":null,"version":"v03","lang":"en","lang1":null,"lang2":null,"lang3":null},"geometry":{"type":"Point","coordinates":[29.811043228000131,6.518974455000034]}},
{"type":"Feature","properties":{"admin_level":3,"name":"Akot","name1":null,"name2":null,"name3":null,"x_coord":29.97985654,"y_coord":6.49882821,"adm4_name":null,"adm4_name1":null,"adm4_name2":null,"adm4_name3":null,"adm4_pcode":null,"adm3_name":"Akot","adm3_name1":null,"adm3_name2":null,"adm3_name3":null,"adm3_pcode":"SS040402","adm2_name":"Rumbek East","adm2_name1":null,"adm2_name2":null,"adm2_name3":null,"adm2_pcode":"SS0404","adm1_name":"Lakes","adm1_name1":null,"adm1_name2":null,"adm1_name3":null,"adm1_pcode":"SS04","adm0_name":"South Sudan","adm0_name1":null,"adm0_name2":null,"adm0_name3":null,"adm0_pcode":"SS","valid_on":"2022-12-19","valid_to":null,"version":"v03","lang":"en","lang1":null,"lang2":null,"lang3":null},"geometry":{"type":"Point","coordinates":[29.979856541000061,6.49882821000017]}},
{"type":"Feature","properties":{"admin_level":3,"name":"Atiaba","name1":null,"name2":null,"name3":null,"x_coord":29.93394702,"y_coord":6.59549147,"adm4_name":null,"adm4_name1":null,"adm4_name2":null,"adm4_name3":null,"adm4_pcode":null,"adm3_name":"Atiaba","adm3_name1":null,"adm3_name2":null,"adm3_name3":null,"adm3_pcode":"SS040403","adm2_name":"Rumbek East","adm2_name1":null,"adm2_name2":null,"adm2_name3":null,"adm2_pcode":"SS0404","adm1_name":"Lakes","adm1_name1":null,"adm1_name2":null,"adm1_name3":null,"adm1_pcode":"SS04","adm0_name":"South Sudan","adm0_name1":null,"adm0_name2":null,"adm0_name3":null,"adm0_pcode":"SS","valid_on":"2022-12-19","valid_to":null,"version":"v03","lang":"en","lang1":null,"lang2":null,"lang3":null},"geometry":{"type":"Point","coordinates":[29.933947024000133,6.595491465000123]}},
{"type":"Feature","properties":{"admin_level":3,"name":"Cueicok","name1":null,"name2":null,"name3":null,"x_coord":29.81356866,"y_coord":6.74067258,"adm4_name":null,"adm4_name1":null,"adm4_name2":null,"adm4_name3":null,"adm4_pcode":null,"adm3_name":"Cueicok","adm3_name1":null,"adm3_name2":null,"adm3_name3":null,"adm3_pcode":"SS040404","adm2_name":"Rumbek East","adm2_name1":null,"adm2_name2":null,"adm2_name3":null,"adm2_pcode":"SS0404","adm1_name":"Lakes","adm1_name1":null,"adm1_name2":null,"adm1_name3":null,"adm1_pcode":"SS04","adm0_name":"South Sudan","adm0_name1":null,"adm0_name2":null,"adm0_name3":null,"adm0_pcode":"SS","valid_on":"2022-12-19","valid_to":null,"version":"v03","lang":"en","lang1":null,"lang2":null,"lang3":null},"geometry":{"type":"Point","coordinates":[29.813568659000111,6.740672580000137]}},
{"type":"Feature","properties":{"admin_level":3,"name":"Maleng-agok","name1":null,"name2":null,"name3":null,"x_coord":29.71337653,"y_coord":6.63134094,"adm4_name":null,"adm4_name1":null,"adm4_name2":null,"adm4_name3":null,"adm4_pcode":null,"adm3_name":"Maleng-agok","adm3_name1":null,"adm3_name2":null,"adm3_name3":null,"adm3_pcode":"SS040405","adm2_name":"Rumbek East","adm2_name1":null,"adm2_name2":null,"adm2_name3":null,"adm2_pcode":"SS0404","adm1_name":"Lakes","adm1_name1":null,"adm1_name2":null,"adm1_name3":null,"adm1_pcode":"SS04","adm0_name":"South Sudan","adm0_name1":null,"adm0_name2":null,"adm0_name3":null,"adm0_pcode":"SS","valid_on":"2022-12-19","valid_to":null,"version":"v03","lang":"en","lang1":null,"lang2":null,"lang3":null},"geometry":{"type":"Point","coordinates":[29.713376534000133,6.631340940000086]}},
{"type":"Feature","properties":{"admin_level":3,"name":"Pacong","name1":null,"name2":null,"name3":null,"x_coord":29.78288826,"y_coord":6.62489744,"adm4_name":null,"adm4_name1":null,"adm4_name2":null,"adm4_name3":null,"adm4_pcode":null,"adm3_name":"Pacong","adm3_name1":null,"adm3_name2":null,"adm3_name3":null,"adm3_pcode":"SS040406","adm2_name":"Rumbek East","adm2_name1":null,"adm2_name2":null,"adm2_name3":null,"adm2_pcode":"SS0404","adm1_name":"Lakes","adm1_name1":null,"adm1_name2":null,"adm1_name3":null,"adm1_pcode":"SS04","adm0_name":"South Sudan","adm0_name1":null,"adm0_name2":null,"adm0_name3":null,"adm0_pcode":"SS","valid_on":"2022-12-19","valid_to":null,"version":"v03","lang":"en","lang1":null,"lang2":null,"lang3":null},"geometry":{"type":"Point","coordinates":[29.782888260999982,6.62489743500015]}},
{"type":"Feature","properties":{"admin_level":3,"name":"Paloc","name1":null,"name2":null,"name3":null,"x_coord":30.15991526,"y_coord":6.82319192,"adm4_name":null,"adm4_name1":null,"adm4_name2":null,"adm4_name3":null,"adm4_pcode":null,"adm3_name":"Paloc","adm3_name1":null,"adm3_name2":null,"adm3_name3":null,"adm3_pcode":"SS040407","adm2_name":"Rumbek East","adm2_name1":null,"adm2_name2":null,"adm2_name3":null,"adm2_pcode":"SS0404","adm1_name":"Lakes","adm1_name1":null,"adm1_name2":null,"adm1_name3":null,"adm1_pcode":"SS04","adm0_name":"South Sudan","adm0_name1":null,"adm0_name2":null,"adm0_name3":null,"adm0_pcode":"SS","valid_on":"2022-12-19","valid_to":null,"version":"v03","lang":"en","lang1":null,"lang2":null,"lang3":null},"geometry":{"type":"Point","coordinates":[30.159915261000037,6.823191915000109]}},
{"type":"Feature","properties":{"admin_level":3,"name":"Aloor","name1":null,"name2":null,"name3":null,"x_coord":29.66605385,"y_coord":7.78794642,"adm4_name":null,"adm4_name1":null,"adm4_name2":null,"adm4_name3":null,"adm4_pcode":null,"adm3_name":"Aloor","adm3_name1":null,"adm3_name2":null,"adm3_name3":null,"adm3_pcode":"SS040501","adm2_name":"Rumbek North","adm2_name1":null,"adm2_name2":null,"adm2_name3":null,"adm2_pcode":"SS0405","adm1_name":"Lakes","adm1_name1":null,"adm1_name2":null,"adm1_name3":null,"adm1_pcode":"SS04","adm0_name":"South Sudan","adm0_name1":null,"adm0_name2":null,"adm0_name3":null,"adm0_pcode":"SS","valid_on":"2022-12-19","valid_to":null,"version":"v03","lang":"en","lang1":null,"lang2":null,"lang3":null},"geometry":{"type":"Point","coordinates":[29.666053854000097,7.787946420000026]}},
{"type":"Feature","properties":{"admin_level":3,"name":"Madol","name1":null,"name2":null,"name3":null,"x_coord":29.81846206,"y_coord":7.74402239,"adm4_name":null,"adm4_name1":null,"adm4_name2":null,"adm4_name3":null,"adm4_pcode":null,"adm3_name":"Madol","adm3_name1":null,"adm3_name2":null,"adm3_name3":null,"adm3_pcode":"SS040502","adm2_name":"Rumbek North","adm2_name1":null,"adm2_name2":null,"adm2_name3":null,"adm2_pcode":"SS0405","adm1_name":"Lakes","adm1_name1":null,"adm1_name2":null,"adm1_name3":null,"adm1_pcode":"SS04","adm0_name":"South Sudan","adm0_name1":null,"adm0_name2":null,"adm0_name3":null,"adm0_pcode":"SS","valid_on":"2022-12-19","valid_to":null,"version":"v03","lang":"en","lang1":null,"lang2":null,"lang3":null},"geometry":{"type":"Point","coordinates":[29.81846205800008,7.744022390000168]}},
{"type":"Feature","properties":{"admin_level":3,"name":"Malueeth","name1":null,"name2":null,"name3":null,"x_coord":29.48334628,"y_coord":7.61745933,"adm4_name":null,"adm4_name1":null,"adm4_name2":null,"adm4_name3":null,"adm4_pcode":null,"adm3_name":"Malueeth","adm3_name1":null,"adm3_name2":null,"adm3_name3":null,"adm3_pcode":"SS040503","adm2_name":"Rumbek North","adm2_name1":null,"adm2_name2":null,"adm2_name3":null,"adm2_pcode":"SS0405","adm1_name":"Lakes","adm1_name1":null,"adm1_name2":null,"adm1_name3":null,"adm1_pcode":"SS04","adm0_name":"South Sudan","adm0_name1":null,"adm0_name2":null,"adm0_name3":null,"adm0_pcode":"SS","valid_on":"2022-12-19","valid_to":null,"version":"v03","lang":"en","lang1":null,"lang2":null,"lang3":null},"geometry":{"type":"Point","coordinates":[29.483346280000148,7.617459328999985]}},
{"type":"Feature","properties":{"admin_level":3,"name":"Maper","name1":null,"name2":null,"name3":null,"x_coord":29.72338867,"y_coord":7.70625144,"adm4_name":null,"adm4_name1":null,"adm4_name2":null,"adm4_name3":null,"adm4_pcode":null,"adm3_name":"Maper","adm3_name1":null,"adm3_name2":null,"adm3_name3":null,"adm3_pcode":"SS040504","adm2_name":"Rumbek North","adm2_name1":null,"adm2_name2":null,"adm2_name3":null,"adm2_pcode":"SS0405","adm1_name":"Lakes","adm1_name1":null,"adm1_name2":null,"adm1_name3":null,"adm1_pcode":"SS04","adm0_name":"South Sudan","adm0_name1":null,"adm0_name2":null,"adm0_name3":null,"adm0_pcode":"SS","valid_on":"2022-12-19","valid_to":null,"version":"v03","lang":"en","lang1":null,"lang2":null,"lang3":null},"geometry":{"type":"Point","coordinates":[29.72338867100018,7.706251440000131]}},
{"type":"Feature","properties":{"admin_level":3,"name":"Mayen","name1":null,"name2":null,"name3":null,"x_coord":29.67274411,"y_coord":7.47399039,"adm4_name":null,"adm4_name1":null,"adm4_name2":null,"adm4_name3":null,"adm4_pcode":null,"adm3_name":"Mayen","adm3_name1":null,"adm3_name2":null,"adm3_name3":null,"adm3_pcode":"SS040505","adm2_name":"Rumbek North","adm2_name1":null,"adm2_name2":null,"adm2_name3":null,"adm2_pcode":"SS0405","adm1_name":"Lakes","adm1_name1":null,"adm1_name2":null,"adm1_name3":null,"adm1_pcode":"SS04","adm0_name":"South Sudan","adm0_name1":null,"adm0_name2":null,"adm0_name3":null,"adm0_pcode":"SS","valid_on":"2022-12-19","valid_to":null,"version":"v03","lang":"en","lang1":null,"lang2":null,"lang3":null},"geometry":{"type":"Point","coordinates":[29.672744112000146,7.473990390000097]}},
{"type":"Feature","properties":{"admin_level":3,"name":"Wun-rieng","name1":null,"name2":null,"name3":null,"x_coord":29.71470287,"y_coord":7.65541652,"adm4_name":null,"adm4_name1":null,"adm4_name2":null,"adm4_name3":null,"adm4_pcode":null,"adm3_name":"Wun-rieng","adm3_name1":null,"adm3_name2":null,"adm3_name3":null,"adm3_pcode":"SS040506","adm2_name":"Rumbek North","adm2_name1":null,"adm2_name2":null,"adm2_name3":null,"adm2_pcode":"SS0405","adm1_name":"Lakes","adm1_name1":null,"adm1_name2":null,"adm1_name3":null,"adm1_pcode":"SS04","adm0_name":"South Sudan","adm0_name1":null,"adm0_name2":null,"adm0_name3":null,"adm0_pcode":"SS","valid_on":"2022-12-19","valid_to":null,"version":"v03","lang":"en","lang1":null,"lang2":null,"lang3":null},"geometry":{"type":"Point","coordinates":[29.714702866000096,7.655416515000184]}},
{"type":"Feature","properties":{"admin_level":3,"name":"Bargel","name1":null,"name2":null,"name3":null,"x_coord":28.90533645,"y_coord":6.27046506,"adm4_name":null,"adm4_name1":null,"adm4_name2":null,"adm4_name3":null,"adm4_pcode":null,"adm3_name":"Bargel","adm3_name1":null,"adm3_name2":null,"adm3_name3":null,"adm3_pcode":"SS040601","adm2_name":"Wulu","adm2_name1":null,"adm2_name2":null,"adm2_name3":null,"adm2_pcode":"SS0406","adm1_name":"Lakes","adm1_name1":null,"adm1_name2":null,"adm1_name3":null,"adm1_pcode":"SS04","adm0_name":"South Sudan","adm0_name1":null,"adm0_name2":null,"adm0_name3":null,"adm0_pcode":"SS","valid_on":"2022-12-19","valid_to":null,"version":"v03","lang":"en","lang1":null,"lang2":null,"lang3":null},"geometry":{"type":"Point","coordinates":[28.905336455000167,6.270465060000049]}},
{"type":"Feature","properties":{"admin_level":3,"name":"Domoloto","name1":null,"name2":null,"name3":null,"x_coord":29.34412904,"y_coord":6.05747808,"adm4_name":null,"adm4_name1":null,"adm4_name2":null,"adm4_name3":null,"adm4_pcode":null,"adm3_name":"Domoloto","adm3_name1":null,"adm3_name2":null,"adm3_name3":null,"adm3_pcode":"SS040602","adm2_name":"Wulu","adm2_name1":null,"adm2_name2":null,"adm2_name3":null,"adm2_pcode":"SS0406","adm1_name":"Lakes","adm1_name1":null,"adm1_name2":null,"adm1_name3":null,"adm1_pcode":"SS04","adm0_name":"South Sudan","adm0_name1":null,"adm0_name2":null,"adm0_name3":null,"adm0_pcode":"SS","valid_on":"2022-12-19","valid_to":null,"version":"v03","lang":"en","lang1":null,"lang2":null,"lang3":null},"geometry":{"type":"Point","coordinates":[29.34412903700013,6.057478080000124]}},
{"type":"Feature","properties":{"admin_level":3,"name":"Makundi","name1":null,"name2":null,"name3":null,"x_coord":29.87200963,"y_coord":6.33904484,"adm4_name":null,"adm4_name1":null,"adm4_name2":null,"adm4_name3":null,"adm4_pcode":null,"adm3_name":"Makundi","adm3_name1":null,"adm3_name2":null,"adm3_name3":null,"adm3_pcode":"SS040603","adm2_name":"Wulu","adm2_name1":null,"adm2_name2":null,"adm2_name3":null,"adm2_pcode":"SS0406","adm1_name":"Lakes","adm1_name1":null,"adm1_name2":null,"adm1_name3":null,"adm1_pcode":"SS04","adm0_name":"South Sudan","adm0_name1":null,"adm0_name2":null,"adm0_name3":null,"adm0_pcode":"SS","valid_on":"2022-12-19","valid_to":null,"version":"v03","lang":"en","lang1":null,"lang2":null,"lang3":null},"geometry":{"type":"Point","coordinates":[29.872009627000125,6.339044835000038]}},
{"type":"Feature","properties":{"admin_level":3,"name":"Wulu","name1":null,"name2":null,"name3":null,"x_coord":29.5646885,"y_coord":6.44452096,"adm4_name":null,"adm4_name1":null,"adm4_name2":null,"adm4_name3":null,"adm4_pcode":null,"adm3_name":"Wulu","adm3_name1":null,"adm3_name2":null,"adm3_name3":null,"adm3_pcode":"SS040604","adm2_name":"Wulu","adm2_name1":null,"adm2_name2":null,"adm2_name3":null,"adm2_pcode":"SS0406","adm1_name":"Lakes","adm1_name1":null,"adm1_name2":null,"adm1_name3":null,"adm1_pcode":"SS04","adm0_name":"South Sudan","adm0_name1":null,"adm0_name2":null,"adm0_name3":null,"adm0_pcode":"SS","valid_on":"2022-12-19","valid_to":null,"version":"v03","lang":"en","lang1":null,"lang2":null,"lang3":null},"geometry":{"type":"Point","coordinates":[29.564688501999967,6.444520959000158]}},
{"type":"Feature","properties":{"admin_level":3,"name":"Adior","name1":null,"name2":null,"name3":null,"x_coord":30.8397214,"y_coord":6.94854012,"adm4_name":null,"adm4_name1":null,"adm4_name2":null,"adm4_name3":null,"adm4_pcode":null,"adm3_name":"Adior","adm3_name1":null,"adm3_name2":null,"adm3_name3":null,"adm3_pcode":"SS040701","adm2_name":"Yirol East","adm2_name1":null,"adm2_name2":null,"adm2_name3":null,"adm2_pcode":"SS0407","adm1_name":"Lakes","adm1_name1":null,"adm1_name2":null,"adm1_name3":null,"adm1_pcode":"SS04","adm0_name":"South Sudan","adm0_name1":null,"adm0_name2":null,"adm0_name3":null,"adm0_pcode":"SS","valid_on":"2022-12-19","valid_to":null,"version":"v03","lang":"en","lang1":null,"lang2":null,"lang3":null},"geometry":{"type":"Point","coordinates":[30.839721396000073,6.948540120000132]}},
{"type":"Feature","properties":{"admin_level":3,"name":"Lekakedu","name1":null,"name2":null,"name3":null,"x_coord":30.60966835,"y_coord":6.68549931,"adm4_name":null,"adm4_name1":null,"adm4_name2":null,"adm4_name3":null,"adm4_pcode":null,"adm3_name":"Lekakedu","adm3_name1":null,"adm3_name2":null,"adm3_name3":null,"adm3_pcode":"SS040702","adm2_name":"Yirol East","adm2_name1":null,"adm2_name2":null,"adm2_name3":null,"adm2_pcode":"SS0407","adm1_name":"Lakes","adm1_name1":null,"adm1_name2":null,"adm1_name3":null,"adm1_pcode":"SS04","adm0_name":"South Sudan","adm0_name1":null,"adm0_name2":null,"adm0_name3":null,"adm0_pcode":"SS","valid_on":"2022-12-19","valid_to":null,"version":"v03","lang":"en","lang1":null,"lang2":null,"lang3":null},"geometry":{"type":"Point","coordinates":[30.609668350000163,6.685499305000064]}},
{"type":"Feature","properties":{"admin_level":3,"name":"Malek","name1":null,"name2":null,"name3":null,"x_coord":31.0920493,"y_coord":6.60470724,"adm4_name":null,"adm4_name1":null,"adm4_name2":null,"adm4_name3":null,"adm4_pcode":null,"adm3_name":"Malek","adm3_name1":null,"adm3_name2":null,"adm3_name3":null,"adm3_pcode":"SS040703","adm2_name":"Yirol East","adm2_name1":null,"adm2_name2":null,"adm2_name3":null,"adm2_pcode":"SS0407","adm1_name":"Lakes","adm1_name1":null,"adm1_name2":null,"adm1_name3":null,"adm1_pcode":"SS04","adm0_name":"South Sudan","adm0_name1":null,"adm0_name2":null,"adm0_name3":null,"adm0_pcode":"SS","valid_on":"2022-12-19","valid_to":null,"version":"v03","lang":"en","lang1":null,"lang2":null,"lang3":null},"geometry":{"type":"Point","coordinates":[31.092049299,6.604707241000085]}},
{"type":"Feature","properties":{"admin_level":3,"name":"Pagarau","name1":null,"name2":null,"name3":null,"x_coord":30.40652853,"y_coord":6.87686698,"adm4_name":null,"adm4_name1":null,"adm4_name2":null,"adm4_name3":null,"adm4_pcode":null,"adm3_name":"Pagarau","adm3_name1":null,"adm3_name2":null,"adm3_name3":null,"adm3_pcode":"SS040704","adm2_name":"Yirol East","adm2_name1":null,"adm2_name2":null,"adm2_name3":null,"adm2_pcode":"SS0407","adm1_name":"Lakes","adm1_name1":null,"adm1_name2":null,"adm1_name3":null,"adm1_pcode":"SS04","adm0_name":"South Sudan","adm0_name1":null,"adm0_name2":null,"adm0_name3":null,"adm0_pcode":"SS","valid_on":"2022-12-19","valid_to":null,"version":"v03","lang":"en","lang1":null,"lang2":null,"lang3":null},"geometry":{"type":"Point","coordinates":[30.406528534000188,6.876866983000127]}},
{"type":"Feature","properties":{"admin_level":3,"name":"Tinagau","name1":null,"name2":null,"name3":null,"x_coord":30.56096049,"y_coord":6.91970954,"adm4_name":null,"adm4_name1":null,"adm4_name2":null,"adm4_name3":null,"adm4_pcode":null,"adm3_name":"Tinagau","adm3_name1":null,"adm3_name2":null,"adm3_name3":null,"adm3_pcode":"SS040705","adm2_name":"Yirol East","adm2_name1":null,"adm2_name2":null,"adm2_name3":null,"adm2_pcode":"SS0407","adm1_name":"Lakes","adm1_name1":null,"adm1_name2":null,"adm1_name3":null,"adm1_pcode":"SS04","adm0_name":"South Sudan","adm0_name1":null,"adm0_name2":null,"adm0_name3":null,"adm0_pcode":"SS","valid_on":"2022-12-19","valid_to":null,"version":"v03","lang":"en","lang1":null,"lang2":null,"lang3":null},"geometry":{"type":"Point","coordinates":[30.560960489000138,6.919709535000038]}},
{"type":"Feature","properties":{"admin_level":3,"name":"Yali","name1":null,"name2":null,"name3":null,"x_coord":30.45234489,"y_coord":6.66100566,"adm4_name":null,"adm4_name1":null,"adm4_name2":null,"adm4_name3":null,"adm4_pcode":null,"adm3_name":"Yali","adm3_name1":null,"adm3_name2":null,"adm3_name3":null,"adm3_pcode":"SS040706","adm2_name":"Yirol East","adm2_name1":null,"adm2_name2":null,"adm2_name3":null,"adm2_pcode":"SS0407","adm1_name":"Lakes","adm1_name1":null,"adm1_name2":null,"adm1_name3":null,"adm1_pcode":"SS04","adm0_name":"South Sudan","adm0_name1":null,"adm0_name2":null,"adm0_name3":null,"adm0_pcode":"SS","valid_on":"2022-12-19","valid_to":null,"version":"v03","lang":"en","lang1":null,"lang2":null,"lang3":null},"geometry":{"type":"Point","coordinates":[30.452344887000038,6.661005660000171]}},
{"type":"Feature","properties":{"admin_level":3,"name":"Abang","name1":null,"name2":null,"name3":null,"x_coord":30.55731937,"y_coord":6.58279467,"adm4_name":null,"adm4_name1":null,"adm4_name2":null,"adm4_name3":null,"adm4_pcode":null,"adm3_name":"Abang","adm3_name1":null,"adm3_name2":null,"adm3_name3":null,"adm3_pcode":"SS040801","adm2_name":"Yirol West","adm2_name1":null,"adm2_name2":null,"adm2_name3":null,"adm2_pcode":"SS0408","adm1_name":"Lakes","adm1_name1":null,"adm1_name2":null,"adm1_name3":null,"adm1_pcode":"SS04","adm0_name":"South Sudan","adm0_name1":null,"adm0_name2":null,"adm0_name3":null,"adm0_pcode":"SS","valid_on":"2022-12-19","valid_to":null,"version":"v03","lang":"en","lang1":null,"lang2":null,"lang3":null},"geometry":{"type":"Point","coordinates":[30.557319372000052,6.582794670000055]}},
{"type":"Feature","properties":{"admin_level":3,"name":"Aluakluak","name1":null,"name2":null,"name3":null,"x_coord":30.06983243,"y_coord":6.4601119,"adm4_name":null,"adm4_name1":null,"adm4_name2":null,"adm4_name3":null,"adm4_pcode":null,"adm3_name":"Aluakluak","adm3_name1":null,"adm3_name2":null,"adm3_name3":null,"adm3_pcode":"SS040802","adm2_name":"Yirol West","adm2_name1":null,"adm2_name2":null,"adm2_name3":null,"adm2_pcode":"SS0408","adm1_name":"Lakes","adm1_name1":null,"adm1_name2":null,"adm1_name3":null,"adm1_pcode":"SS04","adm0_name":"South Sudan","adm0_name1":null,"adm0_name2":null,"adm0_name3":null,"adm0_pcode":"SS","valid_on":"2022-12-19","valid_to":null,"version":"v03","lang":"en","lang1":null,"lang2":null,"lang3":null},"geometry":{"type":"Point","coordinates":[30.069832429000144,6.460111903000154]}},
{"type":"Feature","properties":{"admin_level":3,"name":"Anuol","name1":null,"name2":null,"name3":null,"x_coord":30.39391789,"y_coord":6.22022342,"adm4_name":null,"adm4_name1":null,"adm4_name2":null,"adm4_name3":null,"adm4_pcode":null,"adm3_name":"Anuol","adm3_name1":null,"adm3_name2":null,"adm3_name3":null,"adm3_pcode":"SS040803","adm2_name":"Yirol West","adm2_name1":null,"adm2_name2":null,"adm2_name3":null,"adm2_pcode":"SS0408","adm1_name":"Lakes","adm1_name1":null,"adm1_name2":null,"adm1_name3":null,"adm1_pcode":"SS04","adm0_name":"South Sudan","adm0_name1":null,"adm0_name2":null,"adm0_name3":null,"adm0_pcode":"SS","valid_on":"2022-12-19","valid_to":null,"version":"v03","lang":"en","lang1":null,"lang2":null,"lang3":null},"geometry":{"type":"Point","coordinates":[30.393917888000033,6.220223414999964]}},
{"type":"Feature","properties":{"admin_level":3,"name":"Geng-geng","name1":null,"name2":null,"name3":null,"x_coord":30.71847127,"y_coord":6.45410723,"adm4_name":null,"adm4_name1":null,"adm4_name2":null,"adm4_name3":null,"adm4_pcode":null,"adm3_name":"Geng-geng","adm3_name1":null,"adm3_name2":null,"adm3_name3":null,"adm3_pcode":"SS040804","adm2_name":"Yirol West","adm2_name1":null,"adm2_name2":null,"adm2_name3":null,"adm2_pcode":"SS0408","adm1_name":"Lakes","adm1_name1":null,"adm1_name2":null,"adm1_name3":null,"adm1_pcode":"SS04","adm0_name":"South Sudan","adm0_name1":null,"adm0_name2":null,"adm0_name3":null,"adm0_pcode":"SS","valid_on":"2022-12-19","valid_to":null,"version":"v03","lang":"en","lang1":null,"lang2":null,"lang3":null},"geometry":{"type":"Point","coordinates":[30.718471266000165,6.454107224999973]}},
{"type":"Feature","properties":{"admin_level":3,"name":"Gher","name1":null,"name2":null,"name3":null,"x_coord":30.24693683,"y_coord":6.47415999,"adm4_name":null,"adm4_name1":null,"adm4_name2":null,"adm4_name3":null,"adm4_pcode":null,"adm3_name":"Gher","adm3_name1":null,"adm3_name2":null,"adm3_name3":null,"adm3_pcode":"SS040805","adm2_name":"Yirol West","adm2_name1":null,"adm2_name2":null,"adm2_name3":null,"adm2_pcode":"SS0408","adm1_name":"Lakes","adm1_name1":null,"adm1_name2":null,"adm1_name3":null,"adm1_pcode":"SS04","adm0_name":"South Sudan","adm0_name1":null,"adm0_name2":null,"adm0_name3":null,"adm0_pcode":"SS","valid_on":"2022-12-19","valid_to":null,"version":"v03","lang":"en","lang1":null,"lang2":null,"lang3":null},"geometry":{"type":"Point","coordinates":[30.246936828000059,6.474159990000146]}},
{"type":"Feature","properties":{"admin_level":3,"name":"Mapuordit","name1":null,"name2":null,"name3":null,"x_coord":30.16967806,"y_coord":6.30863298,"adm4_name":null,"adm4_name1":null,"adm4_name2":null,"adm4_name3":null,"adm4_pcode":null,"adm3_name":"Mapuordit","adm3_name1":null,"adm3_name2":null,"adm3_name3":null,"adm3_pcode":"SS040806","adm2_name":"Yirol West","adm2_name1":null,"adm2_name2":null,"adm2_name3":null,"adm2_pcode":"SS0408","adm1_name":"Lakes","adm1_name1":null,"adm1_name2":null,"adm1_name3":null,"adm1_pcode":"SS04","adm0_name":"South Sudan","adm0_name1":null,"adm0_name2":null,"adm0_name3":null,"adm0_pcode":"SS","valid_on":"2022-12-19","valid_to":null,"version":"v03","lang":"en","lang1":null,"lang2":null,"lang3":null},"geometry":{"type":"Point","coordinates":[30.169678065000141,6.308632980000084]}},
{"type":"Feature","properties":{"admin_level":3,"name":"Yirol","name1":null,"name2":null,"name3":null,"x_coord":30.42766258,"y_coord":6.49913648,"adm4_name":null,"adm4_name1":null,"adm4_name2":null,"adm4_name3":null,"adm4_pcode":null,"adm3_name":"Yirol","adm3_name1":null,"adm3_name2":null,"adm3_name3":null,"adm3_pcode":"SS040807","adm2_name":"Yirol West","adm2_name1":null,"adm2_name2":null,"adm2_name3":null,"adm2_pcode":"SS0408","adm1_name":"Lakes","adm1_name1":null,"adm1_name2":null,"adm1_name3":null,"adm1_pcode":"SS04","adm0_name":"South Sudan","adm0_name1":null,"adm0_name2":null,"adm0_name3":null,"adm0_pcode":"SS","valid_on":"2022-12-19","valid_to":null,"version":"v03","lang":"en","lang1":null,"lang2":null,"lang3":null},"geometry":{"type":"Point","coordinates":[30.427662584000188,6.499136475000171]}},
{"type":"Feature","properties":{"admin_level":3,"name":"Abul","name1":null,"name2":null,"name3":null,"x_coord":26.97094119,"y_coord":8.19119836,"adm4_name":null,"adm4_name1":null,"adm4_name2":null,"adm4_name3":null,"adm4_pcode":null,"adm3_name":"Abul","adm3_name1":null,"adm3_name2":null,"adm3_name3":null,"adm3_pcode":"SS050101","adm2_name":"Aweil Centre","adm2_name1":null,"adm2_name2":null,"adm2_name3":null,"adm2_pcode":"SS0501","adm1_name":"Northern Bahr el Ghazal","adm1_name1":null,"adm1_name2":null,"adm1_name3":null,"adm1_pcode":"SS05","adm0_name":"South Sudan","adm0_name1":null,"adm0_name2":null,"adm0_name3":null,"adm0_pcode":"SS","valid_on":"2022-12-19","valid_to":null,"version":"v03","lang":"en","lang1":null,"lang2":null,"lang3":null},"geometry":{"type":"Point","coordinates":[26.970941188000097,8.191198362000137]}},
{"type":"Feature","properties":{"admin_level":3,"name":"Achana","name1":null,"name2":null,"name3":null,"x_coord":26.51855425,"y_coord":8.4344111,"adm4_name":null,"adm4_name1":null,"adm4_name2":null,"adm4_name3":null,"adm4_pcode":null,"adm3_name":"Achana","adm3_name1":null,"adm3_name2":null,"adm3_name3":null,"adm3_pcode":"SS050102","adm2_name":"Aweil Centre","adm2_name1":null,"adm2_name2":null,"adm2_name3":null,"adm2_pcode":"SS0501","adm1_name":"Northern Bahr el Ghazal","adm1_name1":null,"adm1_name2":null,"adm1_name3":null,"adm1_pcode":"SS05","adm0_name":"South Sudan","adm0_name1":null,"adm0_name2":null,"adm0_name3":null,"adm0_pcode":"SS","valid_on":"2022-12-19","valid_to":null,"version":"v03","lang":"en","lang1":null,"lang2":null,"lang3":null},"geometry":{"type":"Point","coordinates":[26.5185542480001,8.434411097000066]}},
{"type":"Feature","properties":{"admin_level":3,"name":"Aroyo","name1":null,"name2":null,"name3":null,"x_coord":26.96340799,"y_coord":8.57908598,"adm4_name":null,"adm4_name1":null,"adm4_name2":null,"adm4_name3":null,"adm4_pcode":null,"adm3_name":"Aroyo","adm3_name1":null,"adm3_name2":null,"adm3_name3":null,"adm3_pcode":"SS050103","adm2_name":"Aweil Centre","adm2_name1":null,"adm2_name2":null,"adm2_name3":null,"adm2_pcode":"SS0501","adm1_name":"Northern Bahr el Ghazal","adm1_name1":null,"adm1_name2":null,"adm1_name3":null,"adm1_pcode":"SS05","adm0_name":"South Sudan","adm0_name1":null,"adm0_name2":null,"adm0_name3":null,"adm0_pcode":"SS","valid_on":"2022-12-19","valid_to":null,"version":"v03","lang":"en","lang1":null,"lang2":null,"lang3":null},"geometry":{"type":"Point","coordinates":[26.963407990000121,8.579085975]}},
{"type":"Feature","properties":{"admin_level":3,"name":"Awiil","name1":null,"name2":null,"name3":null,"x_coord":27.35303285,"y_coord":8.66722104,"adm4_name":null,"adm4_name1":null,"adm4_name2":null,"adm4_name3":null,"adm4_pcode":null,"adm3_name":"Awiil","adm3_name1":null,"adm3_name2":null,"adm3_name3":null,"adm3_pcode":"SS050104","adm2_name":"Aweil Centre","adm2_name1":null,"adm2_name2":null,"adm2_name3":null,"adm2_pcode":"SS0501","adm1_name":"Northern Bahr el Ghazal","adm1_name1":null,"adm1_name2":null,"adm1_name3":null,"adm1_pcode":"SS05","adm0_name":"South Sudan","adm0_name1":null,"adm0_name2":null,"adm0_name3":null,"adm0_pcode":"SS","valid_on":"2022-12-19","valid_to":null,"version":"v03","lang":"en","lang1":null,"lang2":null,"lang3":null},"geometry":{"type":"Point","coordinates":[27.353032855000038,8.667221040000129]}},
{"type":"Feature","properties":{"admin_level":3,"name":"Bahr Mayen","name1":null,"name2":null,"name3":null,"x_coord":27.68637862,"y_coord":8.44982883,"adm4_name":null,"adm4_name1":null,"adm4_name2":null,"adm4_name3":null,"adm4_pcode":null,"adm3_name":"Bahr Mayen","adm3_name1":null,"adm3_name2":null,"adm3_name3":null,"adm3_pcode":"SS050105","adm2_name":"Aweil Centre","adm2_name1":null,"adm2_name2":null,"adm2_name3":null,"adm2_pcode":"SS0501","adm1_name":"Northern Bahr el Ghazal","adm1_name1":null,"adm1_name2":null,"adm1_name3":null,"adm1_pcode":"SS05","adm0_name":"South Sudan","adm0_name1":null,"adm0_name2":null,"adm0_name3":null,"adm0_pcode":"SS","valid_on":"2022-12-19","valid_to":null,"version":"v03","lang":"en","lang1":null,"lang2":null,"lang3":null},"geometry":{"type":"Point","coordinates":[27.686378624000156,8.449828830000058]}},
{"type":"Feature","properties":{"admin_level":3,"name":"Chel South","name1":null,"name2":null,"name3":null,"x_coord":26.73175188,"y_coord":8.76039453,"adm4_name":null,"adm4_name1":null,"adm4_name2":null,"adm4_name3":null,"adm4_pcode":null,"adm3_name":"Chel South","adm3_name1":null,"adm3_name2":null,"adm3_name3":null,"adm3_pcode":"SS050106","adm2_name":"Aweil Centre","adm2_name1":null,"adm2_name2":null,"adm2_name3":null,"adm2_pcode":"SS0501","adm1_name":"Northern Bahr el Ghazal","adm1_name1":null,"adm1_name2":null,"adm1_name3":null,"adm1_pcode":"SS05","adm0_name":"South Sudan","adm0_name1":null,"adm0_name2":null,"adm0_name3":null,"adm0_pcode":"SS","valid_on":"2022-12-19","valid_to":null,"version":"v03","lang":"en","lang1":null,"lang2":null,"lang3":null},"geometry":{"type":"Point","coordinates":[26.731751885000108,8.760394530000156]}},
{"type":"Feature","properties":{"admin_level":3,"name":"Nyalath","name1":null,"name2":null,"name3":null,"x_coord":27.23104993,"y_coord":8.47609385,"adm4_name":null,"adm4_name1":null,"adm4_name2":null,"adm4_name3":null,"adm4_pcode":null,"adm3_name":"Nyalath","adm3_name1":null,"adm3_name2":null,"adm3_name3":null,"adm3_pcode":"SS050107","adm2_name":"Aweil Centre","adm2_name1":null,"adm2_name2":null,"adm2_name3":null,"adm2_pcode":"SS0501","adm1_name":"Northern Bahr el Ghazal","adm1_name1":null,"adm1_name2":null,"adm1_name3":null,"adm1_pcode":"SS05","adm0_name":"South Sudan","adm0_name1":null,"adm0_name2":null,"adm0_name3":null,"adm0_pcode":"SS","valid_on":"2022-12-19","valid_to":null,"version":"v03","lang":"en","lang1":null,"lang2":null,"lang3":null},"geometry":{"type":"Point","coordinates":[27.231049932000133,8.47609384500015]}},
{"type":"Feature","properties":{"admin_level":3,"name":"Baach","name1":null,"name2":null,"name3":null,"x_coord":27.57454988,"y_coord":9.21255831,"adm4_name":null,"adm4_name1":null,"adm4_name2":null,"adm4_name3":null,"adm4_pcode":null,"adm3_name":"Baach","adm3_name1":null,"adm3_name2":null,"adm3_name3":null,"adm3_pcode":"SS050201","adm2_name":"Aweil East","adm2_name1":null,"adm2_name2":null,"adm2_name3":null,"adm2_pcode":"SS0502","adm1_name":"Northern Bahr el Ghazal","adm1_name1":null,"adm1_name2":null,"adm1_name3":null,"adm1_pcode":"SS05","adm0_name":"South Sudan","adm0_name1":null,"adm0_name2":null,"adm0_name3":null,"adm0_pcode":"SS","valid_on":"2022-12-19","valid_to":null,"version":"v03","lang":"en","lang1":null,"lang2":null,"lang3":null},"geometry":{"type":"Point","coordinates":[27.574549882999975,9.212558310000134]}},
{"type":"Feature","properties":{"admin_level":3,"name":"Madhol","name1":null,"name2":null,"name3":null,"x_coord":27.68148502,"y_coord":9.20207885,"adm4_name":null,"adm4_name1":null,"adm4_name2":null,"adm4_name3":null,"adm4_pcode":null,"adm3_name":"Madhol","adm3_name1":null,"adm3_name2":null,"adm3_name3":null,"adm3_pcode":"SS050202","adm2_name":"Aweil East","adm2_name1":null,"adm2_name2":null,"adm2_name3":null,"adm2_pcode":"SS0502","adm1_name":"Northern Bahr el Ghazal","adm1_name1":null,"adm1_name2":null,"adm1_name3":null,"adm1_pcode":"SS05","adm0_name":"South Sudan","adm0_name1":null,"adm0_name2":null,"adm0_name3":null,"adm0_pcode":"SS","valid_on":"2022-12-19","valid_to":null,"version":"v03","lang":"en","lang1":null,"lang2":null,"lang3":null},"geometry":{"type":"Point","coordinates":[27.681485018000103,9.202078845000187]}},
{"type":"Feature","properties":{"admin_level":3,"name":"Malual-bai","name1":null,"name2":null,"name3":null,"x_coord":27.86467032,"y_coord":9.23873189,"adm4_name":null,"adm4_name1":null,"adm4_name2":null,"adm4_name3":null,"adm4_pcode":null,"adm3_name":"Malual-bai","adm3_name1":null,"adm3_name2":null,"adm3_name3":null,"adm3_pcode":"SS050203","adm2_name":"Aweil East","adm2_name1":null,"adm2_name2":null,"adm2_name3":null,"adm2_pcode":"SS0502","adm1_name":"Northern Bahr el Ghazal","adm1_name1":null,"adm1_name2":null,"adm1_name3":null,"adm1_pcode":"SS05","adm0_name":"South Sudan","adm0_name1":null,"adm0_name2":null,"adm0_name3":null,"adm0_pcode":"SS","valid_on":"2022-12-19","valid_to":null,"version":"v03","lang":"en","lang1":null,"lang2":null,"lang3":null},"geometry":{"type":"Point","coordinates":[27.864670323000041,9.238731885000107]}},
{"type":"Feature","properties":{"admin_level":3,"name":"Mangar-tong I","name1":null,"name2":null,"name3":null,"x_coord":27.45107889,"y_coord":9.3125075,"adm4_name":null,"adm4_name1":null,"adm4_name2":null,"adm4_name3":null,"adm4_pcode":null,"adm3_name":"Mangar-tong I","adm3_name1":null,"adm3_name2":null,"adm3_name3":null,"adm3_pcode":"SS050204","adm2_name":"Aweil East","adm2_name1":null,"adm2_name2":null,"adm2_name3":null,"adm2_pcode":"SS0502","adm1_name":"Northern Bahr el Ghazal","adm1_name1":null,"adm1_name2":null,"adm1_name3":null,"adm1_pcode":"SS05","adm0_name":"South Sudan","adm0_name1":null,"adm0_name2":null,"adm0_name3":null,"adm0_pcode":"SS","valid_on":"2022-12-19","valid_to":null,"version":"v03","lang":"en","lang1":null,"lang2":null,"lang3":null},"geometry":{"type":"Point","coordinates":[27.451078890000076,9.312507495000034]}},
{"type":"Feature","properties":{"admin_level":3,"name":"Mangok","name1":null,"name2":null,"name3":null,"x_coord":27.39335224,"y_coord":9.08662194,"adm4_name":null,"adm4_name1":null,"adm4_name2":null,"adm4_name3":null,"adm4_pcode":null,"adm3_name":"Mangok","adm3_name1":null,"adm3_name2":null,"adm3_name3":null,"adm3_pcode":"SS050205","adm2_name":"Aweil East","adm2_name1":null,"adm2_name2":null,"adm2_name3":null,"adm2_pcode":"SS0502","adm1_name":"Northern Bahr el Ghazal","adm1_name1":null,"adm1_name2":null,"adm1_name3":null,"adm1_pcode":"SS05","adm0_name":"South Sudan","adm0_name1":null,"adm0_name2":null,"adm0_name3":null,"adm0_pcode":"SS","valid_on":"2022-12-19","valid_to":null,"version":"v03","lang":"en","lang1":null,"lang2":null,"lang3":null},"geometry":{"type":"Point","coordinates":[27.393352245000074,9.086621940000043]}},
{"type":"Feature","properties":{"admin_level":3,"name":"Wunlang","name1":null,"name2":null,"name3":null,"x_coord":27.44273026,"y_coord":9.1610951,"adm4_name":null,"adm4_name1":null,"adm4_name2":null,"adm4_name3":null,"adm4_pcode":null,"adm3_name":"Wunlang","adm3_name1":null,"adm3_name2":null,"adm3_name3":null,"adm3_pcode":"SS050206","adm2_name":"Aweil East","adm2_name1":null,"adm2_name2":null,"adm2_name3":null,"adm2_pcode":"SS0502","adm1_name":"Northern Bahr el Ghazal","adm1_name1":null,"adm1_name2":null,"adm1_name3":null,"adm1_pcode":"SS05","adm0_name":"South Sudan","adm0_name1":null,"adm0_name2":null,"adm0_name3":null,"adm0_pcode":"SS","valid_on":"2022-12-19","valid_to":null,"version":"v03","lang":"en","lang1":null,"lang2":null,"lang3":null},"geometry":{"type":"Point","coordinates":[27.442730257000051,9.161095095000064]}},
{"type":"Feature","properties":{"admin_level":3,"name":"Yargot","name1":null,"name2":null,"name3":null,"x_coord":27.35275894,"y_coord":9.22016732,"adm4_name":null,"adm4_name1":null,"adm4_name2":null,"adm4_name3":null,"adm4_pcode":null,"adm3_name":"Yargot","adm3_name1":null,"adm3_name2":null,"adm3_name3":null,"adm3_pcode":"SS050207","adm2_name":"Aweil East","adm2_name1":null,"adm2_name2":null,"adm2_name3":null,"adm2_pcode":"SS0502","adm1_name":"Northern Bahr el Ghazal","adm1_name1":null,"adm1_name2":null,"adm1_name3":null,"adm1_pcode":"SS05","adm0_name":"South Sudan","adm0_name1":null,"adm0_name2":null,"adm0_name3":null,"adm0_pcode":"SS","valid_on":"2022-12-19","valid_to":null,"version":"v03","lang":"en","lang1":null,"lang2":null,"lang3":null},"geometry":{"type":"Point","coordinates":[27.352758937000146,9.220167315000083]}},
{"type":"Feature","properties":{"admin_level":3,"name":"Mayom-wel","name1":null,"name2":null,"name3":null,"x_coord":27.5712769,"y_coord":8.82134537,"adm4_name":null,"adm4_name1":null,"adm4_name2":null,"adm4_name3":null,"adm4_pcode":null,"adm3_name":"Mayom-wel","adm3_name1":null,"adm3_name2":null,"adm3_name3":null,"adm3_pcode":"SS050208","adm2_name":"Aweil East","adm2_name1":null,"adm2_name2":null,"adm2_name3":null,"adm2_pcode":"SS0502","adm1_name":"Northern Bahr el Ghazal","adm1_name1":null,"adm1_name2":null,"adm1_name3":null,"adm1_pcode":"SS05","adm0_name":"South Sudan","adm0_name1":null,"adm0_name2":null,"adm0_name3":null,"adm0_pcode":"SS","valid_on":"2022-12-19","valid_to":null,"version":"v03","lang":"en","lang1":null,"lang2":null,"lang3":null},"geometry":{"type":"Point","coordinates":[27.571276899000111,8.82134536500007]}},
{"type":"Feature","properties":{"admin_level":3,"name":"Ariath","name1":null,"name2":null,"name3":null,"x_coord":27.15871448,"y_coord":9.19360408,"adm4_name":null,"adm4_name1":null,"adm4_name2":null,"adm4_name3":null,"adm4_pcode":null,"adm3_name":"Ariath","adm3_name1":null,"adm3_name2":null,"adm3_name3":null,"adm3_pcode":"SS050301","adm2_name":"Aweil North","adm2_name1":null,"adm2_name2":null,"adm2_name3":null,"adm2_pcode":"SS0503","adm1_name":"Northern Bahr el Ghazal","adm1_name1":null,"adm1_name2":null,"adm1_name3":null,"adm1_pcode":"SS05","adm0_name":"South Sudan","adm0_name1":null,"adm0_name2":null,"adm0_name3":null,"adm0_pcode":"SS","valid_on":"2022-12-19","valid_to":null,"version":"v03","lang":"en","lang1":null,"lang2":null,"lang3":null},"geometry":{"type":"Point","coordinates":[27.158714484000143,9.193604085000118]}},
{"type":"Feature","properties":{"admin_level":3,"name":"Malual Centre","name1":null,"name2":null,"name3":null,"x_coord":27.00963117,"y_coord":9.38237927,"adm4_name":null,"adm4_name1":null,"adm4_name2":null,"adm4_name3":null,"adm4_pcode":null,"adm3_name":"Malual Centre","adm3_name1":null,"adm3_name2":null,"adm3_name3":null,"adm3_pcode":"SS050302","adm2_name":"Aweil North","adm2_name1":null,"adm2_name2":null,"adm2_name3":null,"adm2_pcode":"SS0503","adm1_name":"Northern Bahr el Ghazal","adm1_name1":null,"adm1_name2":null,"adm1_name3":null,"adm1_pcode":"SS05","adm0_name":"South Sudan","adm0_name1":null,"adm0_name2":null,"adm0_name3":null,"adm0_pcode":"SS","valid_on":"2022-12-19","valid_to":null,"version":"v03","lang":"en","lang1":null,"lang2":null,"lang3":null},"geometry":{"type":"Point","coordinates":[27.009631171000024,9.382379265000111]}},
{"type":"Feature","properties":{"admin_level":3,"name":"Malual East","name1":null,"name2":null,"name3":null,"x_coord":27.24654503,"y_coord":9.27574767,"adm4_name":null,"adm4_name1":null,"adm4_name2":null,"adm4_name3":null,"adm4_pcode":null,"adm3_name":"Malual East","adm3_name1":null,"adm3_name2":null,"adm3_name3":null,"adm3_pcode":"SS050303","adm2_name":"Aweil North","adm2_name1":null,"adm2_name2":null,"adm2_name3":null,"adm2_pcode":"SS0503","adm1_name":"Northern Bahr el Ghazal","adm1_name1":null,"adm1_name2":null,"adm1_name3":null,"adm1_pcode":"SS05","adm0_name":"South Sudan","adm0_name1":null,"adm0_name2":null,"adm0_name3":null,"adm0_pcode":"SS","valid_on":"2022-12-19","valid_to":null,"version":"v03","lang":"en","lang1":null,"lang2":null,"lang3":null},"geometry":{"type":"Point","coordinates":[27.246545026000035,9.275747670000101]}},
{"type":"Feature","properties":{"admin_level":3,"name":"Malual North","name1":null,"name2":null,"name3":null,"x_coord":26.82799067,"y_coord":9.3405758,"adm4_name":null,"adm4_name1":null,"adm4_name2":null,"adm4_name3":null,"adm4_pcode":null,"adm3_name":"Malual North","adm3_name1":null,"adm3_name2":null,"adm3_name3":null,"adm3_pcode":"SS050304","adm2_name":"Aweil North","adm2_name1":null,"adm2_name2":null,"adm2_name3":null,"adm2_pcode":"SS0503","adm1_name":"Northern Bahr el Ghazal","adm1_name1":null,"adm1_name2":null,"adm1_name3":null,"adm1_pcode":"SS05","adm0_name":"South Sudan","adm0_name1":null,"adm0_name2":null,"adm0_name3":null,"adm0_pcode":"SS","valid_on":"2022-12-19","valid_to":null,"version":"v03","lang":"en","lang1":null,"lang2":null,"lang3":null},"geometry":{"type":"Point","coordinates":[26.82799067000019,9.34057579600011]}},
{"type":"Feature","properties":{"admin_level":3,"name":"Malual West","name1":null,"name2":null,"name3":null,"x_coord":26.43740189,"y_coord":9.4478265,"adm4_name":null,"adm4_name1":null,"adm4_name2":null,"adm4_name3":null,"adm4_pcode":null,"adm3_name":"Malual West","adm3_name1":null,"adm3_name2":null,"adm3_name3":null,"adm3_pcode":"SS050305","adm2_name":"Aweil North","adm2_name1":null,"adm2_name2":null,"adm2_name3":null,"adm2_pcode":"SS0503","adm1_name":"Northern Bahr el Ghazal","adm1_name1":null,"adm1_name2":null,"adm1_name3":null,"adm1_pcode":"SS05","adm0_name":"South Sudan","adm0_name1":null,"adm0_name2":null,"adm0_name3":null,"adm0_pcode":"SS","valid_on":"2022-12-19","valid_to":null,"version":"v03","lang":"en","lang1":null,"lang2":null,"lang3":null},"geometry":{"type":"Point","coordinates":[26.43740189500005,9.447826500000076]}},
{"type":"Feature","properties":{"admin_level":3,"name":"Ayai","name1":null,"name2":null,"name3":null,"x_coord":27.6779375,"y_coord":8.78334299,"adm4_name":null,"adm4_name1":null,"adm4_name2":null,"adm4_name3":null,"adm4_pcode":null,"adm3_name":"Ayai","adm3_name1":null,"adm3_name2":null,"adm3_name3":null,"adm3_pcode":"SS050401","adm2_name":"Aweil South","adm2_name1":null,"adm2_name2":null,"adm2_name3":null,"adm2_pcode":"SS0504","adm1_name":"Northern Bahr el Ghazal","adm1_name1":null,"adm1_name2":null,"adm1_name3":null,"adm1_pcode":"SS05","adm0_name":"South Sudan","adm0_name1":null,"adm0_name2":null,"adm0_name3":null,"adm0_pcode":"SS","valid_on":"2022-12-19","valid_to":null,"version":"v03","lang":"en","lang1":null,"lang2":null,"lang3":null},"geometry":{"type":"Point","coordinates":[27.677937505000102,8.783342993000076]}},
{"type":"Feature","properties":{"admin_level":3,"name":"Gakrol","name1":null,"name2":null,"name3":null,"x_coord":27.69292237,"y_coord":8.57756345,"adm4_name":null,"adm4_name1":null,"adm4_name2":null,"adm4_name3":null,"adm4_pcode":null,"adm3_name":"Gakrol","adm3_name1":null,"adm3_name2":null,"adm3_name3":null,"adm3_pcode":"SS050402","adm2_name":"Aweil South","adm2_name1":null,"adm2_name2":null,"adm2_name3":null,"adm2_pcode":"SS0504","adm1_name":"Northern Bahr el Ghazal","adm1_name1":null,"adm1_name2":null,"adm1_name3":null,"adm1_pcode":"SS05","adm0_name":"South Sudan","adm0_name1":null,"adm0_name2":null,"adm0_name3":null,"adm0_pcode":"SS","valid_on":"2022-12-19","valid_to":null,"version":"v03","lang":"en","lang1":null,"lang2":null,"lang3":null},"geometry":{"type":"Point","coordinates":[27.692922370000133,8.57756344500018]}},
{"type":"Feature","properties":{"admin_level":3,"name":"Nyieth","name1":null,"name2":null,"name3":null,"x_coord":27.79379454,"y_coord":8.80836237,"adm4_name":null,"adm4_name1":null,"adm4_name2":null,"adm4_name3":null,"adm4_pcode":null,"adm3_name":"Nyieth","adm3_name1":null,"adm3_name2":null,"adm3_name3":null,"adm3_pcode":"SS050403","adm2_name":"Aweil South","adm2_name1":null,"adm2_name2":null,"adm2_name3":null,"adm2_pcode":"SS0504","adm1_name":"Northern Bahr el Ghazal","adm1_name1":null,"adm1_name2":null,"adm1_name3":null,"adm1_pcode":"SS05","adm0_name":"South Sudan","adm0_name1":null,"adm0_name2":null,"adm0_name3":null,"adm0_pcode":"SS","valid_on":"2022-12-19","valid_to":null,"version":"v03","lang":"en","lang1":null,"lang2":null,"lang3":null},"geometry":{"type":"Point","coordinates":[27.793794540000135,8.808362370000111]}},
{"type":"Feature","properties":{"admin_level":3,"name":"Nyocawany I","name1":null,"name2":null,"name3":null,"x_coord":27.54769183,"y_coord":8.71774992,"adm4_name":null,"adm4_name1":null,"adm4_name2":null,"adm4_name3":null,"adm4_pcode":null,"adm3_name":"Nyocawany I","adm3_name1":null,"adm3_name2":null,"adm3_name3":null,"adm3_pcode":"SS050404","adm2_name":"Aweil South","adm2_name1":null,"adm2_name2":null,"adm2_name3":null,"adm2_pcode":"SS0504","adm1_name":"Northern Bahr el Ghazal","adm1_name1":null,"adm1_name2":null,"adm1_name3":null,"adm1_pcode":"SS05","adm0_name":"South Sudan","adm0_name1":null,"adm0_name2":null,"adm0_name3":null,"adm0_pcode":"SS","valid_on":"2022-12-19","valid_to":null,"version":"v03","lang":"en","lang1":null,"lang2":null,"lang3":null},"geometry":{"type":"Point","coordinates":[27.547691831000179,8.717749920000074]}},
{"type":"Feature","properties":{"admin_level":3,"name":"Nyocawany II","name1":null,"name2":null,"name3":null,"x_coord":27.56747723,"y_coord":8.52775241,"adm4_name":null,"adm4_name1":null,"adm4_name2":null,"adm4_name3":null,"adm4_pcode":null,"adm3_name":"Nyocawany II","adm3_name1":null,"adm3_name2":null,"adm3_name3":null,"adm3_pcode":"SS050405","adm2_name":"Aweil South","adm2_name1":null,"adm2_name2":null,"adm2_name3":null,"adm2_pcode":"SS0504","adm1_name":"Northern Bahr el Ghazal","adm1_name1":null,"adm1_name2":null,"adm1_name3":null,"adm1_pcode":"SS05","adm0_name":"South Sudan","adm0_name1":null,"adm0_name2":null,"adm0_name3":null,"adm0_pcode":"SS","valid_on":"2022-12-19","valid_to":null,"version":"v03","lang":"en","lang1":null,"lang2":null,"lang3":null},"geometry":{"type":"Point","coordinates":[27.567477233000091,8.527752405000115]}},
{"type":"Feature","properties":{"admin_level":3,"name":"Panthou","name1":null,"name2":null,"name3":null,"x_coord":27.78106617,"y_coord":8.72169192,"adm4_name":null,"adm4_name1":null,"adm4_name2":null,"adm4_name3":null,"adm4_pcode":null,"adm3_name":"Panthou","adm3_name1":null,"adm3_name2":null,"adm3_name3":null,"adm3_pcode":"SS050406","adm2_name":"Aweil South","adm2_name1":null,"adm2_name2":null,"adm2_name3":null,"adm2_pcode":"SS0504","adm1_name":"Northern Bahr el Ghazal","adm1_name1":null,"adm1_name2":null,"adm1_name3":null,"adm1_pcode":"SS05","adm0_name":"South Sudan","adm0_name1":null,"adm0_name2":null,"adm0_name3":null,"adm0_pcode":"SS","valid_on":"2022-12-19","valid_to":null,"version":"v03","lang":"en","lang1":null,"lang2":null,"lang3":null},"geometry":{"type":"Point","coordinates":[27.781066173999989,8.721691920000126]}},
{"type":"Feature","properties":{"admin_level":3,"name":"Tar-weng","name1":null,"name2":null,"name3":null,"x_coord":27.83853198,"y_coord":8.5968517,"adm4_name":null,"adm4_name1":null,"adm4_name2":null,"adm4_name3":null,"adm4_pcode":null,"adm3_name":"Tar-weng","adm3_name1":null,"adm3_name2":null,"adm3_name3":null,"adm3_pcode":"SS050407","adm2_name":"Aweil South","adm2_name1":null,"adm2_name2":null,"adm2_name3":null,"adm2_pcode":"SS0504","adm1_name":"Northern Bahr el Ghazal","adm1_name1":null,"adm1_name2":null,"adm1_name3":null,"adm1_pcode":"SS05","adm0_name":"South Sudan","adm0_name1":null,"adm0_name2":null,"adm0_name3":null,"adm0_pcode":"SS","valid_on":"2022-12-19","valid_to":null,"version":"v03","lang":"en","lang1":null,"lang2":null,"lang3":null},"geometry":{"type":"Point","coordinates":[27.838531983000053,8.596851705]}},
{"type":"Feature","properties":{"admin_level":3,"name":"Tiar-aleit","name1":null,"name2":null,"name3":null,"x_coord":27.9124346,"y_coord":8.79482709,"adm4_name":null,"adm4_name1":null,"adm4_name2":null,"adm4_name3":null,"adm4_pcode":null,"adm3_name":"Tiar-aleit","adm3_name1":null,"adm3_name2":null,"adm3_name3":null,"adm3_pcode":"SS050408","adm2_name":"Aweil South","adm2_name1":null,"adm2_name2":null,"adm2_name3":null,"adm2_pcode":"SS0504","adm1_name":"Northern Bahr el Ghazal","adm1_name1":null,"adm1_name2":null,"adm1_name3":null,"adm1_pcode":"SS05","adm0_name":"South Sudan","adm0_name1":null,"adm0_name2":null,"adm0_name3":null,"adm0_pcode":"SS","valid_on":"2022-12-19","valid_to":null,"version":"v03","lang":"en","lang1":null,"lang2":null,"lang3":null},"geometry":{"type":"Point","coordinates":[27.912434605000044,8.794827090000183]}},
{"type":"Feature","properties":{"admin_level":3,"name":"Wathmuok","name1":null,"name2":null,"name3":null,"x_coord":27.54094042,"y_coord":8.65514848,"adm4_name":null,"adm4_name1":null,"adm4_name2":null,"adm4_name3":null,"adm4_pcode":null,"adm3_name":"Wathmuok","adm3_name1":null,"adm3_name2":null,"adm3_name3":null,"adm3_pcode":"SS050409","adm2_name":"Aweil South","adm2_name1":null,"adm2_name2":null,"adm2_name3":null,"adm2_pcode":"SS0504","adm1_name":"Northern Bahr el Ghazal","adm1_name1":null,"adm1_name2":null,"adm1_name3":null,"adm1_pcode":"SS05","adm0_name":"South Sudan","adm0_name1":null,"adm0_name2":null,"adm0_name3":null,"adm0_pcode":"SS","valid_on":"2022-12-19","valid_to":null,"version":"v03","lang":"en","lang1":null,"lang2":null,"lang3":null},"geometry":{"type":"Point","coordinates":[27.540940416000126,8.655148484999984]}},
{"type":"Feature","properties":{"admin_level":3,"name":"Achana 2","name1":null,"name2":null,"name3":null,"x_coord":26.31118198,"y_coord":8.90376932,"adm4_name":null,"adm4_name1":null,"adm4_name2":null,"adm4_name3":null,"adm4_pcode":null,"adm3_name":"Achana 2","adm3_name1":null,"adm3_name2":null,"adm3_name3":null,"adm3_pcode":"SS050501","adm2_name":"Aweil West","adm2_name1":null,"adm2_name2":null,"adm2_name3":null,"adm2_pcode":"SS0505","adm1_name":"Northern Bahr el Ghazal","adm1_name1":null,"adm1_name2":null,"adm1_name3":null,"adm1_pcode":"SS05","adm0_name":"South Sudan","adm0_name1":null,"adm0_name2":null,"adm0_name3":null,"adm0_pcode":"SS","valid_on":"2022-12-19","valid_to":null,"version":"v03","lang":"en","lang1":null,"lang2":null,"lang3":null},"geometry":{"type":"Point","coordinates":[26.311181984000029,8.903769320000151]}},
{"type":"Feature","properties":{"admin_level":3,"name":"Aweil Town","name1":null,"name2":null,"name3":null,"x_coord":27.3945106,"y_coord":8.76541676,"adm4_name":null,"adm4_name1":null,"adm4_name2":null,"adm4_name3":null,"adm4_pcode":null,"adm3_name":"Aweil Town","adm3_name1":null,"adm3_name2":null,"adm3_name3":null,"adm3_pcode":"SS050502","adm2_name":"Aweil West","adm2_name1":null,"adm2_name2":null,"adm2_name3":null,"adm2_pcode":"SS0505","adm1_name":"Northern Bahr el Ghazal","adm1_name1":null,"adm1_name2":null,"adm1_name3":null,"adm1_pcode":"SS05","adm0_name":"South Sudan","adm0_name1":null,"adm0_name2":null,"adm0_name3":null,"adm0_pcode":"SS","valid_on":"2022-12-19","valid_to":null,"version":"v03","lang":"en","lang1":null,"lang2":null,"lang3":null},"geometry":{"type":"Point","coordinates":[27.394510596000089,8.765416755000103]}},
{"type":"Feature","properties":{"admin_level":3,"name":"Ayat Centre","name1":null,"name2":null,"name3":null,"x_coord":26.64466007,"y_coord":8.97496232,"adm4_name":null,"adm4_name1":null,"adm4_name2":null,"adm4_name3":null,"adm4_pcode":null,"adm3_name":"Ayat Centre","adm3_name1":null,"adm3_name2":null,"adm3_name3":null,"adm3_pcode":"SS050503","adm2_name":"Aweil West","adm2_name1":null,"adm2_name2":null,"adm2_name3":null,"adm2_pcode":"SS0505","adm1_name":"Northern Bahr el Ghazal","adm1_name1":null,"adm1_name2":null,"adm1_name3":null,"adm1_pcode":"SS05","adm0_name":"South Sudan","adm0_name1":null,"adm0_name2":null,"adm0_name3":null,"adm0_pcode":"SS","valid_on":"2022-12-19","valid_to":null,"version":"v03","lang":"en","lang1":null,"lang2":null,"lang3":null},"geometry":{"type":"Point","coordinates":[26.644660072000192,8.974962315000028]}},
{"type":"Feature","properties":{"admin_level":3,"name":"Ayat East","name1":null,"name2":null,"name3":null,"x_coord":26.8055724,"y_coord":9.05401557,"adm4_name":null,"adm4_name1":null,"adm4_name2":null,"adm4_name3":null,"adm4_pcode":null,"adm3_name":"Ayat East","adm3_name1":null,"adm3_name2":null,"adm3_name3":null,"adm3_pcode":"SS050504","adm2_name":"Aweil West","adm2_name1":null,"adm2_name2":null,"adm2_name3":null,"adm2_pcode":"SS0505","adm1_name":"Northern Bahr el Ghazal","adm1_name1":null,"adm1_name2":null,"adm1_name3":null,"adm1_pcode":"SS05","adm0_name":"South Sudan","adm0_name1":null,"adm0_name2":null,"adm0_name3":null,"adm0_pcode":"SS","valid_on":"2022-12-19","valid_to":null,"version":"v03","lang":"en","lang1":null,"lang2":null,"lang3":null},"geometry":{"type":"Point","coordinates":[26.805572402000166,9.054015570000104]}},
{"type":"Feature","properties":{"admin_level":3,"name":"Ayat West","name1":null,"name2":null,"name3":null,"x_coord":26.49310577,"y_coord":8.9416247,"adm4_name":null,"adm4_name1":null,"adm4_name2":null,"adm4_name3":null,"adm4_pcode":null,"adm3_name":"Ayat West","adm3_name1":null,"adm3_name2":null,"adm3_name3":null,"adm3_pcode":"SS050505","adm2_name":"Aweil West","adm2_name1":null,"adm2_name2":null,"adm2_name3":null,"adm2_pcode":"SS0505","adm1_name":"Northern Bahr el Ghazal","adm1_name1":null,"adm1_name2":null,"adm1_name3":null,"adm1_pcode":"SS05","adm0_name":"South Sudan","adm0_name1":null,"adm0_name2":null,"adm0_name3":null,"adm0_pcode":"SS","valid_on":"2022-12-19","valid_to":null,"version":"v03","lang":"en","lang1":null,"lang2":null,"lang3":null},"geometry":{"type":"Point","coordinates":[26.493105768000191,8.941624694999973]}},
{"type":"Feature","properties":{"admin_level":3,"name":"Gomjuer Centre","name1":null,"name2":null,"name3":null,"x_coord":26.9922241,"y_coord":9.04102551,"adm4_name":null,"adm4_name1":null,"adm4_name2":null,"adm4_name3":null,"adm4_pcode":null,"adm3_name":"Gomjuer Centre","adm3_name1":null,"adm3_name2":null,"adm3_name3":null,"adm3_pcode":"SS050506","adm2_name":"Aweil West","adm2_name1":null,"adm2_name2":null,"adm2_name3":null,"adm2_pcode":"SS0505","adm1_name":"Northern Bahr el Ghazal","adm1_name1":null,"adm1_name2":null,"adm1_name3":null,"adm1_pcode":"SS05","adm0_name":"South Sudan","adm0_name1":null,"adm0_name2":null,"adm0_name3":null,"adm0_pcode":"SS","valid_on":"2022-12-19","valid_to":null,"version":"v03","lang":"en","lang1":null,"lang2":null,"lang3":null},"geometry":{"type":"Point","coordinates":[26.992224101000033,9.041025510000168]}},
{"type":"Feature","properties":{"admin_level":3,"name":"Gomjuer East","name1":null,"name2":null,"name3":null,"x_coord":27.1330522,"y_coord":9.03034179,"adm4_name":null,"adm4_name1":null,"adm4_name2":null,"adm4_name3":null,"adm4_pcode":null,"adm3_name":"Gomjuer East","adm3_name1":null,"adm3_name2":null,"adm3_name3":null,"adm3_pcode":"SS050507","adm2_name":"Aweil West","adm2_name1":null,"adm2_name2":null,"adm2_name3":null,"adm2_pcode":"SS0505","adm1_name":"Northern Bahr el Ghazal","adm1_name1":null,"adm1_name2":null,"adm1_name3":null,"adm1_pcode":"SS05","adm0_name":"South Sudan","adm0_name1":null,"adm0_name2":null,"adm0_name3":null,"adm0_pcode":"SS","valid_on":"2022-12-19","valid_to":null,"version":"v03","lang":"en","lang1":null,"lang2":null,"lang3":null},"geometry":{"type":"Point","coordinates":[27.133052201000055,9.030341790000136]}},
{"type":"Feature","properties":{"admin_level":3,"name":"Gomjuer West","name1":null,"name2":null,"name3":null,"x_coord":26.84143944,"y_coord":8.97720755,"adm4_name":null,"adm4_name1":null,"adm4_name2":null,"adm4_name3":null,"adm4_pcode":null,"adm3_name":"Gomjuer West","adm3_name1":null,"adm3_name2":null,"adm3_name3":null,"adm3_pcode":"SS050508","adm2_name":"Aweil West","adm2_name1":null,"adm2_name2":null,"adm2_name3":null,"adm2_pcode":"SS0505","adm1_name":"Northern Bahr el Ghazal","adm1_name1":null,"adm1_name2":null,"adm1_name3":null,"adm1_pcode":"SS05","adm0_name":"South Sudan","adm0_name1":null,"adm0_name2":null,"adm0_name3":null,"adm0_pcode":"SS","valid_on":"2022-12-19","valid_to":null,"version":"v03","lang":"en","lang1":null,"lang2":null,"lang3":null},"geometry":{"type":"Point","coordinates":[26.841439439000112,8.977207545000169]}},
{"type":"Feature","properties":{"admin_level":3,"name":"Mariem East","name1":null,"name2":null,"name3":null,"x_coord":27.308369,"y_coord":8.80476035,"adm4_name":null,"adm4_name1":null,"adm4_name2":null,"adm4_name3":null,"adm4_pcode":null,"adm3_name":"Mariem East","adm3_name1":null,"adm3_name2":null,"adm3_name3":null,"adm3_pcode":"SS050509","adm2_name":"Aweil West","adm2_name1":null,"adm2_name2":null,"adm2_name3":null,"adm2_pcode":"SS0505","adm1_name":"Northern Bahr el Ghazal","adm1_name1":null,"adm1_name2":null,"adm1_name3":null,"adm1_pcode":"SS05","adm0_name":"South Sudan","adm0_name1":null,"adm0_name2":null,"adm0_name3":null,"adm0_pcode":"SS","valid_on":"2022-12-19","valid_to":null,"version":"v03","lang":"en","lang1":null,"lang2":null,"lang3":null},"geometry":{"type":"Point","coordinates":[27.308369004000156,8.804760345000034]}},
{"type":"Feature","properties":{"admin_level":3,"name":"Mariem West","name1":null,"name2":null,"name3":null,"x_coord":27.10490653,"y_coord":8.85130785,"adm4_name":null,"adm4_name1":null,"adm4_name2":null,"adm4_name3":null,"adm4_pcode":null,"adm3_name":"Mariem West","adm3_name1":null,"adm3_name2":null,"adm3_name3":null,"adm3_pcode":"SS050510","adm2_name":"Aweil West","adm2_name1":null,"adm2_name2":null,"adm2_name3":null,"adm2_pcode":"SS0505","adm1_name":"Northern Bahr el Ghazal","adm1_name1":null,"adm1_name2":null,"adm1_name3":null,"adm1_pcode":"SS05","adm0_name":"South Sudan","adm0_name1":null,"adm0_name2":null,"adm0_name3":null,"adm0_pcode":"SS","valid_on":"2022-12-19","valid_to":null,"version":"v03","lang":"en","lang1":null,"lang2":null,"lang3":null},"geometry":{"type":"Point","coordinates":[27.104906530000164,8.851307850000182]}},
{"type":"Feature","properties":{"admin_level":3,"name":"Abiemnhom","name1":null,"name2":null,"name3":null,"x_coord":28.85379956,"y_coord":9.40922338,"adm4_name":null,"adm4_name1":null,"adm4_name2":null,"adm4_name3":null,"adm4_pcode":null,"adm3_name":"Abiemnhom","adm3_name1":null,"adm3_name2":null,"adm3_name3":null,"adm3_pcode":"SS060101","adm2_name":"Abiemnhom","adm2_name1":null,"adm2_name2":null,"adm2_name3":null,"adm2_pcode":"SS0601","adm1_name":"Unity","adm1_name1":null,"adm1_name2":null,"adm1_name3":null,"adm1_pcode":"SS06","adm0_name":"South Sudan","adm0_name1":null,"adm0_name2":null,"adm0_name3":null,"adm0_pcode":"SS","valid_on":"2022-12-19","valid_to":null,"version":"v03","lang":"en","lang1":null,"lang2":null,"lang3":null},"geometry":{"type":"Point","coordinates":[28.85379956100013,9.409223384000143]}},
{"type":"Feature","properties":{"admin_level":3,"name":"Aworpiny","name1":null,"name2":null,"name3":null,"x_coord":29.07612774,"y_coord":9.48576488,"adm4_name":null,"adm4_name1":null,"adm4_name2":null,"adm4_name3":null,"adm4_pcode":null,"adm3_name":"Aworpiny","adm3_name1":null,"adm3_name2":null,"adm3_name3":null,"adm3_pcode":"SS060102","adm2_name":"Abiemnhom","adm2_name1":null,"adm2_name2":null,"adm2_name3":null,"adm2_pcode":"SS0601","adm1_name":"Unity","adm1_name1":null,"adm1_name2":null,"adm1_name3":null,"adm1_pcode":"SS06","adm0_name":"South Sudan","adm0_name1":null,"adm0_name2":null,"adm0_name3":null,"adm0_pcode":"SS","valid_on":"2022-12-19","valid_to":null,"version":"v03","lang":"en","lang1":null,"lang2":null,"lang3":null},"geometry":{"type":"Point","coordinates":[29.076127738000139,9.485764875000029]}},
{"type":"Feature","properties":{"admin_level":3,"name":"Manjonga","name1":null,"name2":null,"name3":null,"x_coord":29.3587669,"y_coord":9.6045192,"adm4_name":null,"adm4_name1":null,"adm4_name2":null,"adm4_name3":null,"adm4_pcode":null,"adm3_name":"Manjonga","adm3_name1":null,"adm3_name2":null,"adm3_name3":null,"adm3_pcode":"SS060103","adm2_name":"Abiemnhom","adm2_name1":null,"adm2_name2":null,"adm2_name3":null,"adm2_pcode":"SS0601","adm1_name":"Unity","adm1_name1":null,"adm1_name2":null,"adm1_name3":null,"adm1_pcode":"SS06","adm0_name":"South Sudan","adm0_name1":null,"adm0_name2":null,"adm0_name3":null,"adm0_pcode":"SS","valid_on":"2022-12-19","valid_to":null,"version":"v03","lang":"en","lang1":null,"lang2":null,"lang3":null},"geometry":{"type":"Point","coordinates":[29.358766899000159,9.60451919999997]}},
{"type":"Feature","properties":{"admin_level":3,"name":"Panyang 2","name1":null,"name2":null,"name3":null,"x_coord":29.12313781,"y_coord":9.63765365,"adm4_name":null,"adm4_name1":null,"adm4_name2":null,"adm4_name3":null,"adm4_pcode":null,"adm3_name":"Panyang 2","adm3_name1":null,"adm3_name2":null,"adm3_name3":null,"adm3_pcode":"SS060104","adm2_name":"Abiemnhom","adm2_name1":null,"adm2_name2":null,"adm2_name3":null,"adm2_pcode":"SS0601","adm1_name":"Unity","adm1_name1":null,"adm1_name2":null,"adm1_name3":null,"adm1_pcode":"SS06","adm0_name":"South Sudan","adm0_name1":null,"adm0_name2":null,"adm0_name3":null,"adm0_pcode":"SS","valid_on":"2022-12-19","valid_to":null,"version":"v03","lang":"en","lang1":null,"lang2":null,"lang3":null},"geometry":{"type":"Point","coordinates":[29.123137809000184,9.637653648000082]}},
{"type":"Feature","properties":{"admin_level":3,"name":"Guit","name1":null,"name2":null,"name3":null,"x_coord":29.91615873,"y_coord":9.16439513,"adm4_name":null,"adm4_name1":null,"adm4_name2":null,"adm4_name3":null,"adm4_pcode":null,"adm3_name":"Guit","adm3_name1":null,"adm3_name2":null,"adm3_name3":null,"adm3_pcode":"SS060201","adm2_name":"Guit","adm2_name1":null,"adm2_name2":null,"adm2_name3":null,"adm2_pcode":"SS0602","adm1_name":"Unity","adm1_name1":null,"adm1_name2":null,"adm1_name3":null,"adm1_pcode":"SS06","adm0_name":"South Sudan","adm0_name1":null,"adm0_name2":null,"adm0_name3":null,"adm0_pcode":"SS","valid_on":"2022-12-19","valid_to":null,"version":"v03","lang":"en","lang1":null,"lang2":null,"lang3":null},"geometry":{"type":"Point","coordinates":[29.916158725000116,9.164395125000055]}},
{"type":"Feature","properties":{"admin_level":3,"name":"Kedad","name1":null,"name2":null,"name3":null,"x_coord":30.15286875,"y_coord":9.13401628,"adm4_name":null,"adm4_name1":null,"adm4_name2":null,"adm4_name3":null,"adm4_pcode":null,"adm3_name":"Kedad","adm3_name1":null,"adm3_name2":null,"adm3_name3":null,"adm3_pcode":"SS060202","adm2_name":"Guit","adm2_name1":null,"adm2_name2":null,"adm2_name3":null,"adm2_pcode":"SS0602","adm1_name":"Unity","adm1_name1":null,"adm1_name2":null,"adm1_name3":null,"adm1_pcode":"SS06","adm0_name":"South Sudan","adm0_name1":null,"adm0_name2":null,"adm0_name3":null,"adm0_pcode":"SS","valid_on":"2022-12-19","valid_to":null,"version":"v03","lang":"en","lang1":null,"lang2":null,"lang3":null},"geometry":{"type":"Point","coordinates":[30.152868755000043,9.134016278000161]}},
{"type":"Feature","properties":{"admin_level":3,"name":"Kuach","name1":null,"name2":null,"name3":null,"x_coord":30.02548466,"y_coord":9.01485535,"adm4_name":null,"adm4_name1":null,"adm4_name2":null,"adm4_name3":null,"adm4_pcode":null,"adm3_name":"Kuach","adm3_name1":null,"adm3_name2":null,"adm3_name3":null,"adm3_pcode":"SS060203","adm2_name":"Guit","adm2_name1":null,"adm2_name2":null,"adm2_name3":null,"adm2_pcode":"SS0602","adm1_name":"Unity","adm1_name1":null,"adm1_name2":null,"adm1_name3":null,"adm1_pcode":"SS06","adm0_name":"South Sudan","adm0_name1":null,"adm0_name2":null,"adm0_name3":null,"adm0_pcode":"SS","valid_on":"2022-12-19","valid_to":null,"version":"v03","lang":"en","lang1":null,"lang2":null,"lang3":null},"geometry":{"type":"Point","coordinates":[30.025484665000022,9.014855350000062]}},
{"type":"Feature","properties":{"admin_level":3,"name":"Kuerguini","name1":null,"name2":null,"name3":null,"x_coord":29.91762205,"y_coord":9.24780221,"adm4_name":null,"adm4_name1":null,"adm4_name2":null,"adm4_name3":null,"adm4_pcode":null,"adm3_name":"Kuerguini","adm3_name1":null,"adm3_name2":null,"adm3_name3":null,"adm3_pcode":"SS060204","adm2_name":"Guit","adm2_name1":null,"adm2_name2":null,"adm2_name3":null,"adm2_pcode":"SS0602","adm1_name":"Unity","adm1_name1":null,"adm1_name2":null,"adm1_name3":null,"adm1_pcode":"SS06","adm0_name":"South Sudan","adm0_name1":null,"adm0_name2":null,"adm0_name3":null,"adm0_pcode":"SS","valid_on":"2022-12-19","valid_to":null,"version":"v03","lang":"en","lang1":null,"lang2":null,"lang3":null},"geometry":{"type":"Point","coordinates":[29.917622054000162,9.247802210000145]}},
{"type":"Feature","properties":{"admin_level":3,"name":"Niemni","name1":null,"name2":null,"name3":null,"x_coord":30.19036445,"y_coord":9.36450432,"adm4_name":null,"adm4_name1":null,"adm4_name2":null,"adm4_name3":null,"adm4_pcode":null,"adm3_name":"Niemni","adm3_name1":null,"adm3_name2":null,"adm3_name3":null,"adm3_pcode":"SS060205","adm2_name":"Guit","adm2_name1":null,"adm2_name2":null,"adm2_name3":null,"adm2_pcode":"SS0602","adm1_name":"Unity","adm1_name1":null,"adm1_name2":null,"adm1_name3":null,"adm1_pcode":"SS06","adm0_name":"South Sudan","adm0_name1":null,"adm0_name2":null,"adm0_name3":null,"adm0_pcode":"SS","valid_on":"2022-12-19","valid_to":null,"version":"v03","lang":"en","lang1":null,"lang2":null,"lang3":null},"geometry":{"type":"Point","coordinates":[30.190364448000082,9.36450432100014]}},
{"type":"Feature","properties":{"admin_level":3,"name":"Nyathoar","name1":null,"name2":null,"name3":null,"x_coord":29.94800965,"y_coord":9.30912107,"adm4_name":null,"adm4_name1":null,"adm4_name2":null,"adm4_name3":null,"adm4_pcode":null,"adm3_name":"Nyathoar","adm3_name1":null,"adm3_name2":null,"adm3_name3":null,"adm3_pcode":"SS060206","adm2_name":"Guit","adm2_name1":null,"adm2_name2":null,"adm2_name3":null,"adm2_pcode":"SS0602","adm1_name":"Unity","adm1_name1":null,"adm1_name2":null,"adm1_name3":null,"adm1_pcode":"SS06","adm0_name":"South Sudan","adm0_name1":null,"adm0_name2":null,"adm0_name3":null,"adm0_pcode":"SS","valid_on":"2022-12-19","valid_to":null,"version":"v03","lang":"en","lang1":null,"lang2":null,"lang3":null},"geometry":{"type":"Point","coordinates":[29.948009653000099,9.30912106500017]}},
{"type":"Feature","properties":{"admin_level":3,"name":"Wathnyona","name1":null,"name2":null,"name3":null,"x_coord":29.89329197,"y_coord":9.42484473,"adm4_name":null,"adm4_name1":null,"adm4_name2":null,"adm4_name3":null,"adm4_pcode":null,"adm3_name":"Wathnyona","adm3_name1":null,"adm3_name2":null,"adm3_name3":null,"adm3_pcode":"SS060207","adm2_name":"Guit","adm2_name1":null,"adm2_name2":null,"adm2_name3":null,"adm2_pcode":"SS0602","adm1_name":"Unity","adm1_name1":null,"adm1_name2":null,"adm1_name3":null,"adm1_pcode":"SS06","adm0_name":"South Sudan","adm0_name1":null,"adm0_name2":null,"adm0_name3":null,"adm0_pcode":"SS","valid_on":"2022-12-19","valid_to":null,"version":"v03","lang":"en","lang1":null,"lang2":null,"lang3":null},"geometry":{"type":"Point","coordinates":[29.893291972000043,9.424844730000189]}},
{"type":"Feature","properties":{"admin_level":3,"name":"Boaw","name1":null,"name2":null,"name3":null,"x_coord":29.80772154,"y_coord":8.76808395,"adm4_name":null,"adm4_name1":null,"adm4_name2":null,"adm4_name3":null,"adm4_pcode":null,"adm3_name":"Boaw","adm3_name1":null,"adm3_name2":null,"adm3_name3":null,"adm3_pcode":"SS060301","adm2_name":"Koch","adm2_name1":null,"adm2_name2":null,"adm2_name3":null,"adm2_pcode":"SS0603","adm1_name":"Unity","adm1_name1":null,"adm1_name2":null,"adm1_name3":null,"adm1_pcode":"SS06","adm0_name":"South Sudan","adm0_name1":null,"adm0_name2":null,"adm0_name3":null,"adm0_pcode":"SS","valid_on":"2022-12-19","valid_to":null,"version":"v03","lang":"en","lang1":null,"lang2":null,"lang3":null},"geometry":{"type":"Point","coordinates":[29.807721545,8.768083950000062]}},
{"type":"Feature","properties":{"admin_level":3,"name":"Gany","name1":null,"name2":null,"name3":null,"x_coord":29.87376144,"y_coord":8.53729695,"adm4_name":null,"adm4_name1":null,"adm4_name2":null,"adm4_name3":null,"adm4_pcode":null,"adm3_name":"Gany","adm3_name1":null,"adm3_name2":null,"adm3_name3":null,"adm3_pcode":"SS060302","adm2_name":"Koch","adm2_name1":null,"adm2_name2":null,"adm2_name3":null,"adm2_pcode":"SS0603","adm1_name":"Unity","adm1_name1":null,"adm1_name2":null,"adm1_name3":null,"adm1_pcode":"SS06","adm0_name":"South Sudan","adm0_name1":null,"adm0_name2":null,"adm0_name3":null,"adm0_pcode":"SS","valid_on":"2022-12-19","valid_to":null,"version":"v03","lang":"en","lang1":null,"lang2":null,"lang3":null},"geometry":{"type":"Point","coordinates":[29.873761445000127,8.537296950000155]}},
{"type":"Feature","properties":{"admin_level":3,"name":"Jaak","name1":null,"name2":null,"name3":null,"x_coord":30.09747507,"y_coord":8.72094774,"adm4_name":null,"adm4_name1":null,"adm4_name2":null,"adm4_name3":null,"adm4_pcode":null,"adm3_name":"Jaak","adm3_name1":null,"adm3_name2":null,"adm3_name3":null,"adm3_pcode":"SS060303","adm2_name":"Koch","adm2_name1":null,"adm2_name2":null,"adm2_name3":null,"adm2_pcode":"SS0603","adm1_name":"Unity","adm1_name1":null,"adm1_name2":null,"adm1_name3":null,"adm1_pcode":"SS06","adm0_name":"South Sudan","adm0_name1":null,"adm0_name2":null,"adm0_name3":null,"adm0_pcode":"SS","valid_on":"2022-12-19","valid_to":null,"version":"v03","lang":"en","lang1":null,"lang2":null,"lang3":null},"geometry":{"type":"Point","coordinates":[30.097475069000097,8.720947742000021]}},
{"type":"Feature","properties":{"admin_level":3,"name":"Kuachlual","name1":null,"name2":null,"name3":null,"x_coord":29.97750331,"y_coord":8.60991939,"adm4_name":null,"adm4_name1":null,"adm4_name2":null,"adm4_name3":null,"adm4_pcode":null,"adm3_name":"Kuachlual","adm3_name1":null,"adm3_name2":null,"adm3_name3":null,"adm3_pcode":"SS060304","adm2_name":"Koch","adm2_name1":null,"adm2_name2":null,"adm2_name3":null,"adm2_pcode":"SS0603","adm1_name":"Unity","adm1_name1":null,"adm1_name2":null,"adm1_name3":null,"adm1_pcode":"SS06","adm0_name":"South Sudan","adm0_name1":null,"adm0_name2":null,"adm0_name3":null,"adm0_pcode":"SS","valid_on":"2022-12-19","valid_to":null,"version":"v03","lang":"en","lang1":null,"lang2":null,"lang3":null},"geometry":{"type":"Point","coordinates":[29.977503309000042,8.609919390000073]}},
{"type":"Feature","properties":{"admin_level":3,"name":"Ngony","name1":null,"name2":null,"name3":null,"x_coord":30.212726,"y_coord":8.57922354,"adm4_name":null,"adm4_name1":null,"adm4_name2":null,"adm4_name3":null,"adm4_pcode":null,"adm3_name":"Ngony","adm3_name1":null,"adm3_name2":null,"adm3_name3":null,"adm3_pcode":"SS060305","adm2_name":"Koch","adm2_name1":null,"adm2_name2":null,"adm2_name3":null,"adm2_pcode":"SS0603","adm1_name":"Unity","adm1_name1":null,"adm1_name2":null,"adm1_name3":null,"adm1_pcode":"SS06","adm0_name":"South Sudan","adm0_name1":null,"adm0_name2":null,"adm0_name3":null,"adm0_pcode":"SS","valid_on":"2022-12-19","valid_to":null,"version":"v03","lang":"en","lang1":null,"lang2":null,"lang3":null},"geometry":{"type":"Point","coordinates":[30.212726002000068,8.579223538000122]}},
{"type":"Feature","properties":{"admin_level":3,"name":"Norbor","name1":null,"name2":null,"name3":null,"x_coord":29.82457749,"y_coord":8.39615481,"adm4_name":null,"adm4_name1":null,"adm4_name2":null,"adm4_name3":null,"adm4_pcode":null,"adm3_name":"Norbor","adm3_name1":null,"adm3_name2":null,"adm3_name3":null,"adm3_pcode":"SS060306","adm2_name":"Koch","adm2_name1":null,"adm2_name2":null,"adm2_name3":null,"adm2_pcode":"SS0603","adm1_name":"Unity","adm1_name1":null,"adm1_name2":null,"adm1_name3":null,"adm1_pcode":"SS06","adm0_name":"South Sudan","adm0_name1":null,"adm0_name2":null,"adm0_name3":null,"adm0_pcode":"SS","valid_on":"2022-12-19","valid_to":null,"version":"v03","lang":"en","lang1":null,"lang2":null,"lang3":null},"geometry":{"type":"Point","coordinates":[29.824577485000077,8.396154811000031]}},
{"type":"Feature","properties":{"admin_level":3,"name":"Pakur","name1":null,"name2":null,"name3":null,"x_coord":29.55322374,"y_coord":8.6359874,"adm4_name":null,"adm4_name1":null,"adm4_name2":null,"adm4_name3":null,"adm4_pcode":null,"adm3_name":"Pakur","adm3_name1":null,"adm3_name2":null,"adm3_name3":null,"adm3_pcode":"SS060307","adm2_name":"Koch","adm2_name1":null,"adm2_name2":null,"adm2_name3":null,"adm2_pcode":"SS0603","adm1_name":"Unity","adm1_name1":null,"adm1_name2":null,"adm1_name3":null,"adm1_pcode":"SS06","adm0_name":"South Sudan","adm0_name1":null,"adm0_name2":null,"adm0_name3":null,"adm0_pcode":"SS","valid_on":"2022-12-19","valid_to":null,"version":"v03","lang":"en","lang1":null,"lang2":null,"lang3":null},"geometry":{"type":"Point","coordinates":[29.553223735000074,8.635987395000029]}},
{"type":"Feature","properties":{"admin_level":3,"name":"Padeah","name1":null,"name2":null,"name3":null,"x_coord":30.26846233,"y_coord":8.41149855,"adm4_name":null,"adm4_name1":null,"adm4_name2":null,"adm4_name3":null,"adm4_pcode":null,"adm3_name":"Padeah","adm3_name1":null,"adm3_name2":null,"adm3_name3":null,"adm3_pcode":"SS060401","adm2_name":"Leer","adm2_name1":null,"adm2_name2":null,"adm2_name3":null,"adm2_pcode":"SS0604","adm1_name":"Unity","adm1_name1":null,"adm1_name2":null,"adm1_name3":null,"adm1_pcode":"SS06","adm0_name":"South Sudan","adm0_name1":null,"adm0_name2":null,"adm0_name3":null,"adm0_pcode":"SS","valid_on":"2022-12-19","valid_to":null,"version":"v03","lang":"en","lang1":null,"lang2":null,"lang3":null},"geometry":{"type":"Point","coordinates":[30.268462334000105,8.411498547]}},
{"type":"Feature","properties":{"admin_level":3,"name":"Adok","name1":null,"name2":null,"name3":null,"x_coord":30.27952393,"y_coord":8.26111698,"adm4_name":null,"adm4_name1":null,"adm4_name2":null,"adm4_name3":null,"adm4_pcode":null,"adm3_name":"Adok","adm3_name1":null,"adm3_name2":null,"adm3_name3":null,"adm3_pcode":"SS060402","adm2_name":"Leer","adm2_name1":null,"adm2_name2":null,"adm2_name3":null,"adm2_pcode":"SS0604","adm1_name":"Unity","adm1_name1":null,"adm1_name2":null,"adm1_name3":null,"adm1_pcode":"SS06","adm0_name":"South Sudan","adm0_name1":null,"adm0_name2":null,"adm0_name3":null,"adm0_pcode":"SS","valid_on":"2022-12-19","valid_to":null,"version":"v03","lang":"en","lang1":null,"lang2":null,"lang3":null},"geometry":{"type":"Point","coordinates":[30.279523925999968,8.261116982000146]}},
{"type":"Feature","properties":{"admin_level":3,"name":"Bou","name1":null,"name2":null,"name3":null,"x_coord":30.19377732,"y_coord":8.34948045,"adm4_name":null,"adm4_name1":null,"adm4_name2":null,"adm4_name3":null,"adm4_pcode":null,"adm3_name":"Bou","adm3_name1":null,"adm3_name2":null,"adm3_name3":null,"adm3_pcode":"SS060403","adm2_name":"Leer","adm2_name1":null,"adm2_name2":null,"adm2_name3":null,"adm2_pcode":"SS0604","adm1_name":"Unity","adm1_name1":null,"adm1_name2":null,"adm1_name3":null,"adm1_pcode":"SS06","adm0_name":"South Sudan","adm0_name1":null,"adm0_name2":null,"adm0_name3":null,"adm0_pcode":"SS","valid_on":"2022-12-19","valid_to":null,"version":"v03","lang":"en","lang1":null,"lang2":null,"lang3":null},"geometry":{"type":"Point","coordinates":[30.193777319000162,8.349480450000044]}},
{"type":"Feature","properties":{"admin_level":3,"name":"Guat","name1":null,"name2":null,"name3":null,"x_coord":30.15147797,"y_coord":8.38116612,"adm4_name":null,"adm4_name1":null,"adm4_name2":null,"adm4_name3":null,"adm4_pcode":null,"adm3_name":"Guat","adm3_name1":null,"adm3_name2":null,"adm3_name3":null,"adm3_pcode":"SS060404","adm2_name":"Leer","adm2_name1":null,"adm2_name2":null,"adm2_name3":null,"adm2_pcode":"SS0604","adm1_name":"Unity","adm1_name1":null,"adm1_name2":null,"adm1_name3":null,"adm1_pcode":"SS06","adm0_name":"South Sudan","adm0_name1":null,"adm0_name2":null,"adm0_name3":null,"adm0_pcode":"SS","valid_on":"2022-12-19","valid_to":null,"version":"v03","lang":"en","lang1":null,"lang2":null,"lang3":null},"geometry":{"type":"Point","coordinates":[30.151477969000041,8.381166120000046]}},
{"type":"Feature","properties":{"admin_level":3,"name":"Juong Kang","name1":null,"name2":null,"name3":null,"x_coord":30.15819972,"y_coord":8.33159631,"adm4_name":null,"adm4_name1":null,"adm4_name2":null,"adm4_name3":null,"adm4_pcode":null,"adm3_name":"Juong Kang","adm3_name1":null,"adm3_name2":null,"adm3_name3":null,"adm3_pcode":"SS060405","adm2_name":"Leer","adm2_name1":null,"adm2_name2":null,"adm2_name3":null,"adm2_pcode":"SS0604","adm1_name":"Unity","adm1_name1":null,"adm1_name2":null,"adm1_name3":null,"adm1_pcode":"SS06","adm0_name":"South Sudan","adm0_name1":null,"adm0_name2":null,"adm0_name3":null,"adm0_pcode":"SS","valid_on":"2022-12-19","valid_to":null,"version":"v03","lang":"en","lang1":null,"lang2":null,"lang3":null},"geometry":{"type":"Point","coordinates":[30.158199724000099,8.331596311000112]}},
{"type":"Feature","properties":{"admin_level":3,"name":"Leer","name1":null,"name2":null,"name3":null,"x_coord":30.09474468,"y_coord":8.25896405,"adm4_name":null,"adm4_name1":null,"adm4_name2":null,"adm4_name3":null,"adm4_pcode":null,"adm3_name":"Leer","adm3_name1":null,"adm3_name2":null,"adm3_name3":null,"adm3_pcode":"SS060406","adm2_name":"Leer","adm2_name1":null,"adm2_name2":null,"adm2_name3":null,"adm2_pcode":"SS0604","adm1_name":"Unity","adm1_name1":null,"adm1_name2":null,"adm1_name3":null,"adm1_pcode":"SS06","adm0_name":"South Sudan","adm0_name1":null,"adm0_name2":null,"adm0_name3":null,"adm0_pcode":"SS","valid_on":"2022-12-19","valid_to":null,"version":"v03","lang":"en","lang1":null,"lang2":null,"lang3":null},"geometry":{"type":"Point","coordinates":[30.09474468000019,8.258964049000099]}},
{"type":"Feature","properties":{"admin_level":3,"name":"Pilieny","name1":null,"name2":null,"name3":null,"x_coord":30.15546164,"y_coord":8.1161645,"adm4_name":null,"adm4_name1":null,"adm4_name2":null,"adm4_name3":null,"adm4_pcode":null,"adm3_name":"Pilieny","adm3_name1":null,"adm3_name2":null,"adm3_name3":null,"adm3_pcode":"SS060407","adm2_name":"Leer","adm2_name1":null,"adm2_name2":null,"adm2_name3":null,"adm2_pcode":"SS0604","adm1_name":"Unity","adm1_name1":null,"adm1_name2":null,"adm1_name3":null,"adm1_pcode":"SS06","adm0_name":"South Sudan","adm0_name1":null,"adm0_name2":null,"adm0_name3":null,"adm0_pcode":"SS","valid_on":"2022-12-19","valid_to":null,"version":"v03","lang":"en","lang1":null,"lang2":null,"lang3":null},"geometry":{"type":"Point","coordinates":[30.155461640000055,8.11616449800016]}},
{"type":"Feature","properties":{"admin_level":3,"name":"Yang","name1":null,"name2":null,"name3":null,"x_coord":30.29483822,"y_coord":8.07714844,"adm4_name":null,"adm4_name1":null,"adm4_name2":null,"adm4_name3":null,"adm4_pcode":null,"adm3_name":"Yang","adm3_name1":null,"adm3_name2":null,"adm3_name3":null,"adm3_pcode":"SS060408","adm2_name":"Leer","adm2_name1":null,"adm2_name2":null,"adm2_name3":null,"adm2_pcode":"SS0604","adm1_name":"Unity","adm1_name1":null,"adm1_name2":null,"adm1_name3":null,"adm1_pcode":"SS06","adm0_name":"South Sudan","adm0_name1":null,"adm0_name2":null,"adm0_name3":null,"adm0_pcode":"SS","valid_on":"2022-12-19","valid_to":null,"version":"v03","lang":"en","lang1":null,"lang2":null,"lang3":null},"geometry":{"type":"Point","coordinates":[30.294838220000031,8.077148438000108]}},
{"type":"Feature","properties":{"admin_level":3,"name":"Pabuong","name1":null,"name2":null,"name3":null,"x_coord":29.88285258,"y_coord":7.91334794,"adm4_name":null,"adm4_name1":null,"adm4_name2":null,"adm4_name3":null,"adm4_pcode":null,"adm3_name":"Pabuong","adm3_name1":null,"adm3_name2":null,"adm3_name3":null,"adm3_pcode":"SS060501","adm2_name":"Mayendit","adm2_name1":null,"adm2_name2":null,"adm2_name3":null,"adm2_pcode":"SS0605","adm1_name":"Unity","adm1_name1":null,"adm1_name2":null,"adm1_name3":null,"adm1_pcode":"SS06","adm0_name":"South Sudan","adm0_name1":null,"adm0_name2":null,"adm0_name3":null,"adm0_pcode":"SS","valid_on":"2022-12-19","valid_to":null,"version":"v03","lang":"en","lang1":null,"lang2":null,"lang3":null},"geometry":{"type":"Point","coordinates":[29.882852582000112,7.913347937000026]}},
{"type":"Feature","properties":{"admin_level":3,"name":"Bor 2","name1":null,"name2":null,"name3":null,"x_coord":30.06164481,"y_coord":8.12523749,"adm4_name":null,"adm4_name1":null,"adm4_name2":null,"adm4_name3":null,"adm4_pcode":null,"adm3_name":"Bor 2","adm3_name1":null,"adm3_name2":null,"adm3_name3":null,"adm3_pcode":"SS060502","adm2_name":"Mayendit","adm2_name1":null,"adm2_name2":null,"adm2_name3":null,"adm2_pcode":"SS0605","adm1_name":"Unity","adm1_name1":null,"adm1_name2":null,"adm1_name3":null,"adm1_pcode":"SS06","adm0_name":"South Sudan","adm0_name1":null,"adm0_name2":null,"adm0_name3":null,"adm0_pcode":"SS","valid_on":"2022-12-19","valid_to":null,"version":"v03","lang":"en","lang1":null,"lang2":null,"lang3":null},"geometry":{"type":"Point","coordinates":[30.061644811,8.125237485000071]}},
{"type":"Feature","properties":{"admin_level":3,"name":"Dablual","name1":null,"name2":null,"name3":null,"x_coord":30.03269479,"y_coord":8.29733016,"adm4_name":null,"adm4_name1":null,"adm4_name2":null,"adm4_name3":null,"adm4_pcode":null,"adm3_name":"Dablual","adm3_name1":null,"adm3_name2":null,"adm3_name3":null,"adm3_pcode":"SS060503","adm2_name":"Mayendit","adm2_name1":null,"adm2_name2":null,"adm2_name3":null,"adm2_pcode":"SS0605","adm1_name":"Unity","adm1_name1":null,"adm1_name2":null,"adm1_name3":null,"adm1_pcode":"SS06","adm0_name":"South Sudan","adm0_name1":null,"adm0_name2":null,"adm0_name3":null,"adm0_pcode":"SS","valid_on":"2022-12-19","valid_to":null,"version":"v03","lang":"en","lang1":null,"lang2":null,"lang3":null},"geometry":{"type":"Point","coordinates":[30.032694789000118,8.297330162000094]}},
{"type":"Feature","properties":{"admin_level":3,"name":"Luom","name1":null,"name2":null,"name3":null,"x_coord":30.24228647,"y_coord":8.46890403,"adm4_name":null,"adm4_name1":null,"adm4_name2":null,"adm4_name3":null,"adm4_pcode":null,"adm3_name":"Luom","adm3_name1":null,"adm3_name2":null,"adm3_name3":null,"adm3_pcode":"SS060504","adm2_name":"Mayendit","adm2_name1":null,"adm2_name2":null,"adm2_name3":null,"adm2_pcode":"SS0605","adm1_name":"Unity","adm1_name1":null,"adm1_name2":null,"adm1_name3":null,"adm1_pcode":"SS06","adm0_name":"South Sudan","adm0_name1":null,"adm0_name2":null,"adm0_name3":null,"adm0_pcode":"SS","valid_on":"2022-12-19","valid_to":null,"version":"v03","lang":"en","lang1":null,"lang2":null,"lang3":null},"geometry":{"type":"Point","coordinates":[30.242286469000135,8.468904027000121]}},
{"type":"Feature","properties":{"admin_level":3,"name":"Maal","name1":null,"name2":null,"name3":null,"x_coord":29.7964365,"y_coord":8.11907217,"adm4_name":null,"adm4_name1":null,"adm4_name2":null,"adm4_name3":null,"adm4_pcode":null,"adm3_name":"Maal","adm3_name1":null,"adm3_name2":null,"adm3_name3":null,"adm3_pcode":"SS060505","adm2_name":"Mayendit","adm2_name1":null,"adm2_name2":null,"adm2_name3":null,"adm2_pcode":"SS0605","adm1_name":"Unity","adm1_name1":null,"adm1_name2":null,"adm1_name3":null,"adm1_pcode":"SS06","adm0_name":"South Sudan","adm0_name1":null,"adm0_name2":null,"adm0_name3":null,"adm0_pcode":"SS","valid_on":"2022-12-19","valid_to":null,"version":"v03","lang":"en","lang1":null,"lang2":null,"lang3":null},"geometry":{"type":"Point","coordinates":[29.796436499000094,8.119072170000038]}},
{"type":"Feature","properties":{"admin_level":3,"name":"Rubkuay","name1":null,"name2":null,"name3":null,"x_coord":30.09388472,"y_coord":8.40939471,"adm4_name":null,"adm4_name1":null,"adm4_name2":null,"adm4_name3":null,"adm4_pcode":null,"adm3_name":"Rubkuay","adm3_name1":null,"adm3_name2":null,"adm3_name3":null,"adm3_pcode":"SS060506","adm2_name":"Mayendit","adm2_name1":null,"adm2_name2":null,"adm2_name3":null,"adm2_pcode":"SS0605","adm1_name":"Unity","adm1_name1":null,"adm1_name2":null,"adm1_name3":null,"adm1_pcode":"SS06","adm0_name":"South Sudan","adm0_name1":null,"adm0_name2":null,"adm0_name3":null,"adm0_pcode":"SS","valid_on":"2022-12-19","valid_to":null,"version":"v03","lang":"en","lang1":null,"lang2":null,"lang3":null},"geometry":{"type":"Point","coordinates":[30.093884720000119,8.409394710000129]}},
{"type":"Feature","properties":{"admin_level":3,"name":"Thaker","name1":null,"name2":null,"name3":null,"x_coord":30.03015512,"y_coord":8.40257776,"adm4_name":null,"adm4_name1":null,"adm4_name2":null,"adm4_name3":null,"adm4_pcode":null,"adm3_name":"Thaker","adm3_name1":null,"adm3_name2":null,"adm3_name3":null,"adm3_pcode":"SS060507","adm2_name":"Mayendit","adm2_name1":null,"adm2_name2":null,"adm2_name3":null,"adm2_pcode":"SS0605","adm1_name":"Unity","adm1_name1":null,"adm1_name2":null,"adm1_name3":null,"adm1_pcode":"SS06","adm0_name":"South Sudan","adm0_name1":null,"adm0_name2":null,"adm0_name3":null,"adm0_pcode":"SS","valid_on":"2022-12-19","valid_to":null,"version":"v03","lang":"en","lang1":null,"lang2":null,"lang3":null},"geometry":{"type":"Point","coordinates":[30.030155117000106,8.402577756000085]}},
{"type":"Feature","properties":{"admin_level":3,"name":"Tharjiath","name1":null,"name2":null,"name3":null,"x_coord":29.82594013,"y_coord":8.255191,"adm4_name":null,"adm4_name1":null,"adm4_name2":null,"adm4_name3":null,"adm4_pcode":null,"adm3_name":"Tharjiath","adm3_name1":null,"adm3_name2":null,"adm3_name3":null,"adm3_pcode":"SS060508","adm2_name":"Mayendit","adm2_name1":null,"adm2_name2":null,"adm2_name3":null,"adm2_pcode":"SS0605","adm1_name":"Unity","adm1_name1":null,"adm1_name2":null,"adm1_name3":null,"adm1_pcode":"SS06","adm0_name":"South Sudan","adm0_name1":null,"adm0_name2":null,"adm0_name3":null,"adm0_pcode":"SS","valid_on":"2022-12-19","valid_to":null,"version":"v03","lang":"en","lang1":null,"lang2":null,"lang3":null},"geometry":{"type":"Point","coordinates":[29.825940127000024,8.255191003]}},
{"type":"Feature","properties":{"admin_level":3,"name":"Tutnyang","name1":null,"name2":null,"name3":null,"x_coord":30.09833367,"y_coord":8.35600763,"adm4_name":null,"adm4_name1":null,"adm4_name2":null,"adm4_name3":null,"adm4_pcode":null,"adm3_name":"Tutnyang","adm3_name1":null,"adm3_name2":null,"adm3_name3":null,"adm3_pcode":"SS060509","adm2_name":"Mayendit","adm2_name1":null,"adm2_name2":null,"adm2_name3":null,"adm2_pcode":"SS0605","adm1_name":"Unity","adm1_name1":null,"adm1_name2":null,"adm1_name3":null,"adm1_pcode":"SS06","adm0_name":"South Sudan","adm0_name1":null,"adm0_name2":null,"adm0_name3":null,"adm0_pcode":"SS","valid_on":"2022-12-19","valid_to":null,"version":"v03","lang":"en","lang1":null,"lang2":null,"lang3":null},"geometry":{"type":"Point","coordinates":[30.098333674000173,8.356007629000032]}},
{"type":"Feature","properties":{"admin_level":3,"name":"Bieh","name1":null,"name2":null,"name3":null,"x_coord":28.81385507,"y_coord":9.17031638,"adm4_name":null,"adm4_name1":null,"adm4_name2":null,"adm4_name3":null,"adm4_pcode":null,"adm3_name":"Bieh","adm3_name1":null,"adm3_name2":null,"adm3_name3":null,"adm3_pcode":"SS060601","adm2_name":"Mayom","adm2_name1":null,"adm2_name2":null,"adm2_name3":null,"adm2_pcode":"SS0606","adm1_name":"Unity","adm1_name1":null,"adm1_name2":null,"adm1_name3":null,"adm1_pcode":"SS06","adm0_name":"South Sudan","adm0_name1":null,"adm0_name2":null,"adm0_name3":null,"adm0_pcode":"SS","valid_on":"2022-12-19","valid_to":null,"version":"v03","lang":"en","lang1":null,"lang2":null,"lang3":null},"geometry":{"type":"Point","coordinates":[28.813855070000102,9.170316379999974]}},
{"type":"Feature","properties":{"admin_level":3,"name":"Kuerbuone","name1":null,"name2":null,"name3":null,"x_coord":29.12220272,"y_coord":9.15127763,"adm4_name":null,"adm4_name1":null,"adm4_name2":null,"adm4_name3":null,"adm4_pcode":null,"adm3_name":"Kuerbuone","adm3_name1":null,"adm3_name2":null,"adm3_name3":null,"adm3_pcode":"SS060602","adm2_name":"Mayom","adm2_name1":null,"adm2_name2":null,"adm2_name3":null,"adm2_pcode":"SS0606","adm1_name":"Unity","adm1_name1":null,"adm1_name2":null,"adm1_name3":null,"adm1_pcode":"SS06","adm0_name":"South Sudan","adm0_name1":null,"adm0_name2":null,"adm0_name3":null,"adm0_pcode":"SS","valid_on":"2022-12-19","valid_to":null,"version":"v03","lang":"en","lang1":null,"lang2":null,"lang3":null},"geometry":{"type":"Point","coordinates":[29.122202722000168,9.151277625000091]}},
{"type":"Feature","properties":{"admin_level":3,"name":"Kueryiek","name1":null,"name2":null,"name3":null,"x_coord":28.85724422,"y_coord":9.17038161,"adm4_name":null,"adm4_name1":null,"adm4_name2":null,"adm4_name3":null,"adm4_pcode":null,"adm3_name":"Kueryiek","adm3_name1":null,"adm3_name2":null,"adm3_name3":null,"adm3_pcode":"SS060603","adm2_name":"Mayom","adm2_name1":null,"adm2_name2":null,"adm2_name3":null,"adm2_pcode":"SS0606","adm1_name":"Unity","adm1_name1":null,"adm1_name2":null,"adm1_name3":null,"adm1_pcode":"SS06","adm0_name":"South Sudan","adm0_name1":null,"adm0_name2":null,"adm0_name3":null,"adm0_pcode":"SS","valid_on":"2022-12-19","valid_to":null,"version":"v03","lang":"en","lang1":null,"lang2":null,"lang3":null},"geometry":{"type":"Point","coordinates":[28.857244225000045,9.170381610000049]}},
{"type":"Feature","properties":{"admin_level":3,"name":"Mankien","name1":null,"name2":null,"name3":null,"x_coord":29.06307679,"y_coord":9.04721792,"adm4_name":null,"adm4_name1":null,"adm4_name2":null,"adm4_name3":null,"adm4_pcode":null,"adm3_name":"Mankien","adm3_name1":null,"adm3_name2":null,"adm3_name3":null,"adm3_pcode":"SS060604","adm2_name":"Mayom","adm2_name1":null,"adm2_name2":null,"adm2_name3":null,"adm2_pcode":"SS0606","adm1_name":"Unity","adm1_name1":null,"adm1_name2":null,"adm1_name3":null,"adm1_pcode":"SS06","adm0_name":"South Sudan","adm0_name1":null,"adm0_name2":null,"adm0_name3":null,"adm0_pcode":"SS","valid_on":"2022-12-19","valid_to":null,"version":"v03","lang":"en","lang1":null,"lang2":null,"lang3":null},"geometry":{"type":"Point","coordinates":[29.063076789000036,9.047217915000147]}},
{"type":"Feature","properties":{"admin_level":3,"name":"Ngop 2","name1":null,"name2":null,"name3":null,"x_coord":28.96525706,"y_coord":9.13904622,"adm4_name":null,"adm4_name1":null,"adm4_name2":null,"adm4_name3":null,"adm4_pcode":null,"adm3_name":"Ngop 2","adm3_name1":null,"adm3_name2":null,"adm3_name3":null,"adm3_pcode":"SS060605","adm2_name":"Mayom","adm2_name1":null,"adm2_name2":null,"adm2_name3":null,"adm2_pcode":"SS0606","adm1_name":"Unity","adm1_name1":null,"adm1_name2":null,"adm1_name3":null,"adm1_pcode":"SS06","adm0_name":"South Sudan","adm0_name1":null,"adm0_name2":null,"adm0_name3":null,"adm0_pcode":"SS","valid_on":"2022-12-19","valid_to":null,"version":"v03","lang":"en","lang1":null,"lang2":null,"lang3":null},"geometry":{"type":"Point","coordinates":[28.965257061000045,9.139046220000125]}},
{"type":"Feature","properties":{"admin_level":3,"name":"Pup","name1":null,"name2":null,"name3":null,"x_coord":29.02170744,"y_coord":9.27945094,"adm4_name":null,"adm4_name1":null,"adm4_name2":null,"adm4_name3":null,"adm4_pcode":null,"adm3_name":"Pup","adm3_name1":null,"adm3_name2":null,"adm3_name3":null,"adm3_pcode":"SS060606","adm2_name":"Mayom","adm2_name1":null,"adm2_name2":null,"adm2_name3":null,"adm2_pcode":"SS0606","adm1_name":"Unity","adm1_name1":null,"adm1_name2":null,"adm1_name3":null,"adm1_pcode":"SS06","adm0_name":"South Sudan","adm0_name1":null,"adm0_name2":null,"adm0_name3":null,"adm0_pcode":"SS","valid_on":"2022-12-19","valid_to":null,"version":"v03","lang":"en","lang1":null,"lang2":null,"lang3":null},"geometry":{"type":"Point","coordinates":[29.021707443000025,9.279450944000075]}},
{"type":"Feature","properties":{"admin_level":3,"name":"Riak","name1":null,"name2":null,"name3":null,"x_coord":29.27771504,"y_coord":8.88458769,"adm4_name":null,"adm4_name1":null,"adm4_name2":null,"adm4_name3":null,"adm4_pcode":null,"adm3_name":"Riak","adm3_name1":null,"adm3_name2":null,"adm3_name3":null,"adm3_pcode":"SS060607","adm2_name":"Mayom","adm2_name1":null,"adm2_name2":null,"adm2_name3":null,"adm2_pcode":"SS0606","adm1_name":"Unity","adm1_name1":null,"adm1_name2":null,"adm1_name3":null,"adm1_pcode":"SS06","adm0_name":"South Sudan","adm0_name1":null,"adm0_name2":null,"adm0_name3":null,"adm0_pcode":"SS","valid_on":"2022-12-19","valid_to":null,"version":"v03","lang":"en","lang1":null,"lang2":null,"lang3":null},"geometry":{"type":"Point","coordinates":[29.277715044000104,8.884587690000046]}},
{"type":"Feature","properties":{"admin_level":3,"name":"Ruathnyibuol","name1":null,"name2":null,"name3":null,"x_coord":28.91732028,"y_coord":9.07450493,"adm4_name":null,"adm4_name1":null,"adm4_name2":null,"adm4_name3":null,"adm4_pcode":null,"adm3_name":"Ruathnyibuol","adm3_name1":null,"adm3_name2":null,"adm3_name3":null,"adm3_pcode":"SS060608","adm2_name":"Mayom","adm2_name1":null,"adm2_name2":null,"adm2_name3":null,"adm2_pcode":"SS0606","adm1_name":"Unity","adm1_name1":null,"adm1_name2":null,"adm1_name3":null,"adm1_pcode":"SS06","adm0_name":"South Sudan","adm0_name1":null,"adm0_name2":null,"adm0_name3":null,"adm0_pcode":"SS","valid_on":"2022-12-19","valid_to":null,"version":"v03","lang":"en","lang1":null,"lang2":null,"lang3":null},"geometry":{"type":"Point","coordinates":[28.917320284000084,9.074504925000156]}},
{"type":"Feature","properties":{"admin_level":3,"name":"Wangbuor II","name1":null,"name2":null,"name3":null,"x_coord":29.5739585,"y_coord":8.82839883,"adm4_name":null,"adm4_name1":null,"adm4_name2":null,"adm4_name3":null,"adm4_pcode":null,"adm3_name":"Wangbuor II","adm3_name1":null,"adm3_name2":null,"adm3_name3":null,"adm3_pcode":"SS060609","adm2_name":"Mayom","adm2_name1":null,"adm2_name2":null,"adm2_name3":null,"adm2_pcode":"SS0606","adm1_name":"Unity","adm1_name1":null,"adm1_name2":null,"adm1_name3":null,"adm1_pcode":"SS06","adm0_name":"South Sudan","adm0_name1":null,"adm0_name2":null,"adm0_name3":null,"adm0_pcode":"SS","valid_on":"2022-12-19","valid_to":null,"version":"v03","lang":"en","lang1":null,"lang2":null,"lang3":null},"geometry":{"type":"Point","coordinates":[29.573958498000138,8.828398832000062]}},
{"type":"Feature","properties":{"admin_level":3,"name":"Wangbuor I","name1":null,"name2":null,"name3":null,"x_coord":29.18543772,"y_coord":8.8924218,"adm4_name":null,"adm4_name1":null,"adm4_name2":null,"adm4_name3":null,"adm4_pcode":null,"adm3_name":"Wangbuor I","adm3_name1":null,"adm3_name2":null,"adm3_name3":null,"adm3_pcode":"SS060610","adm2_name":"Mayom","adm2_name1":null,"adm2_name2":null,"adm2_name3":null,"adm2_pcode":"SS0606","adm1_name":"Unity","adm1_name1":null,"adm1_name2":null,"adm1_name3":null,"adm1_pcode":"SS06","adm0_name":"South Sudan","adm0_name1":null,"adm0_name2":null,"adm0_name3":null,"adm0_pcode":"SS","valid_on":"2022-12-19","valid_to":null,"version":"v03","lang":"en","lang1":null,"lang2":null,"lang3":null},"geometry":{"type":"Point","coordinates":[29.185437715999967,8.892421801000125]}},
{"type":"Feature","properties":{"admin_level":3,"name":"Wangbuor III","name1":null,"name2":null,"name3":null,"x_coord":29.25469844,"y_coord":9.2017404,"adm4_name":null,"adm4_name1":null,"adm4_name2":null,"adm4_name3":null,"adm4_pcode":null,"adm3_name":"Wangbuor III","adm3_name1":null,"adm3_name2":null,"adm3_name3":null,"adm3_pcode":"SS060611","adm2_name":"Mayom","adm2_name1":null,"adm2_name2":null,"adm2_name3":null,"adm2_pcode":"SS0606","adm1_name":"Unity","adm1_name1":null,"adm1_name2":null,"adm1_name3":null,"adm1_pcode":"SS06","adm0_name":"South Sudan","adm0_name1":null,"adm0_name2":null,"adm0_name3":null,"adm0_pcode":"SS","valid_on":"2022-12-19","valid_to":null,"version":"v03","lang":"en","lang1":null,"lang2":null,"lang3":null},"geometry":{"type":"Point","coordinates":[29.254698440000141,9.201740400000176]}},
{"type":"Feature","properties":{"admin_level":3,"name":"Wangkei","name1":null,"name2":null,"name3":null,"x_coord":29.39642423,"y_coord":9.05274855,"adm4_name":null,"adm4_name1":null,"adm4_name2":null,"adm4_name3":null,"adm4_pcode":null,"adm3_name":"Wangkei","adm3_name1":null,"adm3_name2":null,"adm3_name3":null,"adm3_pcode":"SS060612","adm2_name":"Mayom","adm2_name1":null,"adm2_name2":null,"adm2_name3":null,"adm2_pcode":"SS0606","adm1_name":"Unity","adm1_name1":null,"adm1_name2":null,"adm1_name3":null,"adm1_pcode":"SS06","adm0_name":"South Sudan","adm0_name1":null,"adm0_name2":null,"adm0_name3":null,"adm0_pcode":"SS","valid_on":"2022-12-19","valid_to":null,"version":"v03","lang":"en","lang1":null,"lang2":null,"lang3":null},"geometry":{"type":"Point","coordinates":[29.396424226000136,9.052748550000103]}},
{"type":"Feature","properties":{"admin_level":3,"name":"Ganyliel","name1":null,"name2":null,"name3":null,"x_coord":30.54588217,"y_coord":7.39425965,"adm4_name":null,"adm4_name1":null,"adm4_name2":null,"adm4_name3":null,"adm4_pcode":null,"adm3_name":"Ganyliel","adm3_name1":null,"adm3_name2":null,"adm3_name3":null,"adm3_pcode":"SS060701","adm2_name":"Panyijiar","adm2_name1":null,"adm2_name2":null,"adm2_name3":null,"adm2_pcode":"SS0607","adm1_name":"Unity","adm1_name1":null,"adm1_name2":null,"adm1_name3":null,"adm1_pcode":"SS06","adm0_name":"South Sudan","adm0_name1":null,"adm0_name2":null,"adm0_name3":null,"adm0_pcode":"SS","valid_on":"2022-12-19","valid_to":null,"version":"v03","lang":"en","lang1":null,"lang2":null,"lang3":null},"geometry":{"type":"Point","coordinates":[30.54588217100013,7.394259645000091]}},
{"type":"Feature","properties":{"admin_level":3,"name":"Kol","name1":null,"name2":null,"name3":null,"x_coord":30.36403525,"y_coord":7.62336285,"adm4_name":null,"adm4_name1":null,"adm4_name2":null,"adm4_name3":null,"adm4_pcode":null,"adm3_name":"Kol","adm3_name1":null,"adm3_name2":null,"adm3_name3":null,"adm3_pcode":"SS060702","adm2_name":"Panyijiar","adm2_name1":null,"adm2_name2":null,"adm2_name3":null,"adm2_pcode":"SS0607","adm1_name":"Unity","adm1_name1":null,"adm1_name2":null,"adm1_name3":null,"adm1_pcode":"SS06","adm0_name":"South Sudan","adm0_name1":null,"adm0_name2":null,"adm0_name3":null,"adm0_pcode":"SS","valid_on":"2022-12-19","valid_to":null,"version":"v03","lang":"en","lang1":null,"lang2":null,"lang3":null},"geometry":{"type":"Point","coordinates":[30.364035255000147,7.623362847000124]}},
{"type":"Feature","properties":{"admin_level":3,"name":"Mayom 2","name1":null,"name2":null,"name3":null,"x_coord":30.10970605,"y_coord":7.78859216,"adm4_name":null,"adm4_name1":null,"adm4_name2":null,"adm4_name3":null,"adm4_pcode":null,"adm3_name":"Mayom 2","adm3_name1":null,"adm3_name2":null,"adm3_name3":null,"adm3_pcode":"SS060703","adm2_name":"Panyijiar","adm2_name1":null,"adm2_name2":null,"adm2_name3":null,"adm2_pcode":"SS0607","adm1_name":"Unity","adm1_name1":null,"adm1_name2":null,"adm1_name3":null,"adm1_pcode":"SS06","adm0_name":"South Sudan","adm0_name1":null,"adm0_name2":null,"adm0_name3":null,"adm0_pcode":"SS","valid_on":"2022-12-19","valid_to":null,"version":"v03","lang":"en","lang1":null,"lang2":null,"lang3":null},"geometry":{"type":"Point","coordinates":[30.109706051000103,7.788592156000163]}},
{"type":"Feature","properties":{"admin_level":3,"name":"Nyal","name1":null,"name2":null,"name3":null,"x_coord":30.23143624,"y_coord":7.69489898,"adm4_name":null,"adm4_name1":null,"adm4_name2":null,"adm4_name3":null,"adm4_pcode":null,"adm3_name":"Nyal","adm3_name1":null,"adm3_name2":null,"adm3_name3":null,"adm3_pcode":"SS060704","adm2_name":"Panyijiar","adm2_name1":null,"adm2_name2":null,"adm2_name3":null,"adm2_pcode":"SS0607","adm1_name":"Unity","adm1_name1":null,"adm1_name2":null,"adm1_name3":null,"adm1_pcode":"SS06","adm0_name":"South Sudan","adm0_name1":null,"adm0_name2":null,"adm0_name3":null,"adm0_pcode":"SS","valid_on":"2022-12-19","valid_to":null,"version":"v03","lang":"en","lang1":null,"lang2":null,"lang3":null},"geometry":{"type":"Point","coordinates":[30.23143624000005,7.694898975000058]}},
{"type":"Feature","properties":{"admin_level":3,"name":"Pachak","name1":null,"name2":null,"name3":null,"x_coord":30.42361623,"y_coord":7.20467897,"adm4_name":null,"adm4_name1":null,"adm4_name2":null,"adm4_name3":null,"adm4_pcode":null,"adm3_name":"Pachak","adm3_name1":null,"adm3_name2":null,"adm3_name3":null,"adm3_pcode":"SS060705","adm2_name":"Panyijiar","adm2_name1":null,"adm2_name2":null,"adm2_name3":null,"adm2_pcode":"SS0607","adm1_name":"Unity","adm1_name1":null,"adm1_name2":null,"adm1_name3":null,"adm1_pcode":"SS06","adm0_name":"South Sudan","adm0_name1":null,"adm0_name2":null,"adm0_name3":null,"adm0_pcode":"SS","valid_on":"2022-12-19","valid_to":null,"version":"v03","lang":"en","lang1":null,"lang2":null,"lang3":null},"geometry":{"type":"Point","coordinates":[30.423616231000153,7.204678965000085]}},
{"type":"Feature","properties":{"admin_level":3,"name":"Pachaar","name1":null,"name2":null,"name3":null,"x_coord":30.27602564,"y_coord":7.2625187,"adm4_name":null,"adm4_name1":null,"adm4_name2":null,"adm4_name3":null,"adm4_pcode":null,"adm3_name":"Pachaar","adm3_name1":null,"adm3_name2":null,"adm3_name3":null,"adm3_pcode":"SS060706","adm2_name":"Panyijiar","adm2_name1":null,"adm2_name2":null,"adm2_name3":null,"adm2_pcode":"SS0607","adm1_name":"Unity","adm1_name1":null,"adm1_name2":null,"adm1_name3":null,"adm1_pcode":"SS06","adm0_name":"South Sudan","adm0_name1":null,"adm0_name2":null,"adm0_name3":null,"adm0_pcode":"SS","valid_on":"2022-12-19","valid_to":null,"version":"v03","lang":"en","lang1":null,"lang2":null,"lang3":null},"geometry":{"type":"Point","coordinates":[30.276025644000072,7.262518701999966]}},
{"type":"Feature","properties":{"admin_level":3,"name":"Pachienjok","name1":null,"name2":null,"name3":null,"x_coord":30.57843699,"y_coord":7.28406244,"adm4_name":null,"adm4_name1":null,"adm4_name2":null,"adm4_name3":null,"adm4_pcode":null,"adm3_name":"Pachienjok","adm3_name1":null,"adm3_name2":null,"adm3_name3":null,"adm3_pcode":"SS060707","adm2_name":"Panyijiar","adm2_name1":null,"adm2_name2":null,"adm2_name3":null,"adm2_pcode":"SS0607","adm1_name":"Unity","adm1_name1":null,"adm1_name2":null,"adm1_name3":null,"adm1_pcode":"SS06","adm0_name":"South Sudan","adm0_name1":null,"adm0_name2":null,"adm0_name3":null,"adm0_pcode":"SS","valid_on":"2022-12-19","valid_to":null,"version":"v03","lang":"en","lang1":null,"lang2":null,"lang3":null},"geometry":{"type":"Point","coordinates":[30.578436991000046,7.284062444000142]}},
{"type":"Feature","properties":{"admin_level":3,"name":"Panyijiar","name1":null,"name2":null,"name3":null,"x_coord":30.21058202,"y_coord":7.42293437,"adm4_name":null,"adm4_name1":null,"adm4_name2":null,"adm4_name3":null,"adm4_pcode":null,"adm3_name":"Panyijiar","adm3_name1":null,"adm3_name2":null,"adm3_name3":null,"adm3_pcode":"SS060708","adm2_name":"Panyijiar","adm2_name1":null,"adm2_name2":null,"adm2_name3":null,"adm2_pcode":"SS0607","adm1_name":"Unity","adm1_name1":null,"adm1_name2":null,"adm1_name3":null,"adm1_pcode":"SS06","adm0_name":"South Sudan","adm0_name1":null,"adm0_name2":null,"adm0_name3":null,"adm0_pcode":"SS","valid_on":"2022-12-19","valid_to":null,"version":"v03","lang":"en","lang1":null,"lang2":null,"lang3":null},"geometry":{"type":"Point","coordinates":[30.210582019000014,7.422934365000174]}},
{"type":"Feature","properties":{"admin_level":3,"name":"Thoarnhoum","name1":null,"name2":null,"name3":null,"x_coord":30.33874044,"y_coord":7.40181321,"adm4_name":null,"adm4_name1":null,"adm4_name2":null,"adm4_name3":null,"adm4_pcode":null,"adm3_name":"Thoarnhoum","adm3_name1":null,"adm3_name2":null,"adm3_name3":null,"adm3_pcode":"SS060709","adm2_name":"Panyijiar","adm2_name1":null,"adm2_name2":null,"adm2_name3":null,"adm2_pcode":"SS0607","adm1_name":"Unity","adm1_name1":null,"adm1_name2":null,"adm1_name3":null,"adm1_pcode":"SS06","adm0_name":"South Sudan","adm0_name1":null,"adm0_name2":null,"adm0_name3":null,"adm0_pcode":"SS","valid_on":"2022-12-19","valid_to":null,"version":"v03","lang":"en","lang1":null,"lang2":null,"lang3":null},"geometry":{"type":"Point","coordinates":[30.338740437000126,7.401813210000057]}},
{"type":"Feature","properties":{"admin_level":3,"name":"Tiap","name1":null,"name2":null,"name3":null,"x_coord":30.44221316,"y_coord":7.51519346,"adm4_name":null,"adm4_name1":null,"adm4_name2":null,"adm4_name3":null,"adm4_pcode":null,"adm3_name":"Tiap","adm3_name1":null,"adm3_name2":null,"adm3_name3":null,"adm3_pcode":"SS060710","adm2_name":"Panyijiar","adm2_name1":null,"adm2_name2":null,"adm2_name3":null,"adm2_pcode":"SS0607","adm1_name":"Unity","adm1_name1":null,"adm1_name2":null,"adm1_name3":null,"adm1_pcode":"SS06","adm0_name":"South Sudan","adm0_name1":null,"adm0_name2":null,"adm0_name3":null,"adm0_pcode":"SS","valid_on":"2022-12-19","valid_to":null,"version":"v03","lang":"en","lang1":null,"lang2":null,"lang3":null},"geometry":{"type":"Point","coordinates":[30.442213165000169,7.515193463000173]}},
{"type":"Feature","properties":{"admin_level":3,"name":"Aliiny","name1":null,"name2":null,"name3":null,"x_coord":29.71344325,"y_coord":9.89958249,"adm4_name":null,"adm4_name1":null,"adm4_name2":null,"adm4_name3":null,"adm4_pcode":null,"adm3_name":"Aliiny","adm3_name1":null,"adm3_name2":null,"adm3_name3":null,"adm3_pcode":"SS060801","adm2_name":"Pariang","adm2_name1":null,"adm2_name2":null,"adm2_name3":null,"adm2_pcode":"SS0608","adm1_name":"Unity","adm1_name1":null,"adm1_name2":null,"adm1_name3":null,"adm1_pcode":"SS06","adm0_name":"South Sudan","adm0_name1":null,"adm0_name2":null,"adm0_name3":null,"adm0_pcode":"SS","valid_on":"2022-12-19","valid_to":null,"version":"v03","lang":"en","lang1":null,"lang2":null,"lang3":null},"geometry":{"type":"Point","coordinates":[29.713443251000058,9.899582494000128]}},
{"type":"Feature","properties":{"admin_level":3,"name":"Biu","name1":null,"name2":null,"name3":null,"x_coord":30.2138423,"y_coord":9.59805536,"adm4_name":null,"adm4_name1":null,"adm4_name2":null,"adm4_name3":null,"adm4_pcode":null,"adm3_name":"Biu","adm3_name1":null,"adm3_name2":null,"adm3_name3":null,"adm3_pcode":"SS060802","adm2_name":"Pariang","adm2_name1":null,"adm2_name2":null,"adm2_name3":null,"adm2_pcode":"SS0608","adm1_name":"Unity","adm1_name1":null,"adm1_name2":null,"adm1_name3":null,"adm1_pcode":"SS06","adm0_name":"South Sudan","adm0_name1":null,"adm0_name2":null,"adm0_name3":null,"adm0_pcode":"SS","valid_on":"2022-12-19","valid_to":null,"version":"v03","lang":"en","lang1":null,"lang2":null,"lang3":null},"geometry":{"type":"Point","coordinates":[30.213842303000149,9.598055355000099]}},
{"type":"Feature","properties":{"admin_level":3,"name":"Jamjang","name1":null,"name2":null,"name3":null,"x_coord":30.26628429,"y_coord":9.87510346,"adm4_name":null,"adm4_name1":null,"adm4_name2":null,"adm4_name3":null,"adm4_pcode":null,"adm3_name":"Jamjang","adm3_name1":null,"adm3_name2":null,"adm3_name3":null,"adm3_pcode":"SS060803","adm2_name":"Pariang","adm2_name1":null,"adm2_name2":null,"adm2_name3":null,"adm2_pcode":"SS0608","adm1_name":"Unity","adm1_name1":null,"adm1_name2":null,"adm1_name3":null,"adm1_pcode":"SS06","adm0_name":"South Sudan","adm0_name1":null,"adm0_name2":null,"adm0_name3":null,"adm0_pcode":"SS","valid_on":"2022-12-19","valid_to":null,"version":"v03","lang":"en","lang1":null,"lang2":null,"lang3":null},"geometry":{"type":"Point","coordinates":[30.266284288000179,9.875103457000023]}},
{"type":"Feature","properties":{"admin_level":3,"name":"Nyeel","name1":null,"name2":null,"name3":null,"x_coord":29.85689168,"y_coord":9.71804835,"adm4_name":null,"adm4_name1":null,"adm4_name2":null,"adm4_name3":null,"adm4_pcode":null,"adm3_name":"Nyeel","adm3_name1":null,"adm3_name2":null,"adm3_name3":null,"adm3_pcode":"SS060804","adm2_name":"Pariang","adm2_name1":null,"adm2_name2":null,"adm2_name3":null,"adm2_pcode":"SS0608","adm1_name":"Unity","adm1_name1":null,"adm1_name2":null,"adm1_name3":null,"adm1_pcode":"SS06","adm0_name":"South Sudan","adm0_name1":null,"adm0_name2":null,"adm0_name3":null,"adm0_pcode":"SS","valid_on":"2022-12-19","valid_to":null,"version":"v03","lang":"en","lang1":null,"lang2":null,"lang3":null},"geometry":{"type":"Point","coordinates":[29.856891683000129,9.718048350000061]}},
{"type":"Feature","properties":{"admin_level":3,"name":"Pariang","name1":null,"name2":null,"name3":null,"x_coord":29.96861892,"y_coord":9.91291444,"adm4_name":null,"adm4_name1":null,"adm4_name2":null,"adm4_name3":null,"adm4_pcode":null,"adm3_name":"Pariang","adm3_name1":null,"adm3_name2":null,"adm3_name3":null,"adm3_pcode":"SS060805","adm2_name":"Pariang","adm2_name1":null,"adm2_name2":null,"adm2_name3":null,"adm2_pcode":"SS0608","adm1_name":"Unity","adm1_name1":null,"adm1_name2":null,"adm1_name3":null,"adm1_pcode":"SS06","adm0_name":"South Sudan","adm0_name1":null,"adm0_name2":null,"adm0_name3":null,"adm0_pcode":"SS","valid_on":"2022-12-19","valid_to":null,"version":"v03","lang":"en","lang1":null,"lang2":null,"lang3":null},"geometry":{"type":"Point","coordinates":[29.968618917000185,9.912914437000154]}},
{"type":"Feature","properties":{"admin_level":3,"name":"Werthen","name1":null,"name2":null,"name3":null,"x_coord":29.95954925,"y_coord":10.11907674,"adm4_name":null,"adm4_name1":null,"adm4_name2":null,"adm4_name3":null,"adm4_pcode":null,"adm3_name":"Werthen","adm3_name1":null,"adm3_name2":null,"adm3_name3":null,"adm3_pcode":"SS060806","adm2_name":"Pariang","adm2_name1":null,"adm2_name2":null,"adm2_name3":null,"adm2_pcode":"SS0608","adm1_name":"Unity","adm1_name1":null,"adm1_name2":null,"adm1_name3":null,"adm1_pcode":"SS06","adm0_name":"South Sudan","adm0_name1":null,"adm0_name2":null,"adm0_name3":null,"adm0_pcode":"SS","valid_on":"2022-12-19","valid_to":null,"version":"v03","lang":"en","lang1":null,"lang2":null,"lang3":null},"geometry":{"type":"Point","coordinates":[29.959549247000098,10.119076740000025]}},
{"type":"Feature","properties":{"admin_level":3,"name":"Wunkur","name1":null,"name2":null,"name3":null,"x_coord":30.65917059,"y_coord":9.69900347,"adm4_name":null,"adm4_name1":null,"adm4_name2":null,"adm4_name3":null,"adm4_pcode":null,"adm3_name":"Wunkur","adm3_name1":null,"adm3_name2":null,"adm3_name3":null,"adm3_pcode":"SS060807","adm2_name":"Pariang","adm2_name1":null,"adm2_name2":null,"adm2_name3":null,"adm2_pcode":"SS0608","adm1_name":"Unity","adm1_name1":null,"adm1_name2":null,"adm1_name3":null,"adm1_pcode":"SS06","adm0_name":"South Sudan","adm0_name1":null,"adm0_name2":null,"adm0_name3":null,"adm0_pcode":"SS","valid_on":"2022-12-19","valid_to":null,"version":"v03","lang":"en","lang1":null,"lang2":null,"lang3":null},"geometry":{"type":"Point","coordinates":[30.659170593000169,9.699003472000072]}},
{"type":"Feature","properties":{"admin_level":3,"name":"Bentiu Town","name1":null,"name2":null,"name3":null,"x_coord":29.79966865,"y_coord":9.22844147,"adm4_name":null,"adm4_name1":null,"adm4_name2":null,"adm4_name3":null,"adm4_pcode":null,"adm3_name":"Bentiu Town","adm3_name1":null,"adm3_name2":null,"adm3_name3":null,"adm3_pcode":"SS060901","adm2_name":"Rubkona","adm2_name1":null,"adm2_name2":null,"adm2_name3":null,"adm2_pcode":"SS0609","adm1_name":"Unity","adm1_name1":null,"adm1_name2":null,"adm1_name3":null,"adm1_pcode":"SS06","adm0_name":"South Sudan","adm0_name1":null,"adm0_name2":null,"adm0_name3":null,"adm0_pcode":"SS","valid_on":"2022-12-19","valid_to":null,"version":"v03","lang":"en","lang1":null,"lang2":null,"lang3":null},"geometry":{"type":"Point","coordinates":[29.799668650000115,9.22844146500006]}},
{"type":"Feature","properties":{"admin_level":3,"name":"Budaang","name1":null,"name2":null,"name3":null,"x_coord":29.50653089,"y_coord":9.36624793,"adm4_name":null,"adm4_name1":null,"adm4_name2":null,"adm4_name3":null,"adm4_pcode":null,"adm3_name":"Budaang","adm3_name1":null,"adm3_name2":null,"adm3_name3":null,"adm3_pcode":"SS060902","adm2_name":"Rubkona","adm2_name1":null,"adm2_name2":null,"adm2_name3":null,"adm2_pcode":"SS0609","adm1_name":"Unity","adm1_name1":null,"adm1_name2":null,"adm1_name3":null,"adm1_pcode":"SS06","adm0_name":"South Sudan","adm0_name1":null,"adm0_name2":null,"adm0_name3":null,"adm0_pcode":"SS","valid_on":"2022-12-19","valid_to":null,"version":"v03","lang":"en","lang1":null,"lang2":null,"lang3":null},"geometry":{"type":"Point","coordinates":[29.50653089400015,9.36624793500016]}},
{"type":"Feature","properties":{"admin_level":3,"name":"Dhorbor","name1":null,"name2":null,"name3":null,"x_coord":29.68484321,"y_coord":9.32318231,"adm4_name":null,"adm4_name1":null,"adm4_name2":null,"adm4_name3":null,"adm4_pcode":null,"adm3_name":"Dhorbor","adm3_name1":null,"adm3_name2":null,"adm3_name3":null,"adm3_pcode":"SS060903","adm2_name":"Rubkona","adm2_name1":null,"adm2_name2":null,"adm2_name3":null,"adm2_pcode":"SS0609","adm1_name":"Unity","adm1_name1":null,"adm1_name2":null,"adm1_name3":null,"adm1_pcode":"SS06","adm0_name":"South Sudan","adm0_name1":null,"adm0_name2":null,"adm0_name3":null,"adm0_pcode":"SS","valid_on":"2022-12-19","valid_to":null,"version":"v03","lang":"en","lang1":null,"lang2":null,"lang3":null},"geometry":{"type":"Point","coordinates":[29.684843206999972,9.323182305000103]}},
{"type":"Feature","properties":{"admin_level":3,"name":"Kaljak","name1":null,"name2":null,"name3":null,"x_coord":29.60894759,"y_coord":9.15544836,"adm4_name":null,"adm4_name1":null,"adm4_name2":null,"adm4_name3":null,"adm4_pcode":null,"adm3_name":"Kaljak","adm3_name1":null,"adm3_name2":null,"adm3_name3":null,"adm3_pcode":"SS060904","adm2_name":"Rubkona","adm2_name1":null,"adm2_name2":null,"adm2_name3":null,"adm2_pcode":"SS0609","adm1_name":"Unity","adm1_name1":null,"adm1_name2":null,"adm1_name3":null,"adm1_pcode":"SS06","adm0_name":"South Sudan","adm0_name1":null,"adm0_name2":null,"adm0_name3":null,"adm0_pcode":"SS","valid_on":"2022-12-19","valid_to":null,"version":"v03","lang":"en","lang1":null,"lang2":null,"lang3":null},"geometry":{"type":"Point","coordinates":[29.608947587000159,9.155448360000094]}},
{"type":"Feature","properties":{"admin_level":3,"name":"Ngop","name1":null,"name2":null,"name3":null,"x_coord":29.52053754,"y_coord":9.09644517,"adm4_name":null,"adm4_name1":null,"adm4_name2":null,"adm4_name3":null,"adm4_pcode":null,"adm3_name":"Ngop","adm3_name1":null,"adm3_name2":null,"adm3_name3":null,"adm3_pcode":"SS060905","adm2_name":"Rubkona","adm2_name1":null,"adm2_name2":null,"adm2_name3":null,"adm2_pcode":"SS0609","adm1_name":"Unity","adm1_name1":null,"adm1_name2":null,"adm1_name3":null,"adm1_pcode":"SS06","adm0_name":"South Sudan","adm0_name1":null,"adm0_name2":null,"adm0_name3":null,"adm0_pcode":"SS","valid_on":"2022-12-19","valid_to":null,"version":"v03","lang":"en","lang1":null,"lang2":null,"lang3":null},"geometry":{"type":"Point","coordinates":[29.520537543999978,9.096445170000152]}},
{"type":"Feature","properties":{"admin_level":3,"name":"Nhialdiu","name1":null,"name2":null,"name3":null,"x_coord":29.68476792,"y_coord":8.98975953,"adm4_name":null,"adm4_name1":null,"adm4_name2":null,"adm4_name3":null,"adm4_pcode":null,"adm3_name":"Nhialdiu","adm3_name1":null,"adm3_name2":null,"adm3_name3":null,"adm3_pcode":"SS060906","adm2_name":"Rubkona","adm2_name1":null,"adm2_name2":null,"adm2_name3":null,"adm2_pcode":"SS0609","adm1_name":"Unity","adm1_name1":null,"adm1_name2":null,"adm1_name3":null,"adm1_pcode":"SS06","adm0_name":"South Sudan","adm0_name1":null,"adm0_name2":null,"adm0_name3":null,"adm0_pcode":"SS","valid_on":"2022-12-19","valid_to":null,"version":"v03","lang":"en","lang1":null,"lang2":null,"lang3":null},"geometry":{"type":"Point","coordinates":[29.684767919000137,8.989759530000185]}},
{"type":"Feature","properties":{"admin_level":3,"name":"Panhiany","name1":null,"name2":null,"name3":null,"x_coord":29.80309574,"y_coord":9.06575396,"adm4_name":null,"adm4_name1":null,"adm4_name2":null,"adm4_name3":null,"adm4_pcode":null,"adm3_name":"Panhiany","adm3_name1":null,"adm3_name2":null,"adm3_name3":null,"adm3_pcode":"SS060907","adm2_name":"Rubkona","adm2_name1":null,"adm2_name2":null,"adm2_name3":null,"adm2_pcode":"SS0609","adm1_name":"Unity","adm1_name1":null,"adm1_name2":null,"adm1_name3":null,"adm1_pcode":"SS06","adm0_name":"South Sudan","adm0_name1":null,"adm0_name2":null,"adm0_name3":null,"adm0_pcode":"SS","valid_on":"2022-12-19","valid_to":null,"version":"v03","lang":"en","lang1":null,"lang2":null,"lang3":null},"geometry":{"type":"Point","coordinates":[29.803095737999968,9.065753955000105]}},
{"type":"Feature","properties":{"admin_level":3,"name":"Rubkotne","name1":null,"name2":null,"name3":null,"x_coord":29.77393387,"y_coord":9.35856387,"adm4_name":null,"adm4_name1":null,"adm4_name2":null,"adm4_name3":null,"adm4_pcode":null,"adm3_name":"Rubkotne","adm3_name1":null,"adm3_name2":null,"adm3_name3":null,"adm3_pcode":"SS060908","adm2_name":"Rubkona","adm2_name1":null,"adm2_name2":null,"adm2_name3":null,"adm2_pcode":"SS0609","adm1_name":"Unity","adm1_name1":null,"adm1_name2":null,"adm1_name3":null,"adm1_pcode":"SS06","adm0_name":"South Sudan","adm0_name1":null,"adm0_name2":null,"adm0_name3":null,"adm0_pcode":"SS","valid_on":"2022-12-19","valid_to":null,"version":"v03","lang":"en","lang1":null,"lang2":null,"lang3":null},"geometry":{"type":"Point","coordinates":[29.773933867000039,9.358563870000012]}},
{"type":"Feature","properties":{"admin_level":3,"name":"Wathjaak","name1":null,"name2":null,"name3":null,"x_coord":29.61397159,"y_coord":9.10835735,"adm4_name":null,"adm4_name1":null,"adm4_name2":null,"adm4_name3":null,"adm4_pcode":null,"adm3_name":"Wathjaak","adm3_name1":null,"adm3_name2":null,"adm3_name3":null,"adm3_pcode":"SS060909","adm2_name":"Rubkona","adm2_name1":null,"adm2_name2":null,"adm2_name3":null,"adm2_pcode":"SS0609","adm1_name":"Unity","adm1_name1":null,"adm1_name2":null,"adm1_name3":null,"adm1_pcode":"SS06","adm0_name":"South Sudan","adm0_name1":null,"adm0_name2":null,"adm0_name3":null,"adm0_pcode":"SS","valid_on":"2022-12-19","valid_to":null,"version":"v03","lang":"en","lang1":null,"lang2":null,"lang3":null},"geometry":{"type":"Point","coordinates":[29.613971587000151,9.108357345000115]}},
{"type":"Feature","properties":{"admin_level":3,"name":"Abwong","name1":null,"name2":null,"name3":null,"x_coord":32.15841615,"y_coord":8.93901795,"adm4_name":null,"adm4_name1":null,"adm4_name2":null,"adm4_name3":null,"adm4_pcode":null,"adm3_name":"Abwong","adm3_name1":null,"adm3_name2":null,"adm3_name3":null,"adm3_pcode":"SS070101","adm2_name":"Baliet","adm2_name1":null,"adm2_name2":null,"adm2_name3":null,"adm2_pcode":"SS0701","adm1_name":"Upper Nile","adm1_name1":null,"adm1_name2":null,"adm1_name3":null,"adm1_pcode":"SS07","adm0_name":"South Sudan","adm0_name1":null,"adm0_name2":null,"adm0_name3":null,"adm0_pcode":"SS","valid_on":"2022-12-19","valid_to":null,"version":"v03","lang":"en","lang1":null,"lang2":null,"lang3":null},"geometry":{"type":"Point","coordinates":[32.15841615000005,8.939017948000014]}},
{"type":"Feature","properties":{"admin_level":3,"name":"Adong","name1":null,"name2":null,"name3":null,"x_coord":32.09559786,"y_coord":9.19098254,"adm4_name":null,"adm4_name1":null,"adm4_name2":null,"adm4_name3":null,"adm4_pcode":null,"adm3_name":"Adong","adm3_name1":null,"adm3_name2":null,"adm3_name3":null,"adm3_pcode":"SS070102","adm2_name":"Baliet","adm2_name1":null,"adm2_name2":null,"adm2_name3":null,"adm2_pcode":"SS0701","adm1_name":"Upper Nile","adm1_name1":null,"adm1_name2":null,"adm1_name3":null,"adm1_pcode":"SS07","adm0_name":"South Sudan","adm0_name1":null,"adm0_name2":null,"adm0_name3":null,"adm0_pcode":"SS","valid_on":"2022-12-19","valid_to":null,"version":"v03","lang":"en","lang1":null,"lang2":null,"lang3":null},"geometry":{"type":"Point","coordinates":[32.095597860000055,9.190982538000185]}},
{"type":"Feature","properties":{"admin_level":3,"name":"Akoka","name1":null,"name2":null,"name3":null,"x_coord":32.02030557,"y_coord":9.61380963,"adm4_name":null,"adm4_name1":null,"adm4_name2":null,"adm4_name3":null,"adm4_pcode":null,"adm3_name":"Akoka","adm3_name1":null,"adm3_name2":null,"adm3_name3":null,"adm3_pcode":"SS070103","adm2_name":"Baliet","adm2_name1":null,"adm2_name2":null,"adm2_name3":null,"adm2_pcode":"SS0701","adm1_name":"Upper Nile","adm1_name1":null,"adm1_name2":null,"adm1_name3":null,"adm1_pcode":"SS07","adm0_name":"South Sudan","adm0_name1":null,"adm0_name2":null,"adm0_name3":null,"adm0_pcode":"SS","valid_on":"2022-12-19","valid_to":null,"version":"v03","lang":"en","lang1":null,"lang2":null,"lang3":null},"geometry":{"type":"Point","coordinates":[32.02030557,9.613809630000048]}},
{"type":"Feature","properties":{"admin_level":3,"name":"Akotweng","name1":null,"name2":null,"name3":null,"x_coord":32.6216991,"y_coord":9.59721997,"adm4_name":null,"adm4_name1":null,"adm4_name2":null,"adm4_name3":null,"adm4_pcode":null,"adm3_name":"Akotweng","adm3_name1":null,"adm3_name2":null,"adm3_name3":null,"adm3_pcode":"SS070104","adm2_name":"Baliet","adm2_name1":null,"adm2_name2":null,"adm2_name3":null,"adm2_pcode":"SS0701","adm1_name":"Upper Nile","adm1_name1":null,"adm1_name2":null,"adm1_name3":null,"adm1_pcode":"SS07","adm0_name":"South Sudan","adm0_name1":null,"adm0_name2":null,"adm0_name3":null,"adm0_pcode":"SS","valid_on":"2022-12-19","valid_to":null,"version":"v03","lang":"en","lang1":null,"lang2":null,"lang3":null},"geometry":{"type":"Point","coordinates":[32.62169910300014,9.597219965000079]}},
{"type":"Feature","properties":{"admin_level":3,"name":"Gel Achiel","name1":null,"name2":null,"name3":null,"x_coord":32.29948366,"y_coord":9.08230374,"adm4_name":null,"adm4_name1":null,"adm4_name2":null,"adm4_name3":null,"adm4_pcode":null,"adm3_name":"Gel Achiel","adm3_name1":null,"adm3_name2":null,"adm3_name3":null,"adm3_pcode":"SS070105","adm2_name":"Baliet","adm2_name1":null,"adm2_name2":null,"adm2_name3":null,"adm2_pcode":"SS0701","adm1_name":"Upper Nile","adm1_name1":null,"adm1_name2":null,"adm1_name3":null,"adm1_pcode":"SS07","adm0_name":"South Sudan","adm0_name1":null,"adm0_name2":null,"adm0_name3":null,"adm0_pcode":"SS","valid_on":"2022-12-19","valid_to":null,"version":"v03","lang":"en","lang1":null,"lang2":null,"lang3":null},"geometry":{"type":"Point","coordinates":[32.299483657000053,9.082303740000157]}},
{"type":"Feature","properties":{"admin_level":3,"name":"Nyongkuach","name1":null,"name2":null,"name3":null,"x_coord":32.08447749,"y_coord":9.27489559,"adm4_name":null,"adm4_name1":null,"adm4_name2":null,"adm4_name3":null,"adm4_pcode":null,"adm3_name":"Nyongkuach","adm3_name1":null,"adm3_name2":null,"adm3_name3":null,"adm3_pcode":"SS070106","adm2_name":"Baliet","adm2_name1":null,"adm2_name2":null,"adm2_name3":null,"adm2_pcode":"SS0701","adm1_name":"Upper Nile","adm1_name1":null,"adm1_name2":null,"adm1_name3":null,"adm1_pcode":"SS07","adm0_name":"South Sudan","adm0_name1":null,"adm0_name2":null,"adm0_name3":null,"adm0_pcode":"SS","valid_on":"2022-12-19","valid_to":null,"version":"v03","lang":"en","lang1":null,"lang2":null,"lang3":null},"geometry":{"type":"Point","coordinates":[32.084477490000097,9.274895585000024]}},
{"type":"Feature","properties":{"admin_level":3,"name":"Nyongrial","name1":null,"name2":null,"name3":null,"x_coord":31.8153569,"y_coord":9.46847979,"adm4_name":null,"adm4_name1":null,"adm4_name2":null,"adm4_name3":null,"adm4_pcode":null,"adm3_name":"Nyongrial","adm3_name1":null,"adm3_name2":null,"adm3_name3":null,"adm3_pcode":"SS070107","adm2_name":"Baliet","adm2_name1":null,"adm2_name2":null,"adm2_name3":null,"adm2_pcode":"SS0701","adm1_name":"Upper Nile","adm1_name1":null,"adm1_name2":null,"adm1_name3":null,"adm1_pcode":"SS07","adm0_name":"South Sudan","adm0_name1":null,"adm0_name2":null,"adm0_name3":null,"adm0_pcode":"SS","valid_on":"2022-12-19","valid_to":null,"version":"v03","lang":"en","lang1":null,"lang2":null,"lang3":null},"geometry":{"type":"Point","coordinates":[31.815356905000044,9.468479790000117]}},
{"type":"Feature","properties":{"admin_level":3,"name":"Rom","name1":null,"name2":null,"name3":null,"x_coord":32.17025665,"y_coord":9.82876113,"adm4_name":null,"adm4_name1":null,"adm4_name2":null,"adm4_name3":null,"adm4_pcode":null,"adm3_name":"Rom","adm3_name1":null,"adm3_name2":null,"adm3_name3":null,"adm3_pcode":"SS070108","adm2_name":"Baliet","adm2_name1":null,"adm2_name2":null,"adm2_name3":null,"adm2_pcode":"SS0701","adm1_name":"Upper Nile","adm1_name1":null,"adm1_name2":null,"adm1_name3":null,"adm1_pcode":"SS07","adm0_name":"South Sudan","adm0_name1":null,"adm0_name2":null,"adm0_name3":null,"adm0_pcode":"SS","valid_on":"2022-12-19","valid_to":null,"version":"v03","lang":"en","lang1":null,"lang2":null,"lang3":null},"geometry":{"type":"Point","coordinates":[32.170256652999967,9.828761129999975]}},
{"type":"Feature","properties":{"admin_level":3,"name":"Wunthow","name1":null,"name2":null,"name3":null,"x_coord":32.12874592,"y_coord":9.76503879,"adm4_name":null,"adm4_name1":null,"adm4_name2":null,"adm4_name3":null,"adm4_pcode":null,"adm3_name":"Wunthow","adm3_name1":null,"adm3_name2":null,"adm3_name3":null,"adm3_pcode":"SS070109","adm2_name":"Baliet","adm2_name1":null,"adm2_name2":null,"adm2_name3":null,"adm2_pcode":"SS0701","adm1_name":"Upper Nile","adm1_name1":null,"adm1_name2":null,"adm1_name3":null,"adm1_pcode":"SS07","adm0_name":"South Sudan","adm0_name1":null,"adm0_name2":null,"adm0_name3":null,"adm0_pcode":"SS","valid_on":"2022-12-19","valid_to":null,"version":"v03","lang":"en","lang1":null,"lang2":null,"lang3":null},"geometry":{"type":"Point","coordinates":[32.128745915000138,9.765038790000176]}},
{"type":"Feature","properties":{"admin_level":3,"name":"Dethok","name1":null,"name2":null,"name3":null,"x_coord":32.18594193,"y_coord":10.06807015,"adm4_name":null,"adm4_name1":null,"adm4_name2":null,"adm4_name3":null,"adm4_pcode":null,"adm3_name":"Dethok","adm3_name1":null,"adm3_name2":null,"adm3_name3":null,"adm3_pcode":"SS070201","adm2_name":"Fashoda","adm2_name1":null,"adm2_name2":null,"adm2_name3":null,"adm2_pcode":"SS0702","adm1_name":"Upper Nile","adm1_name1":null,"adm1_name2":null,"adm1_name3":null,"adm1_pcode":"SS07","adm0_name":"South Sudan","adm0_name1":null,"adm0_name2":null,"adm0_name3":null,"adm0_pcode":"SS","valid_on":"2022-12-19","valid_to":null,"version":"v03","lang":"en","lang1":null,"lang2":null,"lang3":null},"geometry":{"type":"Point","coordinates":[32.185941932000048,10.068070148000174]}},
{"type":"Feature","properties":{"admin_level":3,"name":"Kodok","name1":null,"name2":null,"name3":null,"x_coord":31.9464014,"y_coord":10.05334421,"adm4_name":null,"adm4_name1":null,"adm4_name2":null,"adm4_name3":null,"adm4_pcode":null,"adm3_name":"Kodok","adm3_name1":null,"adm3_name2":null,"adm3_name3":null,"adm3_pcode":"SS070202","adm2_name":"Fashoda","adm2_name1":null,"adm2_name2":null,"adm2_name3":null,"adm2_pcode":"SS0702","adm1_name":"Upper Nile","adm1_name1":null,"adm1_name2":null,"adm1_name3":null,"adm1_pcode":"SS07","adm0_name":"South Sudan","adm0_name1":null,"adm0_name2":null,"adm0_name3":null,"adm0_pcode":"SS","valid_on":"2022-12-19","valid_to":null,"version":"v03","lang":"en","lang1":null,"lang2":null,"lang3":null},"geometry":{"type":"Point","coordinates":[31.946401401000173,10.05334420500003]}},
{"type":"Feature","properties":{"admin_level":3,"name":"Kodok Town","name1":null,"name2":null,"name3":null,"x_coord":32.1054976,"y_coord":9.88247062,"adm4_name":null,"adm4_name1":null,"adm4_name2":null,"adm4_name3":null,"adm4_pcode":null,"adm3_name":"Kodok Town","adm3_name1":null,"adm3_name2":null,"adm3_name3":null,"adm3_pcode":"SS070203","adm2_name":"Fashoda","adm2_name1":null,"adm2_name2":null,"adm2_name3":null,"adm2_pcode":"SS0702","adm1_name":"Upper Nile","adm1_name1":null,"adm1_name2":null,"adm1_name3":null,"adm1_pcode":"SS07","adm0_name":"South Sudan","adm0_name1":null,"adm0_name2":null,"adm0_name3":null,"adm0_pcode":"SS","valid_on":"2022-12-19","valid_to":null,"version":"v03","lang":"en","lang1":null,"lang2":null,"lang3":null},"geometry":{"type":"Point","coordinates":[32.105497601000025,9.88247062]}},
{"type":"Feature","properties":{"admin_level":3,"name":"Lul","name1":null,"name2":null,"name3":null,"x_coord":31.66928096,"y_coord":9.92234885,"adm4_name":null,"adm4_name1":null,"adm4_name2":null,"adm4_name3":null,"adm4_pcode":null,"adm3_name":"Lul","adm3_name1":null,"adm3_name2":null,"adm3_name3":null,"adm3_pcode":"SS070204","adm2_name":"Fashoda","adm2_name1":null,"adm2_name2":null,"adm2_name3":null,"adm2_pcode":"SS0702","adm1_name":"Upper Nile","adm1_name1":null,"adm1_name2":null,"adm1_name3":null,"adm1_pcode":"SS07","adm0_name":"South Sudan","adm0_name1":null,"adm0_name2":null,"adm0_name3":null,"adm0_pcode":"SS","valid_on":"2022-12-19","valid_to":null,"version":"v03","lang":"en","lang1":null,"lang2":null,"lang3":null},"geometry":{"type":"Point","coordinates":[31.669280962000073,9.922348849000059]}},
{"type":"Feature","properties":{"admin_level":3,"name":"Dajo","name1":null,"name2":null,"name3":null,"x_coord":33.97504323,"y_coord":9.20505748,"adm4_name":null,"adm4_name1":null,"adm4_name2":null,"adm4_name3":null,"adm4_pcode":null,"adm3_name":"Dajo","adm3_name1":null,"adm3_name2":null,"adm3_name3":null,"adm3_pcode":"SS070301","adm2_name":"Longochuk","adm2_name1":null,"adm2_name2":null,"adm2_name3":null,"adm2_pcode":"SS0703","adm1_name":"Upper Nile","adm1_name1":null,"adm1_name2":null,"adm1_name3":null,"adm1_pcode":"SS07","adm0_name":"South Sudan","adm0_name1":null,"adm0_name2":null,"adm0_name3":null,"adm0_pcode":"SS","valid_on":"2022-12-19","valid_to":null,"version":"v03","lang":"en","lang1":null,"lang2":null,"lang3":null},"geometry":{"type":"Point","coordinates":[33.975043228000061,9.205057478000185]}},
{"type":"Feature","properties":{"admin_level":3,"name":"Guelguk","name1":null,"name2":null,"name3":null,"x_coord":33.33416771,"y_coord":9.31763736,"adm4_name":null,"adm4_name1":null,"adm4_name2":null,"adm4_name3":null,"adm4_pcode":null,"adm3_name":"Guelguk","adm3_name1":null,"adm3_name2":null,"adm3_name3":null,"adm3_pcode":"SS070302","adm2_name":"Longochuk","adm2_name1":null,"adm2_name2":null,"adm2_name3":null,"adm2_pcode":"SS0703","adm1_name":"Upper Nile","adm1_name1":null,"adm1_name2":null,"adm1_name3":null,"adm1_pcode":"SS07","adm0_name":"South Sudan","adm0_name1":null,"adm0_name2":null,"adm0_name3":null,"adm0_pcode":"SS","valid_on":"2022-12-19","valid_to":null,"version":"v03","lang":"en","lang1":null,"lang2":null,"lang3":null},"geometry":{"type":"Point","coordinates":[33.334167710000145,9.317637360000049]}},
{"type":"Feature","properties":{"admin_level":3,"name":"Longochuk","name1":null,"name2":null,"name3":null,"x_coord":33.42424543,"y_coord":8.96183294,"adm4_name":null,"adm4_name1":null,"adm4_name2":null,"adm4_name3":null,"adm4_pcode":null,"adm3_name":"Longochuk","adm3_name1":null,"adm3_name2":null,"adm3_name3":null,"adm3_pcode":"SS070303","adm2_name":"Longochuk","adm2_name1":null,"adm2_name2":null,"adm2_name3":null,"adm2_pcode":"SS0703","adm1_name":"Upper Nile","adm1_name1":null,"adm1_name2":null,"adm1_name3":null,"adm1_pcode":"SS07","adm0_name":"South Sudan","adm0_name1":null,"adm0_name2":null,"adm0_name3":null,"adm0_pcode":"SS","valid_on":"2022-12-19","valid_to":null,"version":"v03","lang":"en","lang1":null,"lang2":null,"lang3":null},"geometry":{"type":"Point","coordinates":[33.424245433000067,8.96183294500014]}},
{"type":"Feature","properties":{"admin_level":3,"name":"Malual","name1":null,"name2":null,"name3":null,"x_coord":33.51052909,"y_coord":8.96061897,"adm4_name":null,"adm4_name1":null,"adm4_name2":null,"adm4_name3":null,"adm4_pcode":null,"adm3_name":"Malual","adm3_name1":null,"adm3_name2":null,"adm3_name3":null,"adm3_pcode":"SS070304","adm2_name":"Longochuk","adm2_name1":null,"adm2_name2":null,"adm2_name3":null,"adm2_pcode":"SS0703","adm1_name":"Upper Nile","adm1_name1":null,"adm1_name2":null,"adm1_name3":null,"adm1_pcode":"SS07","adm0_name":"South Sudan","adm0_name1":null,"adm0_name2":null,"adm0_name3":null,"adm0_pcode":"SS","valid_on":"2022-12-19","valid_to":null,"version":"v03","lang":"en","lang1":null,"lang2":null,"lang3":null},"geometry":{"type":"Point","coordinates":[33.510529093000059,8.960618970000098]}},
{"type":"Feature","properties":{"admin_level":3,"name":"Pamach","name1":null,"name2":null,"name3":null,"x_coord":33.66914342,"y_coord":9.0243743,"adm4_name":null,"adm4_name1":null,"adm4_name2":null,"adm4_name3":null,"adm4_pcode":null,"adm3_name":"Pamach","adm3_name1":null,"adm3_name2":null,"adm3_name3":null,"adm3_pcode":"SS070305","adm2_name":"Longochuk","adm2_name1":null,"adm2_name2":null,"adm2_name3":null,"adm2_pcode":"SS0703","adm1_name":"Upper Nile","adm1_name1":null,"adm1_name2":null,"adm1_name3":null,"adm1_pcode":"SS07","adm0_name":"South Sudan","adm0_name1":null,"adm0_name2":null,"adm0_name3":null,"adm0_pcode":"SS","valid_on":"2022-12-19","valid_to":null,"version":"v03","lang":"en","lang1":null,"lang2":null,"lang3":null},"geometry":{"type":"Point","coordinates":[33.669143421000115,9.024374295000086]}},
{"type":"Feature","properties":{"admin_level":3,"name":"Wudier","name1":null,"name2":null,"name3":null,"x_coord":33.71636242,"y_coord":9.30552528,"adm4_name":null,"adm4_name1":null,"adm4_name2":null,"adm4_name3":null,"adm4_pcode":null,"adm3_name":"Wudier","adm3_name1":null,"adm3_name2":null,"adm3_name3":null,"adm3_pcode":"SS070306","adm2_name":"Longochuk","adm2_name1":null,"adm2_name2":null,"adm2_name3":null,"adm2_pcode":"SS0703","adm1_name":"Upper Nile","adm1_name1":null,"adm1_name2":null,"adm1_name3":null,"adm1_pcode":"SS07","adm0_name":"South Sudan","adm0_name1":null,"adm0_name2":null,"adm0_name3":null,"adm0_pcode":"SS","valid_on":"2022-12-19","valid_to":null,"version":"v03","lang":"en","lang1":null,"lang2":null,"lang3":null},"geometry":{"type":"Point","coordinates":[33.716362416000038,9.305525282000076]}},
{"type":"Feature","properties":{"admin_level":3,"name":"Dingkar","name1":null,"name2":null,"name3":null,"x_coord":32.98814795,"y_coord":8.7469367,"adm4_name":null,"adm4_name1":null,"adm4_name2":null,"adm4_name3":null,"adm4_pcode":null,"adm3_name":"Dingkar","adm3_name1":null,"adm3_name2":null,"adm3_name3":null,"adm3_pcode":"SS070401","adm2_name":"Luakpiny/Nasir","adm2_name1":null,"adm2_name2":null,"adm2_name3":null,"adm2_pcode":"SS0704","adm1_name":"Upper Nile","adm1_name1":null,"adm1_name2":null,"adm1_name3":null,"adm1_pcode":"SS07","adm0_name":"South Sudan","adm0_name1":null,"adm0_name2":null,"adm0_name3":null,"adm0_pcode":"SS","valid_on":"2022-12-19","valid_to":null,"version":"v03","lang":"en","lang1":null,"lang2":null,"lang3":null},"geometry":{"type":"Point","coordinates":[32.988147945000151,8.746936695000159]}},
{"type":"Feature","properties":{"admin_level":3,"name":"Jikmir","name1":null,"name2":null,"name3":null,"x_coord":33.2778406,"y_coord":8.58174557,"adm4_name":null,"adm4_name1":null,"adm4_name2":null,"adm4_name3":null,"adm4_pcode":null,"adm3_name":"Jikmir","adm3_name1":null,"adm3_name2":null,"adm3_name3":null,"adm3_pcode":"SS070402","adm2_name":"Luakpiny/Nasir","adm2_name1":null,"adm2_name2":null,"adm2_name3":null,"adm2_pcode":"SS0704","adm1_name":"Upper Nile","adm1_name1":null,"adm1_name2":null,"adm1_name3":null,"adm1_pcode":"SS07","adm0_name":"South Sudan","adm0_name1":null,"adm0_name2":null,"adm0_name3":null,"adm0_pcode":"SS","valid_on":"2022-12-19","valid_to":null,"version":"v03","lang":"en","lang1":null,"lang2":null,"lang3":null},"geometry":{"type":"Point","coordinates":[33.277840597000193,8.581745565000176]}},
{"type":"Feature","properties":{"admin_level":3,"name":"Kiech Kuon","name1":null,"name2":null,"name3":null,"x_coord":32.94049437,"y_coord":8.96735898,"adm4_name":null,"adm4_name1":null,"adm4_name2":null,"adm4_name3":null,"adm4_pcode":null,"adm3_name":"Kiech Kuon","adm3_name1":null,"adm3_name2":null,"adm3_name3":null,"adm3_pcode":"SS070403","adm2_name":"Luakpiny/Nasir","adm2_name1":null,"adm2_name2":null,"adm2_name3":null,"adm2_pcode":"SS0704","adm1_name":"Upper Nile","adm1_name1":null,"adm1_name2":null,"adm1_name3":null,"adm1_pcode":"SS07","adm0_name":"South Sudan","adm0_name1":null,"adm0_name2":null,"adm0_name3":null,"adm0_pcode":"SS","valid_on":"2022-12-19","valid_to":null,"version":"v03","lang":"en","lang1":null,"lang2":null,"lang3":null},"geometry":{"type":"Point","coordinates":[32.940494370000181,8.967358980000029]}},
{"type":"Feature","properties":{"admin_level":3,"name":"Kuerenge-Ke","name1":null,"name2":null,"name3":null,"x_coord":33.08548824,"y_coord":8.51265468,"adm4_name":null,"adm4_name1":null,"adm4_name2":null,"adm4_name3":null,"adm4_pcode":null,"adm3_name":"Kuerenge-Ke","adm3_name1":null,"adm3_name2":null,"adm3_name3":null,"adm3_pcode":"SS070404","adm2_name":"Luakpiny/Nasir","adm2_name1":null,"adm2_name2":null,"adm2_name3":null,"adm2_pcode":"SS0704","adm1_name":"Upper Nile","adm1_name1":null,"adm1_name2":null,"adm1_name3":null,"adm1_pcode":"SS07","adm0_name":"South Sudan","adm0_name1":null,"adm0_name2":null,"adm0_name3":null,"adm0_pcode":"SS","valid_on":"2022-12-19","valid_to":null,"version":"v03","lang":"en","lang1":null,"lang2":null,"lang3":null},"geometry":{"type":"Point","coordinates":[33.085488242000054,8.512654680000139]}},
{"type":"Feature","properties":{"admin_level":3,"name":"Mading","name1":null,"name2":null,"name3":null,"x_coord":33.29021387,"y_coord":8.88173583,"adm4_name":null,"adm4_name1":null,"adm4_name2":null,"adm4_name3":null,"adm4_pcode":null,"adm3_name":"Mading","adm3_name1":null,"adm3_name2":null,"adm3_name3":null,"adm3_pcode":"SS070405","adm2_name":"Luakpiny/Nasir","adm2_name1":null,"adm2_name2":null,"adm2_name3":null,"adm2_pcode":"SS0704","adm1_name":"Upper Nile","adm1_name1":null,"adm1_name2":null,"adm1_name3":null,"adm1_pcode":"SS07","adm0_name":"South Sudan","adm0_name1":null,"adm0_name2":null,"adm0_name3":null,"adm0_pcode":"SS","valid_on":"2022-12-19","valid_to":null,"version":"v03","lang":"en","lang1":null,"lang2":null,"lang3":null},"geometry":{"type":"Point","coordinates":[33.290213868000137,8.881735829000093]}},
{"type":"Feature","properties":{"admin_level":3,"name":"Maker","name1":null,"name2":null,"name3":null,"x_coord":33.463584,"y_coord":8.65642619,"adm4_name":null,"adm4_name1":null,"adm4_name2":null,"adm4_name3":null,"adm4_pcode":null,"adm3_name":"Maker","adm3_name1":null,"adm3_name2":null,"adm3_name3":null,"adm3_pcode":"SS070406","adm2_name":"Luakpiny/Nasir","adm2_name1":null,"adm2_name2":null,"adm2_name3":null,"adm2_pcode":"SS0704","adm1_name":"Upper Nile","adm1_name1":null,"adm1_name2":null,"adm1_name3":null,"adm1_pcode":"SS07","adm0_name":"South Sudan","adm0_name1":null,"adm0_name2":null,"adm0_name3":null,"adm0_pcode":"SS","valid_on":"2022-12-19","valid_to":null,"version":"v03","lang":"en","lang1":null,"lang2":null,"lang3":null},"geometry":{"type":"Point","coordinates":[33.46358399900015,8.656426193000016]}},
{"type":"Feature","properties":{"admin_level":3,"name":"Nasir","name1":null,"name2":null,"name3":null,"x_coord":33.01950036,"y_coord":8.63022659,"adm4_name":null,"adm4_name1":null,"adm4_name2":null,"adm4_name3":null,"adm4_pcode":null,"adm3_name":"Nasir","adm3_name1":null,"adm3_name2":null,"adm3_name3":null,"adm3_pcode":"SS070407","adm2_name":"Luakpiny/Nasir","adm2_name1":null,"adm2_name2":null,"adm2_name3":null,"adm2_pcode":"SS0704","adm1_name":"Upper Nile","adm1_name1":null,"adm1_name2":null,"adm1_name3":null,"adm1_pcode":"SS07","adm0_name":"South Sudan","adm0_name1":null,"adm0_name2":null,"adm0_name3":null,"adm0_pcode":"SS","valid_on":"2022-12-19","valid_to":null,"version":"v03","lang":"en","lang1":null,"lang2":null,"lang3":null},"geometry":{"type":"Point","coordinates":[33.019500360000166,8.630226585000116]}},
{"type":"Feature","properties":{"admin_level":3,"name":"Roam","name1":null,"name2":null,"name3":null,"x_coord":33.08750031,"y_coord":8.92055867,"adm4_name":null,"adm4_name1":null,"adm4_name2":null,"adm4_name3":null,"adm4_pcode":null,"adm3_name":"Roam","adm3_name1":null,"adm3_name2":null,"adm3_name3":null,"adm3_pcode":"SS070408","adm2_name":"Luakpiny/Nasir","adm2_name1":null,"adm2_name2":null,"adm2_name3":null,"adm2_pcode":"SS0704","adm1_name":"Upper Nile","adm1_name1":null,"adm1_name2":null,"adm1_name3":null,"adm1_pcode":"SS07","adm0_name":"South Sudan","adm0_name1":null,"adm0_name2":null,"adm0_name3":null,"adm0_pcode":"SS","valid_on":"2022-12-19","valid_to":null,"version":"v03","lang":"en","lang1":null,"lang2":null,"lang3":null},"geometry":{"type":"Point","coordinates":[33.087500306000095,8.920558665000101]}},
{"type":"Feature","properties":{"admin_level":3,"name":"Banashowa","name1":null,"name2":null,"name3":null,"x_coord":33.49929347,"y_coord":9.74622559,"adm4_name":null,"adm4_name1":null,"adm4_name2":null,"adm4_name3":null,"adm4_pcode":null,"adm3_name":"Banashowa","adm3_name1":null,"adm3_name2":null,"adm3_name3":null,"adm3_pcode":"SS070501","adm2_name":"Maban","adm2_name1":null,"adm2_name2":null,"adm2_name3":null,"adm2_pcode":"SS0705","adm1_name":"Upper Nile","adm1_name1":null,"adm1_name2":null,"adm1_name3":null,"adm1_pcode":"SS07","adm0_name":"South Sudan","adm0_name1":null,"adm0_name2":null,"adm0_name3":null,"adm0_pcode":"SS","valid_on":"2022-12-19","valid_to":null,"version":"v03","lang":"en","lang1":null,"lang2":null,"lang3":null},"geometry":{"type":"Point","coordinates":[33.49929346600004,9.746225591000098]}},
{"type":"Feature","properties":{"admin_level":3,"name":"Boung","name1":null,"name2":null,"name3":null,"x_coord":33.79433352,"y_coord":9.71492958,"adm4_name":null,"adm4_name1":null,"adm4_name2":null,"adm4_name3":null,"adm4_pcode":null,"adm3_name":"Boung","adm3_name1":null,"adm3_name2":null,"adm3_name3":null,"adm3_pcode":"SS070502","adm2_name":"Maban","adm2_name1":null,"adm2_name2":null,"adm2_name3":null,"adm2_pcode":"SS0705","adm1_name":"Upper Nile","adm1_name1":null,"adm1_name2":null,"adm1_name3":null,"adm1_pcode":"SS07","adm0_name":"South Sudan","adm0_name1":null,"adm0_name2":null,"adm0_name3":null,"adm0_pcode":"SS","valid_on":"2022-12-19","valid_to":null,"version":"v03","lang":"en","lang1":null,"lang2":null,"lang3":null},"geometry":{"type":"Point","coordinates":[33.794333522000045,9.714929581000035]}},
{"type":"Feature","properties":{"admin_level":3,"name":"Jinkuata","name1":null,"name2":null,"name3":null,"x_coord":33.55533884,"y_coord":10.00812384,"adm4_name":null,"adm4_name1":null,"adm4_name2":null,"adm4_name3":null,"adm4_pcode":null,"adm3_name":"Jinkuata","adm3_name1":null,"adm3_name2":null,"adm3_name3":null,"adm3_pcode":"SS070503","adm2_name":"Maban","adm2_name1":null,"adm2_name2":null,"adm2_name3":null,"adm2_pcode":"SS0705","adm1_name":"Upper Nile","adm1_name1":null,"adm1_name2":null,"adm1_name3":null,"adm1_pcode":"SS07","adm0_name":"South Sudan","adm0_name1":null,"adm0_name2":null,"adm0_name3":null,"adm0_pcode":"SS","valid_on":"2022-12-19","valid_to":null,"version":"v03","lang":"en","lang1":null,"lang2":null,"lang3":null},"geometry":{"type":"Point","coordinates":[33.55533884099998,10.00812384000011]}},
{"type":"Feature","properties":{"admin_level":3,"name":"Jinmakda","name1":null,"name2":null,"name3":null,"x_coord":33.24107985,"y_coord":10.22505795,"adm4_name":null,"adm4_name1":null,"adm4_name2":null,"adm4_name3":null,"adm4_pcode":null,"adm3_name":"Jinmakda","adm3_name1":null,"adm3_name2":null,"adm3_name3":null,"adm3_pcode":"SS070504","adm2_name":"Maban","adm2_name1":null,"adm2_name2":null,"adm2_name3":null,"adm2_pcode":"SS0705","adm1_name":"Upper Nile","adm1_name1":null,"adm1_name2":null,"adm1_name3":null,"adm1_pcode":"SS07","adm0_name":"South Sudan","adm0_name1":null,"adm0_name2":null,"adm0_name3":null,"adm0_pcode":"SS","valid_on":"2022-12-19","valid_to":null,"version":"v03","lang":"en","lang1":null,"lang2":null,"lang3":null},"geometry":{"type":"Point","coordinates":[33.241079855000066,10.225057951000053]}},
{"type":"Feature","properties":{"admin_level":3,"name":"Khor El Amer","name1":null,"name2":null,"name3":null,"x_coord":33.71787671,"y_coord":10.23140255,"adm4_name":null,"adm4_name1":null,"adm4_name2":null,"adm4_name3":null,"adm4_pcode":null,"adm3_name":"Khor El Amer","adm3_name1":null,"adm3_name2":null,"adm3_name3":null,"adm3_pcode":"SS070505","adm2_name":"Maban","adm2_name1":null,"adm2_name2":null,"adm2_name3":null,"adm2_pcode":"SS0705","adm1_name":"Upper Nile","adm1_name1":null,"adm1_name2":null,"adm1_name3":null,"adm1_pcode":"SS07","adm0_name":"South Sudan","adm0_name1":null,"adm0_name2":null,"adm0_name3":null,"adm0_pcode":"SS","valid_on":"2022-12-19","valid_to":null,"version":"v03","lang":"en","lang1":null,"lang2":null,"lang3":null},"geometry":{"type":"Point","coordinates":[33.717876714000113,10.231402548000176]}},
{"type":"Feature","properties":{"admin_level":3,"name":"Jekow","name1":null,"name2":null,"name3":null,"x_coord":33.84855126,"y_coord":8.48819256,"adm4_name":null,"adm4_name1":null,"adm4_name2":null,"adm4_name3":null,"adm4_pcode":null,"adm3_name":"Jekow","adm3_name1":null,"adm3_name2":null,"adm3_name3":null,"adm3_pcode":"SS070601","adm2_name":"Maiwut","adm2_name1":null,"adm2_name2":null,"adm2_name3":null,"adm2_pcode":"SS0706","adm1_name":"Upper Nile","adm1_name1":null,"adm1_name2":null,"adm1_name3":null,"adm1_pcode":"SS07","adm0_name":"South Sudan","adm0_name1":null,"adm0_name2":null,"adm0_name3":null,"adm0_pcode":"SS","valid_on":"2022-12-19","valid_to":null,"version":"v03","lang":"en","lang1":null,"lang2":null,"lang3":null},"geometry":{"type":"Point","coordinates":[33.84855126399998,8.488192559000026]}},
{"type":"Feature","properties":{"admin_level":3,"name":"Jotoma","name1":null,"name2":null,"name3":null,"x_coord":33.85407844,"y_coord":8.67764849,"adm4_name":null,"adm4_name1":null,"adm4_name2":null,"adm4_name3":null,"adm4_pcode":null,"adm3_name":"Jotoma","adm3_name1":null,"adm3_name2":null,"adm3_name3":null,"adm3_pcode":"SS070602","adm2_name":"Maiwut","adm2_name1":null,"adm2_name2":null,"adm2_name3":null,"adm2_pcode":"SS0706","adm1_name":"Upper Nile","adm1_name1":null,"adm1_name2":null,"adm1_name3":null,"adm1_pcode":"SS07","adm0_name":"South Sudan","adm0_name1":null,"adm0_name2":null,"adm0_name3":null,"adm0_pcode":"SS","valid_on":"2022-12-19","valid_to":null,"version":"v03","lang":"en","lang1":null,"lang2":null,"lang3":null},"geometry":{"type":"Point","coordinates":[33.854078441000183,8.67764848500002]}},
{"type":"Feature","properties":{"admin_level":3,"name":"Kigila","name1":null,"name2":null,"name3":null,"x_coord":34.09260213,"y_coord":8.84616764,"adm4_name":null,"adm4_name1":null,"adm4_name2":null,"adm4_name3":null,"adm4_pcode":null,"adm3_name":"Kigila","adm3_name1":null,"adm3_name2":null,"adm3_name3":null,"adm3_pcode":"SS070603","adm2_name":"Maiwut","adm2_name1":null,"adm2_name2":null,"adm2_name3":null,"adm2_pcode":"SS0706","adm1_name":"Upper Nile","adm1_name1":null,"adm1_name2":null,"adm1_name3":null,"adm1_pcode":"SS07","adm0_name":"South Sudan","adm0_name1":null,"adm0_name2":null,"adm0_name3":null,"adm0_pcode":"SS","valid_on":"2022-12-19","valid_to":null,"version":"v03","lang":"en","lang1":null,"lang2":null,"lang3":null},"geometry":{"type":"Point","coordinates":[34.092602129000056,8.846167635000029]}},
{"type":"Feature","properties":{"admin_level":3,"name":"Maiwut","name1":null,"name2":null,"name3":null,"x_coord":33.96117689,"y_coord":8.77736079,"adm4_name":null,"adm4_name1":null,"adm4_name2":null,"adm4_name3":null,"adm4_pcode":null,"adm3_name":"Maiwut","adm3_name1":null,"adm3_name2":null,"adm3_name3":null,"adm3_pcode":"SS070604","adm2_name":"Maiwut","adm2_name1":null,"adm2_name2":null,"adm2_name3":null,"adm2_pcode":"SS0706","adm1_name":"Upper Nile","adm1_name1":null,"adm1_name2":null,"adm1_name3":null,"adm1_pcode":"SS07","adm0_name":"South Sudan","adm0_name1":null,"adm0_name2":null,"adm0_name3":null,"adm0_pcode":"SS","valid_on":"2022-12-19","valid_to":null,"version":"v03","lang":"en","lang1":null,"lang2":null,"lang3":null},"geometry":{"type":"Point","coordinates":[33.961176892000083,8.777360790000102]}},
{"type":"Feature","properties":{"admin_level":3,"name":"Olang","name1":null,"name2":null,"name3":null,"x_coord":33.57984754,"y_coord":8.74639139,"adm4_name":null,"adm4_name1":null,"adm4_name2":null,"adm4_name3":null,"adm4_pcode":null,"adm3_name":"Olang","adm3_name1":null,"adm3_name2":null,"adm3_name3":null,"adm3_pcode":"SS070605","adm2_name":"Maiwut","adm2_name1":null,"adm2_name2":null,"adm2_name3":null,"adm2_pcode":"SS0706","adm1_name":"Upper Nile","adm1_name1":null,"adm1_name2":null,"adm1_name3":null,"adm1_pcode":"SS07","adm0_name":"South Sudan","adm0_name1":null,"adm0_name2":null,"adm0_name3":null,"adm0_pcode":"SS","valid_on":"2022-12-19","valid_to":null,"version":"v03","lang":"en","lang1":null,"lang2":null,"lang3":null},"geometry":{"type":"Point","coordinates":[33.579847545000177,8.746391385000152]}},
{"type":"Feature","properties":{"admin_level":3,"name":"Lelo","name1":null,"name2":null,"name3":null,"x_coord":31.63535098,"y_coord":9.67100385,"adm4_name":null,"adm4_name1":null,"adm4_name2":null,"adm4_name3":null,"adm4_pcode":null,"adm3_name":"Lelo","adm3_name1":null,"adm3_name2":null,"adm3_name3":null,"adm3_pcode":"SS070701","adm2_name":"Malakal","adm2_name1":null,"adm2_name2":null,"adm2_name3":null,"adm2_pcode":"SS0707","adm1_name":"Upper Nile","adm1_name1":null,"adm1_name2":null,"adm1_name3":null,"adm1_pcode":"SS07","adm0_name":"South Sudan","adm0_name1":null,"adm0_name2":null,"adm0_name3":null,"adm0_pcode":"SS","valid_on":"2022-12-19","valid_to":null,"version":"v03","lang":"en","lang1":null,"lang2":null,"lang3":null},"geometry":{"type":"Point","coordinates":[31.635350979000179,9.671003847]}},
{"type":"Feature","properties":{"admin_level":3,"name":"Central Malakal","name1":null,"name2":null,"name3":null,"x_coord":31.65832687,"y_coord":9.51435351,"adm4_name":null,"adm4_name1":null,"adm4_name2":null,"adm4_name3":null,"adm4_pcode":null,"adm3_name":"Central Malakal","adm3_name1":null,"adm3_name2":null,"adm3_name3":null,"adm3_pcode":"SS070702","adm2_name":"Malakal","adm2_name1":null,"adm2_name2":null,"adm2_name3":null,"adm2_pcode":"SS0707","adm1_name":"Upper Nile","adm1_name1":null,"adm1_name2":null,"adm1_name3":null,"adm1_pcode":"SS07","adm0_name":"South Sudan","adm0_name1":null,"adm0_name2":null,"adm0_name3":null,"adm0_pcode":"SS","valid_on":"2022-12-19","valid_to":null,"version":"v03","lang":"en","lang1":null,"lang2":null,"lang3":null},"geometry":{"type":"Point","coordinates":[31.658326874000068,9.514353509999978]}},
{"type":"Feature","properties":{"admin_level":3,"name":"Eastern Malakal","name1":null,"name2":null,"name3":null,"x_coord":31.67409716,"y_coord":9.5231903,"adm4_name":null,"adm4_name1":null,"adm4_name2":null,"adm4_name3":null,"adm4_pcode":null,"adm3_name":"Eastern Malakal","adm3_name1":null,"adm3_name2":null,"adm3_name3":null,"adm3_pcode":"SS070703","adm2_name":"Malakal","adm2_name1":null,"adm2_name2":null,"adm2_name3":null,"adm2_pcode":"SS0707","adm1_name":"Upper Nile","adm1_name1":null,"adm1_name2":null,"adm1_name3":null,"adm1_pcode":"SS07","adm0_name":"South Sudan","adm0_name1":null,"adm0_name2":null,"adm0_name3":null,"adm0_pcode":"SS","valid_on":"2022-12-19","valid_to":null,"version":"v03","lang":"en","lang1":null,"lang2":null,"lang3":null},"geometry":{"type":"Point","coordinates":[31.67409715600013,9.52319029500012]}},
{"type":"Feature","properties":{"admin_level":3,"name":"Northern Malakal","name1":null,"name2":null,"name3":null,"x_coord":31.6633436,"y_coord":9.53907395,"adm4_name":null,"adm4_name1":null,"adm4_name2":null,"adm4_name3":null,"adm4_pcode":null,"adm3_name":"Northern Malakal","adm3_name1":null,"adm3_name2":null,"adm3_name3":null,"adm3_pcode":"SS070704","adm2_name":"Malakal","adm2_name1":null,"adm2_name2":null,"adm2_name3":null,"adm2_pcode":"SS0707","adm1_name":"Upper Nile","adm1_name1":null,"adm1_name2":null,"adm1_name3":null,"adm1_pcode":"SS07","adm0_name":"South Sudan","adm0_name1":null,"adm0_name2":null,"adm0_name3":null,"adm0_pcode":"SS","valid_on":"2022-12-19","valid_to":null,"version":"v03","lang":"en","lang1":null,"lang2":null,"lang3":null},"geometry":{"type":"Point","coordinates":[31.663343598000154,9.539073945000155]}},
{"type":"Feature","properties":{"admin_level":3,"name":"Southern Malakal","name1":null,"name2":null,"name3":null,"x_coord":31.67500508,"y_coord":9.5002875,"adm4_name":null,"adm4_name1":null,"adm4_name2":null,"adm4_name3":null,"adm4_pcode":null,"adm3_name":"Southern Malakal","adm3_name1":null,"adm3_name2":null,"adm3_name3":null,"adm3_pcode":"SS070705","adm2_name":"Malakal","adm2_name1":null,"adm2_name2":null,"adm2_name3":null,"adm2_pcode":"SS0707","adm1_name":"Upper Nile","adm1_name1":null,"adm1_name2":null,"adm1_name3":null,"adm1_pcode":"SS07","adm0_name":"South Sudan","adm0_name1":null,"adm0_name2":null,"adm0_name3":null,"adm0_pcode":"SS","valid_on":"2022-12-19","valid_to":null,"version":"v03","lang":"en","lang1":null,"lang2":null,"lang3":null},"geometry":{"type":"Point","coordinates":[31.675005080000119,9.500287500000013]}},
{"type":"Feature","properties":{"admin_level":3,"name":"Ogot","name1":null,"name2":null,"name3":null,"x_coord":31.76436093,"y_coord":9.64515288,"adm4_name":null,"adm4_name1":null,"adm4_name2":null,"adm4_name3":null,"adm4_pcode":null,"adm3_name":"Ogot","adm3_name1":null,"adm3_name2":null,"adm3_name3":null,"adm3_pcode":"SS070706","adm2_name":"Malakal","adm2_name1":null,"adm2_name2":null,"adm2_name3":null,"adm2_pcode":"SS0707","adm1_name":"Upper Nile","adm1_name1":null,"adm1_name2":null,"adm1_name3":null,"adm1_pcode":"SS07","adm0_name":"South Sudan","adm0_name1":null,"adm0_name2":null,"adm0_name3":null,"adm0_pcode":"SS","valid_on":"2022-12-19","valid_to":null,"version":"v03","lang":"en","lang1":null,"lang2":null,"lang3":null},"geometry":{"type":"Point","coordinates":[31.764360928000087,9.64515287800009]}},
{"type":"Feature","properties":{"admin_level":3,"name":"Adhidwoi","name1":null,"name2":null,"name3":null,"x_coord":32.02636552,"y_coord":10.28641416,"adm4_name":null,"adm4_name1":null,"adm4_name2":null,"adm4_name3":null,"adm4_pcode":null,"adm3_name":"Adhidwoi","adm3_name1":null,"adm3_name2":null,"adm3_name3":null,"adm3_pcode":"SS070801","adm2_name":"Manyo","adm2_name1":null,"adm2_name2":null,"adm2_name3":null,"adm2_pcode":"SS0708","adm1_name":"Upper Nile","adm1_name1":null,"adm1_name2":null,"adm1_name3":null,"adm1_pcode":"SS07","adm0_name":"South Sudan","adm0_name1":null,"adm0_name2":null,"adm0_name3":null,"adm0_pcode":"SS","valid_on":"2022-12-19","valid_to":null,"version":"v03","lang":"en","lang1":null,"lang2":null,"lang3":null},"geometry":{"type":"Point","coordinates":[32.026365518000148,10.286414156000149]}},
{"type":"Feature","properties":{"admin_level":3,"name":"Kaka","name1":null,"name2":null,"name3":null,"x_coord":32.23747743,"y_coord":10.74046415,"adm4_name":null,"adm4_name1":null,"adm4_name2":null,"adm4_name3":null,"adm4_pcode":null,"adm3_name":"Kaka","adm3_name1":null,"adm3_name2":null,"adm3_name3":null,"adm3_pcode":"SS070802","adm2_name":"Manyo","adm2_name1":null,"adm2_name2":null,"adm2_name3":null,"adm2_pcode":"SS0708","adm1_name":"Upper Nile","adm1_name1":null,"adm1_name2":null,"adm1_name3":null,"adm1_pcode":"SS07","adm0_name":"South Sudan","adm0_name1":null,"adm0_name2":null,"adm0_name3":null,"adm0_pcode":"SS","valid_on":"2022-12-19","valid_to":null,"version":"v03","lang":"en","lang1":null,"lang2":null,"lang3":null},"geometry":{"type":"Point","coordinates":[32.237477432000162,10.740464150000037]}},
{"type":"Feature","properties":{"admin_level":3,"name":"Magenist","name1":null,"name2":null,"name3":null,"x_coord":32.41771732,"y_coord":11.49598986,"adm4_name":null,"adm4_name1":null,"adm4_name2":null,"adm4_name3":null,"adm4_pcode":null,"adm3_name":"Magenist","adm3_name1":null,"adm3_name2":null,"adm3_name3":null,"adm3_pcode":"SS070803","adm2_name":"Manyo","adm2_name1":null,"adm2_name2":null,"adm2_name3":null,"adm2_pcode":"SS0708","adm1_name":"Upper Nile","adm1_name1":null,"adm1_name2":null,"adm1_name3":null,"adm1_pcode":"SS07","adm0_name":"South Sudan","adm0_name1":null,"adm0_name2":null,"adm0_name3":null,"adm0_pcode":"SS","valid_on":"2022-12-19","valid_to":null,"version":"v03","lang":"en","lang1":null,"lang2":null,"lang3":null},"geometry":{"type":"Point","coordinates":[32.417717322000044,11.495989864000023]}},
{"type":"Feature","properties":{"admin_level":3,"name":"Wedakona","name1":null,"name2":null,"name3":null,"x_coord":32.56782476,"y_coord":11.45433367,"adm4_name":null,"adm4_name1":null,"adm4_name2":null,"adm4_name3":null,"adm4_pcode":null,"adm3_name":"Wedakona","adm3_name1":null,"adm3_name2":null,"adm3_name3":null,"adm3_pcode":"SS070804","adm2_name":"Manyo","adm2_name1":null,"adm2_name2":null,"adm2_name3":null,"adm2_pcode":"SS0708","adm1_name":"Upper Nile","adm1_name1":null,"adm1_name2":null,"adm1_name3":null,"adm1_pcode":"SS07","adm0_name":"South Sudan","adm0_name1":null,"adm0_name2":null,"adm0_name3":null,"adm0_pcode":"SS","valid_on":"2022-12-19","valid_to":null,"version":"v03","lang":"en","lang1":null,"lang2":null,"lang3":null},"geometry":{"type":"Point","coordinates":[32.567824758000086,11.454333666000025]}},
{"type":"Feature","properties":{"admin_level":3,"name":"Bimachuk","name1":null,"name2":null,"name3":null,"x_coord":32.43495586,"y_coord":10.67448992,"adm4_name":null,"adm4_name1":null,"adm4_name2":null,"adm4_name3":null,"adm4_pcode":null,"adm3_name":"Bimachuk","adm3_name1":null,"adm3_name2":null,"adm3_name3":null,"adm3_pcode":"SS070901","adm2_name":"Melut","adm2_name1":null,"adm2_name2":null,"adm2_name3":null,"adm2_pcode":"SS0709","adm1_name":"Upper Nile","adm1_name1":null,"adm1_name2":null,"adm1_name3":null,"adm1_pcode":"SS07","adm0_name":"South Sudan","adm0_name1":null,"adm0_name2":null,"adm0_name3":null,"adm0_pcode":"SS","valid_on":"2022-12-19","valid_to":null,"version":"v03","lang":"en","lang1":null,"lang2":null,"lang3":null},"geometry":{"type":"Point","coordinates":[32.434955860000173,10.674489915000152]}},
{"type":"Feature","properties":{"admin_level":3,"name":"Galdora","name1":null,"name2":null,"name3":null,"x_coord":32.4633494,"y_coord":10.14713307,"adm4_name":null,"adm4_name1":null,"adm4_name2":null,"adm4_name3":null,"adm4_pcode":null,"adm3_name":"Galdora","adm3_name1":null,"adm3_name2":null,"adm3_name3":null,"adm3_pcode":"SS070902","adm2_name":"Melut","adm2_name1":null,"adm2_name2":null,"adm2_name3":null,"adm2_pcode":"SS0709","adm1_name":"Upper Nile","adm1_name1":null,"adm1_name2":null,"adm1_name3":null,"adm1_pcode":"SS07","adm0_name":"South Sudan","adm0_name1":null,"adm0_name2":null,"adm0_name3":null,"adm0_pcode":"SS","valid_on":"2022-12-19","valid_to":null,"version":"v03","lang":"en","lang1":null,"lang2":null,"lang3":null},"geometry":{"type":"Point","coordinates":[32.46334940100013,10.147133070000052]}},
{"type":"Feature","properties":{"admin_level":3,"name":"Melut","name1":null,"name2":null,"name3":null,"x_coord":32.20767982,"y_coord":10.6097162,"adm4_name":null,"adm4_name1":null,"adm4_name2":null,"adm4_name3":null,"adm4_pcode":null,"adm3_name":"Melut","adm3_name1":null,"adm3_name2":null,"adm3_name3":null,"adm3_pcode":"SS070903","adm2_name":"Melut","adm2_name1":null,"adm2_name2":null,"adm2_name3":null,"adm2_pcode":"SS0709","adm1_name":"Upper Nile","adm1_name1":null,"adm1_name2":null,"adm1_name3":null,"adm1_pcode":"SS07","adm0_name":"South Sudan","adm0_name1":null,"adm0_name2":null,"adm0_name3":null,"adm0_pcode":"SS","valid_on":"2022-12-19","valid_to":null,"version":"v03","lang":"en","lang1":null,"lang2":null,"lang3":null},"geometry":{"type":"Point","coordinates":[32.207679815,10.609716195000033]}},
{"type":"Feature","properties":{"admin_level":3,"name":"Panomdit","name1":null,"name2":null,"name3":null,"x_coord":32.3023001,"y_coord":10.028421,"adm4_name":null,"adm4_name1":null,"adm4_name2":null,"adm4_name3":null,"adm4_pcode":null,"adm3_name":"Panomdit","adm3_name1":null,"adm3_name2":null,"adm3_name3":null,"adm3_pcode":"SS070904","adm2_name":"Melut","adm2_name1":null,"adm2_name2":null,"adm2_name3":null,"adm2_pcode":"SS0709","adm1_name":"Upper Nile","adm1_name1":null,"adm1_name2":null,"adm1_name3":null,"adm1_pcode":"SS07","adm0_name":"South Sudan","adm0_name1":null,"adm0_name2":null,"adm0_name3":null,"adm0_pcode":"SS","valid_on":"2022-12-19","valid_to":null,"version":"v03","lang":"en","lang1":null,"lang2":null,"lang3":null},"geometry":{"type":"Point","coordinates":[32.302300105000029,10.028421000000151]}},
{"type":"Feature","properties":{"admin_level":3,"name":"Paloch","name1":null,"name2":null,"name3":null,"x_coord":32.73094058,"y_coord":10.55350598,"adm4_name":null,"adm4_name1":null,"adm4_name2":null,"adm4_name3":null,"adm4_pcode":null,"adm3_name":"Paloch","adm3_name1":null,"adm3_name2":null,"adm3_name3":null,"adm3_pcode":"SS070905","adm2_name":"Melut","adm2_name1":null,"adm2_name2":null,"adm2_name3":null,"adm2_pcode":"SS0709","adm1_name":"Upper Nile","adm1_name1":null,"adm1_name2":null,"adm1_name3":null,"adm1_pcode":"SS07","adm0_name":"South Sudan","adm0_name1":null,"adm0_name2":null,"adm0_name3":null,"adm0_pcode":"SS","valid_on":"2022-12-19","valid_to":null,"version":"v03","lang":"en","lang1":null,"lang2":null,"lang3":null},"geometry":{"type":"Point","coordinates":[32.730940585000042,10.553505975000178]}},
{"type":"Feature","properties":{"admin_level":3,"name":"Wunamum","name1":null,"name2":null,"name3":null,"x_coord":32.78331899,"y_coord":10.22643819,"adm4_name":null,"adm4_name1":null,"adm4_name2":null,"adm4_name3":null,"adm4_pcode":null,"adm3_name":"Wunamum","adm3_name1":null,"adm3_name2":null,"adm3_name3":null,"adm3_pcode":"SS070906","adm2_name":"Melut","adm2_name1":null,"adm2_name2":null,"adm2_name3":null,"adm2_pcode":"SS0709","adm1_name":"Upper Nile","adm1_name1":null,"adm1_name2":null,"adm1_name3":null,"adm1_pcode":"SS07","adm0_name":"South Sudan","adm0_name1":null,"adm0_name2":null,"adm0_name3":null,"adm0_pcode":"SS","valid_on":"2022-12-19","valid_to":null,"version":"v03","lang":"en","lang1":null,"lang2":null,"lang3":null},"geometry":{"type":"Point","coordinates":[32.783318992000147,10.226438190000124]}},
{"type":"Feature","properties":{"admin_level":3,"name":"Dheteim","name1":null,"name2":null,"name3":null,"x_coord":31.49637905,"y_coord":9.59231778,"adm4_name":null,"adm4_name1":null,"adm4_name2":null,"adm4_name3":null,"adm4_pcode":null,"adm3_name":"Dheteim","adm3_name1":null,"adm3_name2":null,"adm3_name3":null,"adm3_pcode":"SS071001","adm2_name":"Panyikang","adm2_name1":null,"adm2_name2":null,"adm2_name3":null,"adm2_pcode":"SS0710","adm1_name":"Upper Nile","adm1_name1":null,"adm1_name2":null,"adm1_name3":null,"adm1_pcode":"SS07","adm0_name":"South Sudan","adm0_name1":null,"adm0_name2":null,"adm0_name3":null,"adm0_pcode":"SS","valid_on":"2022-12-19","valid_to":null,"version":"v03","lang":"en","lang1":null,"lang2":null,"lang3":null},"geometry":{"type":"Point","coordinates":[31.496379053000112,9.592317782000123]}},
{"type":"Feature","properties":{"admin_level":3,"name":"Kuel","name1":null,"name2":null,"name3":null,"x_coord":31.89436864,"y_coord":9.10694368,"adm4_name":null,"adm4_name1":null,"adm4_name2":null,"adm4_name3":null,"adm4_pcode":null,"adm3_name":"Kuel","adm3_name1":null,"adm3_name2":null,"adm3_name3":null,"adm3_pcode":"SS071002","adm2_name":"Panyikang","adm2_name1":null,"adm2_name2":null,"adm2_name3":null,"adm2_pcode":"SS0710","adm1_name":"Upper Nile","adm1_name1":null,"adm1_name2":null,"adm1_name3":null,"adm1_pcode":"SS07","adm0_name":"South Sudan","adm0_name1":null,"adm0_name2":null,"adm0_name3":null,"adm0_pcode":"SS","valid_on":"2022-12-19","valid_to":null,"version":"v03","lang":"en","lang1":null,"lang2":null,"lang3":null},"geometry":{"type":"Point","coordinates":[31.894368640000096,9.106943684000157]}},
{"type":"Feature","properties":{"admin_level":3,"name":"Pakang","name1":null,"name2":null,"name3":null,"x_coord":31.38947222,"y_coord":9.55188797,"adm4_name":null,"adm4_name1":null,"adm4_name2":null,"adm4_name3":null,"adm4_pcode":null,"adm3_name":"Pakang","adm3_name1":null,"adm3_name2":null,"adm3_name3":null,"adm3_pcode":"SS071003","adm2_name":"Panyikang","adm2_name1":null,"adm2_name2":null,"adm2_name3":null,"adm2_pcode":"SS0710","adm1_name":"Upper Nile","adm1_name1":null,"adm1_name2":null,"adm1_name3":null,"adm1_pcode":"SS07","adm0_name":"South Sudan","adm0_name1":null,"adm0_name2":null,"adm0_name3":null,"adm0_pcode":"SS","valid_on":"2022-12-19","valid_to":null,"version":"v03","lang":"en","lang1":null,"lang2":null,"lang3":null},"geometry":{"type":"Point","coordinates":[31.389472221000119,9.551887965000105]}},
{"type":"Feature","properties":{"admin_level":3,"name":"Panyidwoi","name1":null,"name2":null,"name3":null,"x_coord":31.61136801,"y_coord":9.3576722,"adm4_name":null,"adm4_name1":null,"adm4_name2":null,"adm4_name3":null,"adm4_pcode":null,"adm3_name":"Panyidwoi","adm3_name1":null,"adm3_name2":null,"adm3_name3":null,"adm3_pcode":"SS071004","adm2_name":"Panyikang","adm2_name1":null,"adm2_name2":null,"adm2_name3":null,"adm2_pcode":"SS0710","adm1_name":"Upper Nile","adm1_name1":null,"adm1_name2":null,"adm1_name3":null,"adm1_pcode":"SS07","adm0_name":"South Sudan","adm0_name1":null,"adm0_name2":null,"adm0_name3":null,"adm0_pcode":"SS","valid_on":"2022-12-19","valid_to":null,"version":"v03","lang":"en","lang1":null,"lang2":null,"lang3":null},"geometry":{"type":"Point","coordinates":[31.611368010999968,9.357672195000077]}},
{"type":"Feature","properties":{"admin_level":3,"name":"Panyikang","name1":null,"name2":null,"name3":null,"x_coord":31.24111765,"y_coord":9.54981292,"adm4_name":null,"adm4_name1":null,"adm4_name2":null,"adm4_name3":null,"adm4_pcode":null,"adm3_name":"Panyikang","adm3_name1":null,"adm3_name2":null,"adm3_name3":null,"adm3_pcode":"SS071005","adm2_name":"Panyikang","adm2_name1":null,"adm2_name2":null,"adm2_name3":null,"adm2_pcode":"SS0710","adm1_name":"Upper Nile","adm1_name1":null,"adm1_name2":null,"adm1_name3":null,"adm1_pcode":"SS07","adm0_name":"South Sudan","adm0_name1":null,"adm0_name2":null,"adm0_name3":null,"adm0_pcode":"SS","valid_on":"2022-12-19","valid_to":null,"version":"v03","lang":"en","lang1":null,"lang2":null,"lang3":null},"geometry":{"type":"Point","coordinates":[31.241117652000128,9.549812916000064]}},
{"type":"Feature","properties":{"admin_level":3,"name":"Tonga","name1":null,"name2":null,"name3":null,"x_coord":30.95701698,"y_coord":9.54981292,"adm4_name":null,"adm4_name1":null,"adm4_name2":null,"adm4_name3":null,"adm4_pcode":null,"adm3_name":"Tonga","adm3_name1":null,"adm3_name2":null,"adm3_name3":null,"adm3_pcode":"SS071006","adm2_name":"Panyikang","adm2_name1":null,"adm2_name2":null,"adm2_name3":null,"adm2_pcode":"SS0710","adm1_name":"Upper Nile","adm1_name1":null,"adm1_name2":null,"adm1_name3":null,"adm1_pcode":"SS07","adm0_name":"South Sudan","adm0_name1":null,"adm0_name2":null,"adm0_name3":null,"adm0_pcode":"SS","valid_on":"2022-12-19","valid_to":null,"version":"v03","lang":"en","lang1":null,"lang2":null,"lang3":null},"geometry":{"type":"Point","coordinates":[30.95701697800007,9.549812916000064]}},
{"type":"Feature","properties":{"admin_level":3,"name":"Anakdiar","name1":null,"name2":null,"name3":null,"x_coord":31.75734784,"y_coord":9.37273637,"adm4_name":null,"adm4_name1":null,"adm4_name2":null,"adm4_name3":null,"adm4_pcode":null,"adm3_name":"Anakdiar","adm3_name1":null,"adm3_name2":null,"adm3_name3":null,"adm3_pcode":"SS071007","adm2_name":"Panyikang","adm2_name1":null,"adm2_name2":null,"adm2_name3":null,"adm2_pcode":"SS0710","adm1_name":"Upper Nile","adm1_name1":null,"adm1_name2":null,"adm1_name3":null,"adm1_pcode":"SS07","adm0_name":"South Sudan","adm0_name1":null,"adm0_name2":null,"adm0_name3":null,"adm0_pcode":"SS","valid_on":"2022-12-19","valid_to":null,"version":"v03","lang":"en","lang1":null,"lang2":null,"lang3":null},"geometry":{"type":"Point","coordinates":[31.757347841000069,9.372736372000077]}},
{"type":"Feature","properties":{"admin_level":3,"name":"Geger","name1":null,"name2":null,"name3":null,"x_coord":32.98791345,"y_coord":11.97920737,"adm4_name":null,"adm4_name1":null,"adm4_name2":null,"adm4_name3":null,"adm4_pcode":null,"adm3_name":"Geger","adm3_name1":null,"adm3_name2":null,"adm3_name3":null,"adm3_pcode":"SS071101","adm2_name":"Renk","adm2_name1":null,"adm2_name2":null,"adm2_name3":null,"adm2_pcode":"SS0711","adm1_name":"Upper Nile","adm1_name1":null,"adm1_name2":null,"adm1_name3":null,"adm1_pcode":"SS07","adm0_name":"South Sudan","adm0_name1":null,"adm0_name2":null,"adm0_name3":null,"adm0_pcode":"SS","valid_on":"2022-12-19","valid_to":null,"version":"v03","lang":"en","lang1":null,"lang2":null,"lang3":null},"geometry":{"type":"Point","coordinates":[32.987913454000022,11.979207374999987]}},
{"type":"Feature","properties":{"admin_level":3,"name":"Jalhak","name1":null,"name2":null,"name3":null,"x_coord":32.91581133,"y_coord":10.96311004,"adm4_name":null,"adm4_name1":null,"adm4_name2":null,"adm4_name3":null,"adm4_pcode":null,"adm3_name":"Jalhak","adm3_name1":null,"adm3_name2":null,"adm3_name3":null,"adm3_pcode":"SS071102","adm2_name":"Renk","adm2_name1":null,"adm2_name2":null,"adm2_name3":null,"adm2_pcode":"SS0711","adm1_name":"Upper Nile","adm1_name1":null,"adm1_name2":null,"adm1_name3":null,"adm1_pcode":"SS07","adm0_name":"South Sudan","adm0_name1":null,"adm0_name2":null,"adm0_name3":null,"adm0_pcode":"SS","valid_on":"2022-12-19","valid_to":null,"version":"v03","lang":"en","lang1":null,"lang2":null,"lang3":null},"geometry":{"type":"Point","coordinates":[32.915811334000182,10.963110044000132]}},
{"type":"Feature","properties":{"admin_level":3,"name":"North Renk","name1":null,"name2":null,"name3":null,"x_coord":33.01781825,"y_coord":11.71155087,"adm4_name":null,"adm4_name1":null,"adm4_name2":null,"adm4_name3":null,"adm4_pcode":null,"adm3_name":"North Renk","adm3_name1":null,"adm3_name2":null,"adm3_name3":null,"adm3_pcode":"SS071103","adm2_name":"Renk","adm2_name1":null,"adm2_name2":null,"adm2_name3":null,"adm2_pcode":"SS0711","adm1_name":"Upper Nile","adm1_name1":null,"adm1_name2":null,"adm1_name3":null,"adm1_pcode":"SS07","adm0_name":"South Sudan","adm0_name1":null,"adm0_name2":null,"adm0_name3":null,"adm0_pcode":"SS","valid_on":"2022-12-19","valid_to":null,"version":"v03","lang":"en","lang1":null,"lang2":null,"lang3":null},"geometry":{"type":"Point","coordinates":[33.017818250000062,11.71155087000011]}},
{"type":"Feature","properties":{"admin_level":3,"name":"Chemmedi","name1":null,"name2":null,"name3":null,"x_coord":32.86499487,"y_coord":11.56988882,"adm4_name":null,"adm4_name1":null,"adm4_name2":null,"adm4_name3":null,"adm4_pcode":null,"adm3_name":"Chemmedi","adm3_name1":null,"adm3_name2":null,"adm3_name3":null,"adm3_pcode":"SS071104","adm2_name":"Renk","adm2_name1":null,"adm2_name2":null,"adm2_name3":null,"adm2_pcode":"SS0711","adm1_name":"Upper Nile","adm1_name1":null,"adm1_name2":null,"adm1_name3":null,"adm1_pcode":"SS07","adm0_name":"South Sudan","adm0_name1":null,"adm0_name2":null,"adm0_name3":null,"adm0_pcode":"SS","valid_on":"2022-12-19","valid_to":null,"version":"v03","lang":"en","lang1":null,"lang2":null,"lang3":null},"geometry":{"type":"Point","coordinates":[32.864994865000142,11.569888818000038]}},
{"type":"Feature","properties":{"admin_level":3,"name":"South Renk","name1":null,"name2":null,"name3":null,"x_coord":32.79732111,"y_coord":11.67256377,"adm4_name":null,"adm4_name1":null,"adm4_name2":null,"adm4_name3":null,"adm4_pcode":null,"adm3_name":"South Renk","adm3_name1":null,"adm3_name2":null,"adm3_name3":null,"adm3_pcode":"SS071105","adm2_name":"Renk","adm2_name1":null,"adm2_name2":null,"adm2_name3":null,"adm2_pcode":"SS0711","adm1_name":"Upper Nile","adm1_name1":null,"adm1_name2":null,"adm1_name3":null,"adm1_pcode":"SS07","adm0_name":"South Sudan","adm0_name1":null,"adm0_name2":null,"adm0_name3":null,"adm0_pcode":"SS","valid_on":"2022-12-19","valid_to":null,"version":"v03","lang":"en","lang1":null,"lang2":null,"lang3":null},"geometry":{"type":"Point","coordinates":[32.797321107000073,11.672563770000181]}},
{"type":"Feature","properties":{"admin_level":3,"name":"Doma","name1":null,"name2":null,"name3":null,"x_coord":32.62713697,"y_coord":8.9610069,"adm4_name":null,"adm4_name1":null,"adm4_name2":null,"adm4_name3":null,"adm4_pcode":null,"adm3_name":"Doma","adm3_name1":null,"adm3_name2":null,"adm3_name3":null,"adm3_pcode":"SS071201","adm2_name":"Ulang","adm2_name1":null,"adm2_name2":null,"adm2_name3":null,"adm2_pcode":"SS0712","adm1_name":"Upper Nile","adm1_name1":null,"adm1_name2":null,"adm1_name3":null,"adm1_pcode":"SS07","adm0_name":"South Sudan","adm0_name1":null,"adm0_name2":null,"adm0_name3":null,"adm0_pcode":"SS","valid_on":"2022-12-19","valid_to":null,"version":"v03","lang":"en","lang1":null,"lang2":null,"lang3":null},"geometry":{"type":"Point","coordinates":[32.627136966000023,8.961006898000051]}},
{"type":"Feature","properties":{"admin_level":3,"name":"Kurmuot","name1":null,"name2":null,"name3":null,"x_coord":33.01211088,"y_coord":8.34466824,"adm4_name":null,"adm4_name1":null,"adm4_name2":null,"adm4_name3":null,"adm4_pcode":null,"adm3_name":"Kurmuot","adm3_name1":null,"adm3_name2":null,"adm3_name3":null,"adm3_pcode":"SS071202","adm2_name":"Ulang","adm2_name1":null,"adm2_name2":null,"adm2_name3":null,"adm2_pcode":"SS0712","adm1_name":"Upper Nile","adm1_name1":null,"adm1_name2":null,"adm1_name3":null,"adm1_pcode":"SS07","adm0_name":"South Sudan","adm0_name1":null,"adm0_name2":null,"adm0_name3":null,"adm0_pcode":"SS","valid_on":"2022-12-19","valid_to":null,"version":"v03","lang":"en","lang1":null,"lang2":null,"lang3":null},"geometry":{"type":"Point","coordinates":[33.012110882000172,8.344668235000086]}},
{"type":"Feature","properties":{"admin_level":3,"name":"Ulang","name1":null,"name2":null,"name3":null,"x_coord":32.68238653,"y_coord":8.69466735,"adm4_name":null,"adm4_name1":null,"adm4_name2":null,"adm4_name3":null,"adm4_pcode":null,"adm3_name":"Ulang","adm3_name1":null,"adm3_name2":null,"adm3_name3":null,"adm3_pcode":"SS071203","adm2_name":"Ulang","adm2_name1":null,"adm2_name2":null,"adm2_name3":null,"adm2_pcode":"SS0712","adm1_name":"Upper Nile","adm1_name1":null,"adm1_name2":null,"adm1_name3":null,"adm1_pcode":"SS07","adm0_name":"South Sudan","adm0_name1":null,"adm0_name2":null,"adm0_name3":null,"adm0_pcode":"SS","valid_on":"2022-12-19","valid_to":null,"version":"v03","lang":"en","lang1":null,"lang2":null,"lang3":null},"geometry":{"type":"Point","coordinates":[32.682386534000159,8.694667349999975]}},
{"type":"Feature","properties":{"admin_level":3,"name":"Yomding","name1":null,"name2":null,"name3":null,"x_coord":32.69581618,"y_coord":8.55461223,"adm4_name":null,"adm4_name1":null,"adm4_name2":null,"adm4_name3":null,"adm4_pcode":null,"adm3_name":"Yomding","adm3_name1":null,"adm3_name2":null,"adm3_name3":null,"adm3_pcode":"SS071204","adm2_name":"Ulang","adm2_name1":null,"adm2_name2":null,"adm2_name3":null,"adm2_pcode":"SS0712","adm1_name":"Upper Nile","adm1_name1":null,"adm1_name2":null,"adm1_name3":null,"adm1_pcode":"SS07","adm0_name":"South Sudan","adm0_name1":null,"adm0_name2":null,"adm0_name3":null,"adm0_pcode":"SS","valid_on":"2022-12-19","valid_to":null,"version":"v03","lang":"en","lang1":null,"lang2":null,"lang3":null},"geometry":{"type":"Point","coordinates":[32.695816177000097,8.554612230000032]}},
{"type":"Feature","properties":{"admin_level":3,"name":"Nyang","name1":null,"name2":null,"name3":null,"x_coord":28.60030692,"y_coord":8.57717528,"adm4_name":null,"adm4_name1":null,"adm4_name2":null,"adm4_name3":null,"adm4_pcode":null,"adm3_name":"Nyang","adm3_name1":null,"adm3_name2":null,"adm3_name3":null,"adm3_pcode":"SS080101","adm2_name":"Gogrial East","adm2_name1":null,"adm2_name2":null,"adm2_name3":null,"adm2_pcode":"SS0801","adm1_name":"Warrap","adm1_name1":null,"adm1_name2":null,"adm1_name3":null,"adm1_pcode":"SS08","adm0_name":"South Sudan","adm0_name1":null,"adm0_name2":null,"adm0_name3":null,"adm0_pcode":"SS","valid_on":"2022-12-19","valid_to":null,"version":"v03","lang":"en","lang1":null,"lang2":null,"lang3":null},"geometry":{"type":"Point","coordinates":[28.600306922000129,8.577175275]}},
{"type":"Feature","properties":{"admin_level":3,"name":"Pathuon East","name1":null,"name2":null,"name3":null,"x_coord":28.57176637,"y_coord":8.33444402,"adm4_name":null,"adm4_name1":null,"adm4_name2":null,"adm4_name3":null,"adm4_pcode":null,"adm3_name":"Pathuon East","adm3_name1":null,"adm3_name2":null,"adm3_name3":null,"adm3_pcode":"SS080102","adm2_name":"Gogrial East","adm2_name1":null,"adm2_name2":null,"adm2_name3":null,"adm2_pcode":"SS0801","adm1_name":"Warrap","adm1_name1":null,"adm1_name2":null,"adm1_name3":null,"adm1_pcode":"SS08","adm0_name":"South Sudan","adm0_name1":null,"adm0_name2":null,"adm0_name3":null,"adm0_pcode":"SS","valid_on":"2022-12-19","valid_to":null,"version":"v03","lang":"en","lang1":null,"lang2":null,"lang3":null},"geometry":{"type":"Point","coordinates":[28.57176637300006,8.334444015000031]}},
{"type":"Feature","properties":{"admin_level":3,"name":"Pathuon West","name1":null,"name2":null,"name3":null,"x_coord":28.32566958,"y_coord":8.1795832,"adm4_name":null,"adm4_name1":null,"adm4_name2":null,"adm4_name3":null,"adm4_pcode":null,"adm3_name":"Pathuon West","adm3_name1":null,"adm3_name2":null,"adm3_name3":null,"adm3_pcode":"SS080103","adm2_name":"Gogrial East","adm2_name1":null,"adm2_name2":null,"adm2_name3":null,"adm2_pcode":"SS0801","adm1_name":"Warrap","adm1_name1":null,"adm1_name2":null,"adm1_name3":null,"adm1_pcode":"SS08","adm0_name":"South Sudan","adm0_name1":null,"adm0_name2":null,"adm0_name3":null,"adm0_pcode":"SS","valid_on":"2022-12-19","valid_to":null,"version":"v03","lang":"en","lang1":null,"lang2":null,"lang3":null},"geometry":{"type":"Point","coordinates":[28.325669583000149,8.179583198999978]}},
{"type":"Feature","properties":{"admin_level":3,"name":"Toch East","name1":null,"name2":null,"name3":null,"x_coord":28.5825166,"y_coord":8.68022993,"adm4_name":null,"adm4_name1":null,"adm4_name2":null,"adm4_name3":null,"adm4_pcode":null,"adm3_name":"Toch East","adm3_name1":null,"adm3_name2":null,"adm3_name3":null,"adm3_pcode":"SS080104","adm2_name":"Gogrial East","adm2_name1":null,"adm2_name2":null,"adm2_name3":null,"adm2_pcode":"SS0801","adm1_name":"Warrap","adm1_name1":null,"adm1_name2":null,"adm1_name3":null,"adm1_pcode":"SS08","adm0_name":"South Sudan","adm0_name1":null,"adm0_name2":null,"adm0_name3":null,"adm0_pcode":"SS","valid_on":"2022-12-19","valid_to":null,"version":"v03","lang":"en","lang1":null,"lang2":null,"lang3":null},"geometry":{"type":"Point","coordinates":[28.582516601000123,8.680229931000099]}},
{"type":"Feature","properties":{"admin_level":3,"name":"Toch North","name1":null,"name2":null,"name3":null,"x_coord":28.45657687,"y_coord":8.68002584,"adm4_name":null,"adm4_name1":null,"adm4_name2":null,"adm4_name3":null,"adm4_pcode":null,"adm3_name":"Toch North","adm3_name1":null,"adm3_name2":null,"adm3_name3":null,"adm3_pcode":"SS080105","adm2_name":"Gogrial East","adm2_name1":null,"adm2_name2":null,"adm2_name3":null,"adm2_pcode":"SS0801","adm1_name":"Warrap","adm1_name1":null,"adm1_name2":null,"adm1_name3":null,"adm1_pcode":"SS08","adm0_name":"South Sudan","adm0_name1":null,"adm0_name2":null,"adm0_name3":null,"adm0_pcode":"SS","valid_on":"2022-12-19","valid_to":null,"version":"v03","lang":"en","lang1":null,"lang2":null,"lang3":null},"geometry":{"type":"Point","coordinates":[28.456576874000177,8.680025843000124]}},
{"type":"Feature","properties":{"admin_level":3,"name":"Toch West","name1":null,"name2":null,"name3":null,"x_coord":28.3403956,"y_coord":8.48206605,"adm4_name":null,"adm4_name1":null,"adm4_name2":null,"adm4_name3":null,"adm4_pcode":null,"adm3_name":"Toch West","adm3_name1":null,"adm3_name2":null,"adm3_name3":null,"adm3_pcode":"SS080106","adm2_name":"Gogrial East","adm2_name1":null,"adm2_name2":null,"adm2_name3":null,"adm2_pcode":"SS0801","adm1_name":"Warrap","adm1_name1":null,"adm1_name2":null,"adm1_name3":null,"adm1_pcode":"SS08","adm0_name":"South Sudan","adm0_name1":null,"adm0_name2":null,"adm0_name3":null,"adm0_pcode":"SS","valid_on":"2022-12-19","valid_to":null,"version":"v03","lang":"en","lang1":null,"lang2":null,"lang3":null},"geometry":{"type":"Point","coordinates":[28.340395603000161,8.482066049000082]}},
{"type":"Feature","properties":{"admin_level":3,"name":"Akon South","name1":null,"name2":null,"name3":null,"x_coord":27.98131031,"y_coord":8.9221965,"adm4_name":null,"adm4_name1":null,"adm4_name2":null,"adm4_name3":null,"adm4_pcode":null,"adm3_name":"Akon South","adm3_name1":null,"adm3_name2":null,"adm3_name3":null,"adm3_pcode":"SS080201","adm2_name":"Gogrial West","adm2_name1":null,"adm2_name2":null,"adm2_name3":null,"adm2_pcode":"SS0802","adm1_name":"Warrap","adm1_name1":null,"adm1_name2":null,"adm1_name3":null,"adm1_pcode":"SS08","adm0_name":"South Sudan","adm0_name1":null,"adm0_name2":null,"adm0_name3":null,"adm0_pcode":"SS","valid_on":"2022-12-19","valid_to":null,"version":"v03","lang":"en","lang1":null,"lang2":null,"lang3":null},"geometry":{"type":"Point","coordinates":[27.981310307000115,8.922196497000073]}},
{"type":"Feature","properties":{"admin_level":3,"name":"Akon North","name1":null,"name2":null,"name3":null,"x_coord":27.95258895,"y_coord":9.03772616,"adm4_name":null,"adm4_name1":null,"adm4_name2":null,"adm4_name3":null,"adm4_pcode":null,"adm3_name":"Akon North","adm3_name1":null,"adm3_name2":null,"adm3_name3":null,"adm3_pcode":"SS080202","adm2_name":"Gogrial West","adm2_name1":null,"adm2_name2":null,"adm2_name3":null,"adm2_pcode":"SS0802","adm1_name":"Warrap","adm1_name1":null,"adm1_name2":null,"adm1_name3":null,"adm1_pcode":"SS08","adm0_name":"South Sudan","adm0_name1":null,"adm0_name2":null,"adm0_name3":null,"adm0_pcode":"SS","valid_on":"2022-12-19","valid_to":null,"version":"v03","lang":"en","lang1":null,"lang2":null,"lang3":null},"geometry":{"type":"Point","coordinates":[27.952588948000027,9.037726155000144]}},
{"type":"Feature","properties":{"admin_level":3,"name":"Alek North","name1":null,"name2":null,"name3":null,"x_coord":28.24476403,"y_coord":8.72489424,"adm4_name":null,"adm4_name1":null,"adm4_name2":null,"adm4_name3":null,"adm4_pcode":null,"adm3_name":"Alek North","adm3_name1":null,"adm3_name2":null,"adm3_name3":null,"adm3_pcode":"SS080203","adm2_name":"Gogrial West","adm2_name1":null,"adm2_name2":null,"adm2_name3":null,"adm2_pcode":"SS0802","adm1_name":"Warrap","adm1_name1":null,"adm1_name2":null,"adm1_name3":null,"adm1_pcode":"SS08","adm0_name":"South Sudan","adm0_name1":null,"adm0_name2":null,"adm0_name3":null,"adm0_pcode":"SS","valid_on":"2022-12-19","valid_to":null,"version":"v03","lang":"en","lang1":null,"lang2":null,"lang3":null},"geometry":{"type":"Point","coordinates":[28.24476403400007,8.724894244000041]}},
{"type":"Feature","properties":{"admin_level":3,"name":"Alek South","name1":null,"name2":null,"name3":null,"x_coord":28.15556515,"y_coord":8.61431949,"adm4_name":null,"adm4_name1":null,"adm4_name2":null,"adm4_name3":null,"adm4_pcode":null,"adm3_name":"Alek South","adm3_name1":null,"adm3_name2":null,"adm3_name3":null,"adm3_pcode":"SS080204","adm2_name":"Gogrial West","adm2_name1":null,"adm2_name2":null,"adm2_name3":null,"adm2_pcode":"SS0802","adm1_name":"Warrap","adm1_name1":null,"adm1_name2":null,"adm1_name3":null,"adm1_pcode":"SS08","adm0_name":"South Sudan","adm0_name1":null,"adm0_name2":null,"adm0_name3":null,"adm0_pcode":"SS","valid_on":"2022-12-19","valid_to":null,"version":"v03","lang":"en","lang1":null,"lang2":null,"lang3":null},"geometry":{"type":"Point","coordinates":[28.155565150000143,8.614319490000184]}},
{"type":"Feature","properties":{"admin_level":3,"name":"Alek West","name1":null,"name2":null,"name3":null,"x_coord":28.06134135,"y_coord":8.83231259,"adm4_name":null,"adm4_name1":null,"adm4_name2":null,"adm4_name3":null,"adm4_pcode":null,"adm3_name":"Alek West","adm3_name1":null,"adm3_name2":null,"adm3_name3":null,"adm3_pcode":"SS080205","adm2_name":"Gogrial West","adm2_name1":null,"adm2_name2":null,"adm2_name3":null,"adm2_pcode":"SS0802","adm1_name":"Warrap","adm1_name1":null,"adm1_name2":null,"adm1_name3":null,"adm1_pcode":"SS08","adm0_name":"South Sudan","adm0_name1":null,"adm0_name2":null,"adm0_name3":null,"adm0_pcode":"SS","valid_on":"2022-12-19","valid_to":null,"version":"v03","lang":"en","lang1":null,"lang2":null,"lang3":null},"geometry":{"type":"Point","coordinates":[28.061341352000113,8.832312585000125]}},
{"type":"Feature","properties":{"admin_level":3,"name":"Gogrial","name1":null,"name2":null,"name3":null,"x_coord":28.02585304,"y_coord":8.50719241,"adm4_name":null,"adm4_name1":null,"adm4_name2":null,"adm4_name3":null,"adm4_pcode":null,"adm3_name":"Gogrial","adm3_name1":null,"adm3_name2":null,"adm3_name3":null,"adm3_pcode":"SS080206","adm2_name":"Gogrial West","adm2_name1":null,"adm2_name2":null,"adm2_name3":null,"adm2_pcode":"SS0802","adm1_name":"Warrap","adm1_name1":null,"adm1_name2":null,"adm1_name3":null,"adm1_pcode":"SS08","adm0_name":"South Sudan","adm0_name1":null,"adm0_name2":null,"adm0_name3":null,"adm0_pcode":"SS","valid_on":"2022-12-19","valid_to":null,"version":"v03","lang":"en","lang1":null,"lang2":null,"lang3":null},"geometry":{"type":"Point","coordinates":[28.025853036000115,8.507192412999984]}},
{"type":"Feature","properties":{"admin_level":3,"name":"Kuac North","name1":null,"name2":null,"name3":null,"x_coord":28.07093089,"y_coord":8.33837372,"adm4_name":null,"adm4_name1":null,"adm4_name2":null,"adm4_name3":null,"adm4_pcode":null,"adm3_name":"Kuac North","adm3_name1":null,"adm3_name2":null,"adm3_name3":null,"adm3_pcode":"SS080207","adm2_name":"Gogrial West","adm2_name1":null,"adm2_name2":null,"adm2_name3":null,"adm2_pcode":"SS0802","adm1_name":"Warrap","adm1_name1":null,"adm1_name2":null,"adm1_name3":null,"adm1_pcode":"SS08","adm0_name":"South Sudan","adm0_name1":null,"adm0_name2":null,"adm0_name3":null,"adm0_pcode":"SS","valid_on":"2022-12-19","valid_to":null,"version":"v03","lang":"en","lang1":null,"lang2":null,"lang3":null},"geometry":{"type":"Point","coordinates":[28.070930890000056,8.33837372500011]}},
{"type":"Feature","properties":{"admin_level":3,"name":"Kuac South","name1":null,"name2":null,"name3":null,"x_coord":28.02841068,"y_coord":8.13670968,"adm4_name":null,"adm4_name1":null,"adm4_name2":null,"adm4_name3":null,"adm4_pcode":null,"adm3_name":"Kuac South","adm3_name1":null,"adm3_name2":null,"adm3_name3":null,"adm3_pcode":"SS080208","adm2_name":"Gogrial West","adm2_name1":null,"adm2_name2":null,"adm2_name3":null,"adm2_pcode":"SS0802","adm1_name":"Warrap","adm1_name1":null,"adm1_name2":null,"adm1_name3":null,"adm1_pcode":"SS08","adm0_name":"South Sudan","adm0_name1":null,"adm0_name2":null,"adm0_name3":null,"adm0_pcode":"SS","valid_on":"2022-12-19","valid_to":null,"version":"v03","lang":"en","lang1":null,"lang2":null,"lang3":null},"geometry":{"type":"Point","coordinates":[28.028410685000097,8.136709680000081]}},
{"type":"Feature","properties":{"admin_level":3,"name":"Riau","name1":null,"name2":null,"name3":null,"x_coord":28.22107536,"y_coord":8.86648685,"adm4_name":null,"adm4_name1":null,"adm4_name2":null,"adm4_name3":null,"adm4_pcode":null,"adm3_name":"Riau","adm3_name1":null,"adm3_name2":null,"adm3_name3":null,"adm3_pcode":"SS080209","adm2_name":"Gogrial West","adm2_name1":null,"adm2_name2":null,"adm2_name3":null,"adm2_pcode":"SS0802","adm1_name":"Warrap","adm1_name1":null,"adm1_name2":null,"adm1_name3":null,"adm1_pcode":"SS08","adm0_name":"South Sudan","adm0_name1":null,"adm0_name2":null,"adm0_name3":null,"adm0_pcode":"SS","valid_on":"2022-12-19","valid_to":null,"version":"v03","lang":"en","lang1":null,"lang2":null,"lang3":null},"geometry":{"type":"Point","coordinates":[28.221075359,8.866486845000111]}},
{"type":"Feature","properties":{"admin_level":3,"name":"Ananatak","name1":null,"name2":null,"name3":null,"x_coord":29.06540341,"y_coord":7.71744416,"adm4_name":null,"adm4_name1":null,"adm4_name2":null,"adm4_name3":null,"adm4_pcode":null,"adm3_name":"Ananatak","adm3_name1":null,"adm3_name2":null,"adm3_name3":null,"adm3_pcode":"SS080301","adm2_name":"Tonj East","adm2_name1":null,"adm2_name2":null,"adm2_name3":null,"adm2_pcode":"SS0803","adm1_name":"Warrap","adm1_name1":null,"adm1_name2":null,"adm1_name3":null,"adm1_pcode":"SS08","adm0_name":"South Sudan","adm0_name1":null,"adm0_name2":null,"adm0_name3":null,"adm0_pcode":"SS","valid_on":"2022-12-19","valid_to":null,"version":"v03","lang":"en","lang1":null,"lang2":null,"lang3":null},"geometry":{"type":"Point","coordinates":[29.065403414000116,7.717444155000123]}},
{"type":"Feature","properties":{"admin_level":3,"name":"Makuac","name1":null,"name2":null,"name3":null,"x_coord":29.5670345,"y_coord":7.90960577,"adm4_name":null,"adm4_name1":null,"adm4_name2":null,"adm4_name3":null,"adm4_pcode":null,"adm3_name":"Makuac","adm3_name1":null,"adm3_name2":null,"adm3_name3":null,"adm3_pcode":"SS080302","adm2_name":"Tonj East","adm2_name1":null,"adm2_name2":null,"adm2_name3":null,"adm2_pcode":"SS0803","adm1_name":"Warrap","adm1_name1":null,"adm1_name2":null,"adm1_name3":null,"adm1_pcode":"SS08","adm0_name":"South Sudan","adm0_name1":null,"adm0_name2":null,"adm0_name3":null,"adm0_pcode":"SS","valid_on":"2022-12-19","valid_to":null,"version":"v03","lang":"en","lang1":null,"lang2":null,"lang3":null},"geometry":{"type":"Point","coordinates":[29.567034501000023,7.909605764999981]}},
{"type":"Feature","properties":{"admin_level":3,"name":"Malualcum","name1":null,"name2":null,"name3":null,"x_coord":29.13545796,"y_coord":7.95076018,"adm4_name":null,"adm4_name1":null,"adm4_name2":null,"adm4_name3":null,"adm4_pcode":null,"adm3_name":"Malualcum","adm3_name1":null,"adm3_name2":null,"adm3_name3":null,"adm3_pcode":"SS080303","adm2_name":"Tonj East","adm2_name1":null,"adm2_name2":null,"adm2_name3":null,"adm2_pcode":"SS0803","adm1_name":"Warrap","adm1_name1":null,"adm1_name2":null,"adm1_name3":null,"adm1_pcode":"SS08","adm0_name":"South Sudan","adm0_name1":null,"adm0_name2":null,"adm0_name3":null,"adm0_pcode":"SS","valid_on":"2022-12-19","valid_to":null,"version":"v03","lang":"en","lang1":null,"lang2":null,"lang3":null},"geometry":{"type":"Point","coordinates":[29.135457957000085,7.950760176000131]}},
{"type":"Feature","properties":{"admin_level":3,"name":"Maparah","name1":null,"name2":null,"name3":null,"x_coord":29.37818701,"y_coord":7.84918301,"adm4_name":null,"adm4_name1":null,"adm4_name2":null,"adm4_name3":null,"adm4_pcode":null,"adm3_name":"Maparah","adm3_name1":null,"adm3_name2":null,"adm3_name3":null,"adm3_pcode":"SS080304","adm2_name":"Tonj East","adm2_name1":null,"adm2_name2":null,"adm2_name3":null,"adm2_pcode":"SS0803","adm1_name":"Warrap","adm1_name1":null,"adm1_name2":null,"adm1_name3":null,"adm1_pcode":"SS08","adm0_name":"South Sudan","adm0_name1":null,"adm0_name2":null,"adm0_name3":null,"adm0_pcode":"SS","valid_on":"2022-12-19","valid_to":null,"version":"v03","lang":"en","lang1":null,"lang2":null,"lang3":null},"geometry":{"type":"Point","coordinates":[29.378187009000101,7.849183005000157]}},
{"type":"Feature","properties":{"admin_level":3,"name":"Mayen 2","name1":null,"name2":null,"name3":null,"x_coord":29.34195368,"y_coord":7.78744071,"adm4_name":null,"adm4_name1":null,"adm4_name2":null,"adm4_name3":null,"adm4_pcode":null,"adm3_name":"Mayen 2","adm3_name1":null,"adm3_name2":null,"adm3_name3":null,"adm3_pcode":"SS080305","adm2_name":"Tonj East","adm2_name1":null,"adm2_name2":null,"adm2_name3":null,"adm2_pcode":"SS0803","adm1_name":"Warrap","adm1_name1":null,"adm1_name2":null,"adm1_name3":null,"adm1_pcode":"SS08","adm0_name":"South Sudan","adm0_name1":null,"adm0_name2":null,"adm0_name3":null,"adm0_pcode":"SS","valid_on":"2022-12-19","valid_to":null,"version":"v03","lang":"en","lang1":null,"lang2":null,"lang3":null},"geometry":{"type":"Point","coordinates":[29.341953683000099,7.787440710000112]}},
{"type":"Feature","properties":{"admin_level":3,"name":"Pagor 2","name1":null,"name2":null,"name3":null,"x_coord":29.58118592,"y_coord":8.04763656,"adm4_name":null,"adm4_name1":null,"adm4_name2":null,"adm4_name3":null,"adm4_pcode":null,"adm3_name":"Pagor 2","adm3_name1":null,"adm3_name2":null,"adm3_name3":null,"adm3_pcode":"SS080306","adm2_name":"Tonj East","adm2_name1":null,"adm2_name2":null,"adm2_name3":null,"adm2_pcode":"SS0803","adm1_name":"Warrap","adm1_name1":null,"adm1_name2":null,"adm1_name3":null,"adm1_pcode":"SS08","adm0_name":"South Sudan","adm0_name1":null,"adm0_name2":null,"adm0_name3":null,"adm0_pcode":"SS","valid_on":"2022-12-19","valid_to":null,"version":"v03","lang":"en","lang1":null,"lang2":null,"lang3":null},"geometry":{"type":"Point","coordinates":[29.581185924000067,8.047636560000058]}},
{"type":"Feature","properties":{"admin_level":3,"name":"Palal","name1":null,"name2":null,"name3":null,"x_coord":28.91595424,"y_coord":7.68537982,"adm4_name":null,"adm4_name1":null,"adm4_name2":null,"adm4_name3":null,"adm4_pcode":null,"adm3_name":"Palal","adm3_name1":null,"adm3_name2":null,"adm3_name3":null,"adm3_pcode":"SS080307","adm2_name":"Tonj East","adm2_name1":null,"adm2_name2":null,"adm2_name3":null,"adm2_pcode":"SS0803","adm1_name":"Warrap","adm1_name1":null,"adm1_name2":null,"adm1_name3":null,"adm1_pcode":"SS08","adm0_name":"South Sudan","adm0_name1":null,"adm0_name2":null,"adm0_name3":null,"adm0_pcode":"SS","valid_on":"2022-12-19","valid_to":null,"version":"v03","lang":"en","lang1":null,"lang2":null,"lang3":null},"geometry":{"type":"Point","coordinates":[28.915954244000034,7.68537981500009]}},
{"type":"Feature","properties":{"admin_level":3,"name":"Paliang","name1":null,"name2":null,"name3":null,"x_coord":29.30403674,"y_coord":7.95590217,"adm4_name":null,"adm4_name1":null,"adm4_name2":null,"adm4_name3":null,"adm4_pcode":null,"adm3_name":"Paliang","adm3_name1":null,"adm3_name2":null,"adm3_name3":null,"adm3_pcode":"SS080308","adm2_name":"Tonj East","adm2_name1":null,"adm2_name2":null,"adm2_name3":null,"adm2_pcode":"SS0803","adm1_name":"Warrap","adm1_name1":null,"adm1_name2":null,"adm1_name3":null,"adm1_pcode":"SS08","adm0_name":"South Sudan","adm0_name1":null,"adm0_name2":null,"adm0_name3":null,"adm0_pcode":"SS","valid_on":"2022-12-19","valid_to":null,"version":"v03","lang":"en","lang1":null,"lang2":null,"lang3":null},"geometry":{"type":"Point","coordinates":[29.304036744000143,7.955902170000115]}},
{"type":"Feature","properties":{"admin_level":3,"name":"Pannhial","name1":null,"name2":null,"name3":null,"x_coord":29.30149106,"y_coord":8.05739124,"adm4_name":null,"adm4_name1":null,"adm4_name2":null,"adm4_name3":null,"adm4_pcode":null,"adm3_name":"Pannhial","adm3_name1":null,"adm3_name2":null,"adm3_name3":null,"adm3_pcode":"SS080309","adm2_name":"Tonj East","adm2_name1":null,"adm2_name2":null,"adm2_name3":null,"adm2_pcode":"SS0803","adm1_name":"Warrap","adm1_name1":null,"adm1_name2":null,"adm1_name3":null,"adm1_pcode":"SS08","adm0_name":"South Sudan","adm0_name1":null,"adm0_name2":null,"adm0_name3":null,"adm0_pcode":"SS","valid_on":"2022-12-19","valid_to":null,"version":"v03","lang":"en","lang1":null,"lang2":null,"lang3":null},"geometry":{"type":"Point","coordinates":[29.301491057000078,8.05739124400003]}},
{"type":"Feature","properties":{"admin_level":3,"name":"Paweng","name1":null,"name2":null,"name3":null,"x_coord":29.38665823,"y_coord":8.11412501,"adm4_name":null,"adm4_name1":null,"adm4_name2":null,"adm4_name3":null,"adm4_pcode":null,"adm3_name":"Paweng","adm3_name1":null,"adm3_name2":null,"adm3_name3":null,"adm3_pcode":"SS080310","adm2_name":"Tonj East","adm2_name1":null,"adm2_name2":null,"adm2_name3":null,"adm2_pcode":"SS0803","adm1_name":"Warrap","adm1_name1":null,"adm1_name2":null,"adm1_name3":null,"adm1_pcode":"SS08","adm0_name":"South Sudan","adm0_name1":null,"adm0_name2":null,"adm0_name3":null,"adm0_pcode":"SS","valid_on":"2022-12-19","valid_to":null,"version":"v03","lang":"en","lang1":null,"lang2":null,"lang3":null},"geometry":{"type":"Point","coordinates":[29.386658226000122,8.114125005000062]}},
{"type":"Feature","properties":{"admin_level":3,"name":"Wun-liit","name1":null,"name2":null,"name3":null,"x_coord":29.20351409,"y_coord":7.71979271,"adm4_name":null,"adm4_name1":null,"adm4_name2":null,"adm4_name3":null,"adm4_pcode":null,"adm3_name":"Wun-liit","adm3_name1":null,"adm3_name2":null,"adm3_name3":null,"adm3_pcode":"SS080311","adm2_name":"Tonj East","adm2_name1":null,"adm2_name2":null,"adm2_name3":null,"adm2_pcode":"SS0803","adm1_name":"Warrap","adm1_name1":null,"adm1_name2":null,"adm1_name3":null,"adm1_pcode":"SS08","adm0_name":"South Sudan","adm0_name1":null,"adm0_name2":null,"adm0_name3":null,"adm0_pcode":"SS","valid_on":"2022-12-19","valid_to":null,"version":"v03","lang":"en","lang1":null,"lang2":null,"lang3":null},"geometry":{"type":"Point","coordinates":[29.203514086000098,7.719792705000089]}},
{"type":"Feature","properties":{"admin_level":3,"name":"Akop","name1":null,"name2":null,"name3":null,"x_coord":29.33625701,"y_coord":8.42433849,"adm4_name":null,"adm4_name1":null,"adm4_name2":null,"adm4_name3":null,"adm4_pcode":null,"adm3_name":"Akop","adm3_name1":null,"adm3_name2":null,"adm3_name3":null,"adm3_pcode":"SS080401","adm2_name":"Tonj North","adm2_name1":null,"adm2_name2":null,"adm2_name3":null,"adm2_pcode":"SS0804","adm1_name":"Warrap","adm1_name1":null,"adm1_name2":null,"adm1_name3":null,"adm1_pcode":"SS08","adm0_name":"South Sudan","adm0_name1":null,"adm0_name2":null,"adm0_name3":null,"adm0_pcode":"SS","valid_on":"2022-12-19","valid_to":null,"version":"v03","lang":"en","lang1":null,"lang2":null,"lang3":null},"geometry":{"type":"Point","coordinates":[29.336257014000125,8.424338486000067]}},
{"type":"Feature","properties":{"admin_level":3,"name":"Alabek","name1":null,"name2":null,"name3":null,"x_coord":29.05143685,"y_coord":8.55951471,"adm4_name":null,"adm4_name1":null,"adm4_name2":null,"adm4_name3":null,"adm4_pcode":null,"adm3_name":"Alabek","adm3_name1":null,"adm3_name2":null,"adm3_name3":null,"adm3_pcode":"SS080402","adm2_name":"Tonj North","adm2_name1":null,"adm2_name2":null,"adm2_name3":null,"adm2_pcode":"SS0804","adm1_name":"Warrap","adm1_name1":null,"adm1_name2":null,"adm1_name3":null,"adm1_pcode":"SS08","adm0_name":"South Sudan","adm0_name1":null,"adm0_name2":null,"adm0_name3":null,"adm0_pcode":"SS","valid_on":"2022-12-19","valid_to":null,"version":"v03","lang":"en","lang1":null,"lang2":null,"lang3":null},"geometry":{"type":"Point","coordinates":[29.051436854000031,8.559514710000087]}},
{"type":"Feature","properties":{"admin_level":3,"name":"Aliek","name1":null,"name2":null,"name3":null,"x_coord":28.72557354,"y_coord":8.5581366,"adm4_name":null,"adm4_name1":null,"adm4_name2":null,"adm4_name3":null,"adm4_pcode":null,"adm3_name":"Aliek","adm3_name1":null,"adm3_name2":null,"adm3_name3":null,"adm3_pcode":"SS080403","adm2_name":"Tonj North","adm2_name1":null,"adm2_name2":null,"adm2_name3":null,"adm2_pcode":"SS0804","adm1_name":"Warrap","adm1_name1":null,"adm1_name2":null,"adm1_name3":null,"adm1_pcode":"SS08","adm0_name":"South Sudan","adm0_name1":null,"adm0_name2":null,"adm0_name3":null,"adm0_pcode":"SS","valid_on":"2022-12-19","valid_to":null,"version":"v03","lang":"en","lang1":null,"lang2":null,"lang3":null},"geometry":{"type":"Point","coordinates":[28.725573539000152,8.558136602000104]}},
{"type":"Feature","properties":{"admin_level":3,"name":"Awuul","name1":null,"name2":null,"name3":null,"x_coord":28.54581993,"y_coord":8.12254932,"adm4_name":null,"adm4_name1":null,"adm4_name2":null,"adm4_name3":null,"adm4_pcode":null,"adm3_name":"Awuul","adm3_name1":null,"adm3_name2":null,"adm3_name3":null,"adm3_pcode":"SS080404","adm2_name":"Tonj North","adm2_name1":null,"adm2_name2":null,"adm2_name3":null,"adm2_pcode":"SS0804","adm1_name":"Warrap","adm1_name1":null,"adm1_name2":null,"adm1_name3":null,"adm1_pcode":"SS08","adm0_name":"South Sudan","adm0_name1":null,"adm0_name2":null,"adm0_name3":null,"adm0_pcode":"SS","valid_on":"2022-12-19","valid_to":null,"version":"v03","lang":"en","lang1":null,"lang2":null,"lang3":null},"geometry":{"type":"Point","coordinates":[28.545819928000071,8.122549320000132]}},
{"type":"Feature","properties":{"admin_level":3,"name":"Kirik","name1":null,"name2":null,"name3":null,"x_coord":28.79543446,"y_coord":7.92242226,"adm4_name":null,"adm4_name1":null,"adm4_name2":null,"adm4_name3":null,"adm4_pcode":null,"adm3_name":"Kirik","adm3_name1":null,"adm3_name2":null,"adm3_name3":null,"adm3_pcode":"SS080405","adm2_name":"Tonj North","adm2_name1":null,"adm2_name2":null,"adm2_name3":null,"adm2_pcode":"SS0804","adm1_name":"Warrap","adm1_name1":null,"adm1_name2":null,"adm1_name3":null,"adm1_pcode":"SS08","adm0_name":"South Sudan","adm0_name1":null,"adm0_name2":null,"adm0_name3":null,"adm0_pcode":"SS","valid_on":"2022-12-19","valid_to":null,"version":"v03","lang":"en","lang1":null,"lang2":null,"lang3":null},"geometry":{"type":"Point","coordinates":[28.795434462000117,7.922422264000033]}},
{"type":"Feature","properties":{"admin_level":3,"name":"Manloor","name1":null,"name2":null,"name3":null,"x_coord":28.33008317,"y_coord":7.9670088,"adm4_name":null,"adm4_name1":null,"adm4_name2":null,"adm4_name3":null,"adm4_pcode":null,"adm3_name":"Manloor","adm3_name1":null,"adm3_name2":null,"adm3_name3":null,"adm3_pcode":"SS080406","adm2_name":"Tonj North","adm2_name1":null,"adm2_name2":null,"adm2_name3":null,"adm2_pcode":"SS0804","adm1_name":"Warrap","adm1_name1":null,"adm1_name2":null,"adm1_name3":null,"adm1_pcode":"SS08","adm0_name":"South Sudan","adm0_name1":null,"adm0_name2":null,"adm0_name3":null,"adm0_pcode":"SS","valid_on":"2022-12-19","valid_to":null,"version":"v03","lang":"en","lang1":null,"lang2":null,"lang3":null},"geometry":{"type":"Point","coordinates":[28.33008316900009,7.967008800000031]}},
{"type":"Feature","properties":{"admin_level":3,"name":"Marial-lou","name1":null,"name2":null,"name3":null,"x_coord":29.4153298,"y_coord":8.18912447,"adm4_name":null,"adm4_name1":null,"adm4_name2":null,"adm4_name3":null,"adm4_pcode":null,"adm3_name":"Marial-lou","adm3_name1":null,"adm3_name2":null,"adm3_name3":null,"adm3_pcode":"SS080407","adm2_name":"Tonj North","adm2_name1":null,"adm2_name2":null,"adm2_name3":null,"adm2_pcode":"SS0804","adm1_name":"Warrap","adm1_name1":null,"adm1_name2":null,"adm1_name3":null,"adm1_pcode":"SS08","adm0_name":"South Sudan","adm0_name1":null,"adm0_name2":null,"adm0_name3":null,"adm0_pcode":"SS","valid_on":"2022-12-19","valid_to":null,"version":"v03","lang":"en","lang1":null,"lang2":null,"lang3":null},"geometry":{"type":"Point","coordinates":[29.415329803000191,8.189124474000096]}},
{"type":"Feature","properties":{"admin_level":3,"name":"Pagol","name1":null,"name2":null,"name3":null,"x_coord":28.5305228,"y_coord":7.80987123,"adm4_name":null,"adm4_name1":null,"adm4_name2":null,"adm4_name3":null,"adm4_pcode":null,"adm3_name":"Pagol","adm3_name1":null,"adm3_name2":null,"adm3_name3":null,"adm3_pcode":"SS080408","adm2_name":"Tonj North","adm2_name1":null,"adm2_name2":null,"adm2_name3":null,"adm2_pcode":"SS0804","adm1_name":"Warrap","adm1_name1":null,"adm1_name2":null,"adm1_name3":null,"adm1_pcode":"SS08","adm0_name":"South Sudan","adm0_name1":null,"adm0_name2":null,"adm0_name3":null,"adm0_pcode":"SS","valid_on":"2022-12-19","valid_to":null,"version":"v03","lang":"en","lang1":null,"lang2":null,"lang3":null},"geometry":{"type":"Point","coordinates":[28.530522804000043,7.809871228000077]}},
{"type":"Feature","properties":{"admin_level":3,"name":"Rual-bet","name1":null,"name2":null,"name3":null,"x_coord":28.97928731,"y_coord":8.14793792,"adm4_name":null,"adm4_name1":null,"adm4_name2":null,"adm4_name3":null,"adm4_pcode":null,"adm3_name":"Rual-bet","adm3_name1":null,"adm3_name2":null,"adm3_name3":null,"adm3_pcode":"SS080409","adm2_name":"Tonj North","adm2_name1":null,"adm2_name2":null,"adm2_name3":null,"adm2_pcode":"SS0804","adm1_name":"Warrap","adm1_name1":null,"adm1_name2":null,"adm1_name3":null,"adm1_pcode":"SS08","adm0_name":"South Sudan","adm0_name1":null,"adm0_name2":null,"adm0_name3":null,"adm0_pcode":"SS","valid_on":"2022-12-19","valid_to":null,"version":"v03","lang":"en","lang1":null,"lang2":null,"lang3":null},"geometry":{"type":"Point","coordinates":[28.979287310000132,8.147937915000171]}},
{"type":"Feature","properties":{"admin_level":3,"name":"Warrap","name1":null,"name2":null,"name3":null,"x_coord":28.72425804,"y_coord":8.06524304,"adm4_name":null,"adm4_name1":null,"adm4_name2":null,"adm4_name3":null,"adm4_pcode":null,"adm3_name":"Warrap","adm3_name1":null,"adm3_name2":null,"adm3_name3":null,"adm3_pcode":"SS080410","adm2_name":"Tonj North","adm2_name1":null,"adm2_name2":null,"adm2_name3":null,"adm2_pcode":"SS0804","adm1_name":"Warrap","adm1_name1":null,"adm1_name2":null,"adm1_name3":null,"adm1_pcode":"SS08","adm0_name":"South Sudan","adm0_name1":null,"adm0_name2":null,"adm0_name3":null,"adm0_pcode":"SS","valid_on":"2022-12-19","valid_to":null,"version":"v03","lang":"en","lang1":null,"lang2":null,"lang3":null},"geometry":{"type":"Point","coordinates":[28.724258043000191,8.065243035000151]}},
{"type":"Feature","properties":{"admin_level":3,"name":"Jak","name1":null,"name2":null,"name3":null,"x_coord":28.67585701,"y_coord":7.65810095,"adm4_name":null,"adm4_name1":null,"adm4_name2":null,"adm4_name3":null,"adm4_pcode":null,"adm3_name":"Jak","adm3_name1":null,"adm3_name2":null,"adm3_name3":null,"adm3_pcode":"SS080501","adm2_name":"Tonj South","adm2_name1":null,"adm2_name2":null,"adm2_name3":null,"adm2_pcode":"SS0805","adm1_name":"Warrap","adm1_name1":null,"adm1_name2":null,"adm1_name3":null,"adm1_pcode":"SS08","adm0_name":"South Sudan","adm0_name1":null,"adm0_name2":null,"adm0_name3":null,"adm0_pcode":"SS","valid_on":"2022-12-19","valid_to":null,"version":"v03","lang":"en","lang1":null,"lang2":null,"lang3":null},"geometry":{"type":"Point","coordinates":[28.67585700800015,7.658100945000058]}},
{"type":"Feature","properties":{"admin_level":3,"name":"Manyang-ngok","name1":null,"name2":null,"name3":null,"x_coord":28.90492886,"y_coord":7.35638121,"adm4_name":null,"adm4_name1":null,"adm4_name2":null,"adm4_name3":null,"adm4_pcode":null,"adm3_name":"Manyang-ngok","adm3_name1":null,"adm3_name2":null,"adm3_name3":null,"adm3_pcode":"SS080502","adm2_name":"Tonj South","adm2_name1":null,"adm2_name2":null,"adm2_name3":null,"adm2_pcode":"SS0805","adm1_name":"Warrap","adm1_name1":null,"adm1_name2":null,"adm1_name3":null,"adm1_pcode":"SS08","adm0_name":"South Sudan","adm0_name1":null,"adm0_name2":null,"adm0_name3":null,"adm0_pcode":"SS","valid_on":"2022-12-19","valid_to":null,"version":"v03","lang":"en","lang1":null,"lang2":null,"lang3":null},"geometry":{"type":"Point","coordinates":[28.904928856000083,7.356381210000166]}},
{"type":"Feature","properties":{"admin_level":3,"name":"Thiet","name1":null,"name2":null,"name3":null,"x_coord":28.80947376,"y_coord":7.64533854,"adm4_name":null,"adm4_name1":null,"adm4_name2":null,"adm4_name3":null,"adm4_pcode":null,"adm3_name":"Thiet","adm3_name1":null,"adm3_name2":null,"adm3_name3":null,"adm3_pcode":"SS080503","adm2_name":"Tonj South","adm2_name1":null,"adm2_name2":null,"adm2_name3":null,"adm2_pcode":"SS0805","adm1_name":"Warrap","adm1_name1":null,"adm1_name2":null,"adm1_name3":null,"adm1_pcode":"SS08","adm0_name":"South Sudan","adm0_name1":null,"adm0_name2":null,"adm0_name3":null,"adm0_pcode":"SS","valid_on":"2022-12-19","valid_to":null,"version":"v03","lang":"en","lang1":null,"lang2":null,"lang3":null},"geometry":{"type":"Point","coordinates":[28.809473761000049,7.645338540000068]}},
{"type":"Feature","properties":{"admin_level":3,"name":"Tonj","name1":null,"name2":null,"name3":null,"x_coord":28.71522475,"y_coord":6.87259273,"adm4_name":null,"adm4_name1":null,"adm4_name2":null,"adm4_name3":null,"adm4_pcode":null,"adm3_name":"Tonj","adm3_name1":null,"adm3_name2":null,"adm3_name3":null,"adm3_pcode":"SS080504","adm2_name":"Tonj South","adm2_name1":null,"adm2_name2":null,"adm2_name3":null,"adm2_pcode":"SS0805","adm1_name":"Warrap","adm1_name1":null,"adm1_name2":null,"adm1_name3":null,"adm1_pcode":"SS08","adm0_name":"South Sudan","adm0_name1":null,"adm0_name2":null,"adm0_name3":null,"adm0_pcode":"SS","valid_on":"2022-12-19","valid_to":null,"version":"v03","lang":"en","lang1":null,"lang2":null,"lang3":null},"geometry":{"type":"Point","coordinates":[28.715224752000154,6.872592726999983]}},
{"type":"Feature","properties":{"admin_level":3,"name":"Wath-alel","name1":null,"name2":null,"name3":null,"x_coord":28.59290968,"y_coord":7.54370901,"adm4_name":null,"adm4_name1":null,"adm4_name2":null,"adm4_name3":null,"adm4_pcode":null,"adm3_name":"Wath-alel","adm3_name1":null,"adm3_name2":null,"adm3_name3":null,"adm3_pcode":"SS080505","adm2_name":"Tonj South","adm2_name1":null,"adm2_name2":null,"adm2_name3":null,"adm2_pcode":"SS0805","adm1_name":"Warrap","adm1_name1":null,"adm1_name2":null,"adm1_name3":null,"adm1_pcode":"SS08","adm0_name":"South Sudan","adm0_name1":null,"adm0_name2":null,"adm0_name3":null,"adm0_pcode":"SS","valid_on":"2022-12-19","valid_to":null,"version":"v03","lang":"en","lang1":null,"lang2":null,"lang3":null},"geometry":{"type":"Point","coordinates":[28.592909681000094,7.5437090100001]}},
{"type":"Feature","properties":{"admin_level":3,"name":"Ajak-kuac","name1":null,"name2":null,"name3":null,"x_coord":28.69839451,"y_coord":9.2356421,"adm4_name":null,"adm4_name1":null,"adm4_name2":null,"adm4_name3":null,"adm4_pcode":null,"adm3_name":"Ajak-kuac","adm3_name1":null,"adm3_name2":null,"adm3_name3":null,"adm3_pcode":"SS080601","adm2_name":"Twic","adm2_name1":null,"adm2_name2":null,"adm2_name3":null,"adm2_pcode":"SS0806","adm1_name":"Warrap","adm1_name1":null,"adm1_name2":null,"adm1_name3":null,"adm1_pcode":"SS08","adm0_name":"South Sudan","adm0_name1":null,"adm0_name2":null,"adm0_name3":null,"adm0_pcode":"SS","valid_on":"2022-12-19","valid_to":null,"version":"v03","lang":"en","lang1":null,"lang2":null,"lang3":null},"geometry":{"type":"Point","coordinates":[28.698394508000092,9.23564209500006]}},
{"type":"Feature","properties":{"admin_level":3,"name":"Akoc","name1":null,"name2":null,"name3":null,"x_coord":28.03373065,"y_coord":9.16878074,"adm4_name":null,"adm4_name1":null,"adm4_name2":null,"adm4_name3":null,"adm4_pcode":null,"adm3_name":"Akoc","adm3_name1":null,"adm3_name2":null,"adm3_name3":null,"adm3_pcode":"SS080602","adm2_name":"Twic","adm2_name1":null,"adm2_name2":null,"adm2_name3":null,"adm2_pcode":"SS0806","adm1_name":"Warrap","adm1_name1":null,"adm1_name2":null,"adm1_name3":null,"adm1_pcode":"SS08","adm0_name":"South Sudan","adm0_name1":null,"adm0_name2":null,"adm0_name3":null,"adm0_pcode":"SS","valid_on":"2022-12-19","valid_to":null,"version":"v03","lang":"en","lang1":null,"lang2":null,"lang3":null},"geometry":{"type":"Point","coordinates":[28.03373065400018,9.168780735000041]}},
{"type":"Feature","properties":{"admin_level":3,"name":"Aweeng","name1":null,"name2":null,"name3":null,"x_coord":28.60552364,"y_coord":9.07217546,"adm4_name":null,"adm4_name1":null,"adm4_name2":null,"adm4_name3":null,"adm4_pcode":null,"adm3_name":"Aweeng","adm3_name1":null,"adm3_name2":null,"adm3_name3":null,"adm3_pcode":"SS080603","adm2_name":"Twic","adm2_name1":null,"adm2_name2":null,"adm2_name3":null,"adm2_pcode":"SS0806","adm1_name":"Warrap","adm1_name1":null,"adm1_name2":null,"adm1_name3":null,"adm1_pcode":"SS08","adm0_name":"South Sudan","adm0_name1":null,"adm0_name2":null,"adm0_name3":null,"adm0_pcode":"SS","valid_on":"2022-12-19","valid_to":null,"version":"v03","lang":"en","lang1":null,"lang2":null,"lang3":null},"geometry":{"type":"Point","coordinates":[28.605523637000033,9.072175455000149]}},
{"type":"Feature","properties":{"admin_level":3,"name":"Pannyok","name1":null,"name2":null,"name3":null,"x_coord":28.16789834,"y_coord":9.14445279,"adm4_name":null,"adm4_name1":null,"adm4_name2":null,"adm4_name3":null,"adm4_pcode":null,"adm3_name":"Pannyok","adm3_name1":null,"adm3_name2":null,"adm3_name3":null,"adm3_pcode":"SS080604","adm2_name":"Twic","adm2_name1":null,"adm2_name2":null,"adm2_name3":null,"adm2_pcode":"SS0806","adm1_name":"Warrap","adm1_name1":null,"adm1_name2":null,"adm1_name3":null,"adm1_pcode":"SS08","adm0_name":"South Sudan","adm0_name1":null,"adm0_name2":null,"adm0_name3":null,"adm0_pcode":"SS","valid_on":"2022-12-19","valid_to":null,"version":"v03","lang":"en","lang1":null,"lang2":null,"lang3":null},"geometry":{"type":"Point","coordinates":[28.167898341000182,9.14445279]}},
{"type":"Feature","properties":{"admin_level":3,"name":"Turalei","name1":null,"name2":null,"name3":null,"x_coord":28.4258286,"y_coord":9.06195965,"adm4_name":null,"adm4_name1":null,"adm4_name2":null,"adm4_name3":null,"adm4_pcode":null,"adm3_name":"Turalei","adm3_name1":null,"adm3_name2":null,"adm3_name3":null,"adm3_pcode":"SS080605","adm2_name":"Twic","adm2_name1":null,"adm2_name2":null,"adm2_name3":null,"adm2_pcode":"SS0806","adm1_name":"Warrap","adm1_name1":null,"adm1_name2":null,"adm1_name3":null,"adm1_pcode":"SS08","adm0_name":"South Sudan","adm0_name1":null,"adm0_name2":null,"adm0_name3":null,"adm0_pcode":"SS","valid_on":"2022-12-19","valid_to":null,"version":"v03","lang":"en","lang1":null,"lang2":null,"lang3":null},"geometry":{"type":"Point","coordinates":[28.42582860300007,9.061959645000059]}},
{"type":"Feature","properties":{"admin_level":3,"name":"Wunrok","name1":null,"name2":null,"name3":null,"x_coord":28.33396276,"y_coord":9.1166729,"adm4_name":null,"adm4_name1":null,"adm4_name2":null,"adm4_name3":null,"adm4_pcode":null,"adm3_name":"Wunrok","adm3_name1":null,"adm3_name2":null,"adm3_name3":null,"adm3_pcode":"SS080606","adm2_name":"Twic","adm2_name1":null,"adm2_name2":null,"adm2_name3":null,"adm2_pcode":"SS0806","adm1_name":"Warrap","adm1_name1":null,"adm1_name2":null,"adm1_name3":null,"adm1_pcode":"SS08","adm0_name":"South Sudan","adm0_name1":null,"adm0_name2":null,"adm0_name3":null,"adm0_pcode":"SS","valid_on":"2022-12-19","valid_to":null,"version":"v03","lang":"en","lang1":null,"lang2":null,"lang3":null},"geometry":{"type":"Point","coordinates":[28.333962761000123,9.116672895000022]}},
{"type":"Feature","properties":{"admin_level":3,"name":"Kangi","name1":null,"name2":null,"name3":null,"x_coord":27.63923487,"y_coord":8.21781246,"adm4_name":null,"adm4_name1":null,"adm4_name2":null,"adm4_name3":null,"adm4_pcode":null,"adm3_name":"Kangi","adm3_name1":null,"adm3_name2":null,"adm3_name3":null,"adm3_pcode":"SS090101","adm2_name":"Jur River","adm2_name1":null,"adm2_name2":null,"adm2_name3":null,"adm2_pcode":"SS0901","adm1_name":"Western Bahr el Ghazal","adm1_name1":null,"adm1_name2":null,"adm1_name3":null,"adm1_pcode":"SS09","adm0_name":"South Sudan","adm0_name1":null,"adm0_name2":null,"adm0_name3":null,"adm0_pcode":"SS","valid_on":"2022-12-19","valid_to":null,"version":"v03","lang":"en","lang1":null,"lang2":null,"lang3":null},"geometry":{"type":"Point","coordinates":[27.639234874000181,8.217812463000143]}},
{"type":"Feature","properties":{"admin_level":3,"name":"Kuajiena","name1":null,"name2":null,"name3":null,"x_coord":28.308411,"y_coord":7.22111278,"adm4_name":null,"adm4_name1":null,"adm4_name2":null,"adm4_name3":null,"adm4_pcode":null,"adm3_name":"Kuajiena","adm3_name1":null,"adm3_name2":null,"adm3_name3":null,"adm3_pcode":"SS090103","adm2_name":"Jur River","adm2_name1":null,"adm2_name2":null,"adm2_name3":null,"adm2_pcode":"SS0901","adm1_name":"Western Bahr el Ghazal","adm1_name1":null,"adm1_name2":null,"adm1_name3":null,"adm1_pcode":"SS09","adm0_name":"South Sudan","adm0_name1":null,"adm0_name2":null,"adm0_name3":null,"adm0_pcode":"SS","valid_on":"2022-12-19","valid_to":null,"version":"v03","lang":"en","lang1":null,"lang2":null,"lang3":null},"geometry":{"type":"Point","coordinates":[28.308411001000138,7.221112785000173]}},
{"type":"Feature","properties":{"admin_level":3,"name":"Marial Bai","name1":null,"name2":null,"name3":null,"x_coord":27.97606591,"y_coord":7.84807754,"adm4_name":null,"adm4_name1":null,"adm4_name2":null,"adm4_name3":null,"adm4_pcode":null,"adm3_name":"Marial Bai","adm3_name1":null,"adm3_name2":null,"adm3_name3":null,"adm3_pcode":"SS090104","adm2_name":"Jur River","adm2_name1":null,"adm2_name2":null,"adm2_name3":null,"adm2_pcode":"SS0901","adm1_name":"Western Bahr el Ghazal","adm1_name1":null,"adm1_name2":null,"adm1_name3":null,"adm1_pcode":"SS09","adm0_name":"South Sudan","adm0_name1":null,"adm0_name2":null,"adm0_name3":null,"adm0_pcode":"SS","valid_on":"2022-12-19","valid_to":null,"version":"v03","lang":"en","lang1":null,"lang2":null,"lang3":null},"geometry":{"type":"Point","coordinates":[27.976065906000088,7.848077535000186]}},
{"type":"Feature","properties":{"admin_level":3,"name":"Rocrocdong","name1":null,"name2":null,"name3":null,"x_coord":28.06476606,"y_coord":7.47254648,"adm4_name":null,"adm4_name1":null,"adm4_name2":null,"adm4_name3":null,"adm4_pcode":null,"adm3_name":"Rocrocdong","adm3_name1":null,"adm3_name2":null,"adm3_name3":null,"adm3_pcode":"SS090105","adm2_name":"Jur River","adm2_name1":null,"adm2_name2":null,"adm2_name3":null,"adm2_pcode":"SS0901","adm1_name":"Western Bahr el Ghazal","adm1_name1":null,"adm1_name2":null,"adm1_name3":null,"adm1_pcode":"SS09","adm0_name":"South Sudan","adm0_name1":null,"adm0_name2":null,"adm0_name3":null,"adm0_pcode":"SS","valid_on":"2022-12-19","valid_to":null,"version":"v03","lang":"en","lang1":null,"lang2":null,"lang3":null},"geometry":{"type":"Point","coordinates":[28.06476606200016,7.472546481999984]}},
{"type":"Feature","properties":{"admin_level":3,"name":"Udici","name1":null,"name2":null,"name3":null,"x_coord":27.66117902,"y_coord":7.95288611,"adm4_name":null,"adm4_name1":null,"adm4_name2":null,"adm4_name3":null,"adm4_pcode":null,"adm3_name":"Udici","adm3_name1":null,"adm3_name2":null,"adm3_name3":null,"adm3_pcode":"SS090106","adm2_name":"Jur River","adm2_name1":null,"adm2_name2":null,"adm2_name3":null,"adm2_pcode":"SS0901","adm1_name":"Western Bahr el Ghazal","adm1_name1":null,"adm1_name2":null,"adm1_name3":null,"adm1_pcode":"SS09","adm0_name":"South Sudan","adm0_name1":null,"adm0_name2":null,"adm0_name3":null,"adm0_pcode":"SS","valid_on":"2022-12-19","valid_to":null,"version":"v03","lang":"en","lang1":null,"lang2":null,"lang3":null},"geometry":{"type":"Point","coordinates":[27.661179017000109,7.952886105000061]}},
{"type":"Feature","properties":{"admin_level":3,"name":"Wau Bai","name1":null,"name2":null,"name3":null,"x_coord":28.02629572,"y_coord":7.9395773,"adm4_name":null,"adm4_name1":null,"adm4_name2":null,"adm4_name3":null,"adm4_pcode":null,"adm3_name":"Wau Bai","adm3_name1":null,"adm3_name2":null,"adm3_name3":null,"adm3_pcode":"SS090107","adm2_name":"Jur River","adm2_name1":null,"adm2_name2":null,"adm2_name3":null,"adm2_pcode":"SS0901","adm1_name":"Western Bahr el Ghazal","adm1_name1":null,"adm1_name2":null,"adm1_name3":null,"adm1_pcode":"SS09","adm0_name":"South Sudan","adm0_name1":null,"adm0_name2":null,"adm0_name3":null,"adm0_pcode":"SS","valid_on":"2022-12-19","valid_to":null,"version":"v03","lang":"en","lang1":null,"lang2":null,"lang3":null},"geometry":{"type":"Point","coordinates":[28.026295718000142,7.939577295000049]}},
{"type":"Feature","properties":{"admin_level":3,"name":"Ere","name1":null,"name2":null,"name3":null,"x_coord":25.44066652,"y_coord":9.51471996,"adm4_name":null,"adm4_name1":null,"adm4_name2":null,"adm4_name3":null,"adm4_pcode":null,"adm3_name":"Ere","adm3_name1":null,"adm3_name2":null,"adm3_name3":null,"adm3_pcode":"SS090201","adm2_name":"Raja","adm2_name1":null,"adm2_name2":null,"adm2_name3":null,"adm2_pcode":"SS0902","adm1_name":"Western Bahr el Ghazal","adm1_name1":null,"adm1_name2":null,"adm1_name3":null,"adm1_pcode":"SS09","adm0_name":"South Sudan","adm0_name1":null,"adm0_name2":null,"adm0_name3":null,"adm0_pcode":"SS","valid_on":"2022-12-19","valid_to":null,"version":"v03","lang":"en","lang1":null,"lang2":null,"lang3":null},"geometry":{"type":"Point","coordinates":[25.440666522000129,9.514719961000026]}},
{"type":"Feature","properties":{"admin_level":3,"name":"Raga","name1":null,"name2":null,"name3":null,"x_coord":25.82179432,"y_coord":8.51371664,"adm4_name":null,"adm4_name1":null,"adm4_name2":null,"adm4_name3":null,"adm4_pcode":null,"adm3_name":"Raga","adm3_name1":null,"adm3_name2":null,"adm3_name3":null,"adm3_pcode":"SS090202","adm2_name":"Raja","adm2_name1":null,"adm2_name2":null,"adm2_name3":null,"adm2_pcode":"SS0902","adm1_name":"Western Bahr el Ghazal","adm1_name1":null,"adm1_name2":null,"adm1_name3":null,"adm1_pcode":"SS09","adm0_name":"South Sudan","adm0_name1":null,"adm0_name2":null,"adm0_name3":null,"adm0_pcode":"SS","valid_on":"2022-12-19","valid_to":null,"version":"v03","lang":"en","lang1":null,"lang2":null,"lang3":null},"geometry":{"type":"Point","coordinates":[25.821794318000173,8.513716637000186]}},
{"type":"Feature","properties":{"admin_level":3,"name":"Ringi","name1":null,"name2":null,"name3":null,"x_coord":24.80501203,"y_coord":8.53719693,"adm4_name":null,"adm4_name1":null,"adm4_name2":null,"adm4_name3":null,"adm4_pcode":null,"adm3_name":"Ringi","adm3_name1":null,"adm3_name2":null,"adm3_name3":null,"adm3_pcode":"SS090203","adm2_name":"Raja","adm2_name1":null,"adm2_name2":null,"adm2_name3":null,"adm2_pcode":"SS0902","adm1_name":"Western Bahr el Ghazal","adm1_name1":null,"adm1_name2":null,"adm1_name3":null,"adm1_pcode":"SS09","adm0_name":"South Sudan","adm0_name1":null,"adm0_name2":null,"adm0_name3":null,"adm0_pcode":"SS","valid_on":"2022-12-19","valid_to":null,"version":"v03","lang":"en","lang1":null,"lang2":null,"lang3":null},"geometry":{"type":"Point","coordinates":[24.80501203,8.537196932000029]}},
{"type":"Feature","properties":{"admin_level":3,"name":"Uyujuku","name1":null,"name2":null,"name3":null,"x_coord":25.98728317,"y_coord":7.54227187,"adm4_name":null,"adm4_name1":null,"adm4_name2":null,"adm4_name3":null,"adm4_pcode":null,"adm3_name":"Uyujuku","adm3_name1":null,"adm3_name2":null,"adm3_name3":null,"adm3_pcode":"SS090204","adm2_name":"Raja","adm2_name1":null,"adm2_name2":null,"adm2_name3":null,"adm2_pcode":"SS0902","adm1_name":"Western Bahr el Ghazal","adm1_name1":null,"adm1_name2":null,"adm1_name3":null,"adm1_pcode":"SS09","adm0_name":"South Sudan","adm0_name1":null,"adm0_name2":null,"adm0_name3":null,"adm0_pcode":"SS","valid_on":"2022-12-19","valid_to":null,"version":"v03","lang":"en","lang1":null,"lang2":null,"lang3":null},"geometry":{"type":"Point","coordinates":[25.987283171000172,7.542271872000015]}},
{"type":"Feature","properties":{"admin_level":3,"name":"Bagari","name1":null,"name2":null,"name3":null,"x_coord":27.16596405,"y_coord":7.23156418,"adm4_name":null,"adm4_name1":null,"adm4_name2":null,"adm4_name3":null,"adm4_pcode":null,"adm3_name":"Bagari","adm3_name1":null,"adm3_name2":null,"adm3_name3":null,"adm3_pcode":"SS090301","adm2_name":"Wau","adm2_name1":null,"adm2_name2":null,"adm2_name3":null,"adm2_pcode":"SS0903","adm1_name":"Western Bahr el Ghazal","adm1_name1":null,"adm1_name2":null,"adm1_name3":null,"adm1_pcode":"SS09","adm0_name":"South Sudan","adm0_name1":null,"adm0_name2":null,"adm0_name3":null,"adm0_pcode":"SS","valid_on":"2022-12-19","valid_to":null,"version":"v03","lang":"en","lang1":null,"lang2":null,"lang3":null},"geometry":{"type":"Point","coordinates":[27.165964051000174,7.231564175000017]}},
{"type":"Feature","properties":{"admin_level":3,"name":"Besselia","name1":null,"name2":null,"name3":null,"x_coord":27.16850676,"y_coord":7.8610076,"adm4_name":null,"adm4_name1":null,"adm4_name2":null,"adm4_name3":null,"adm4_pcode":null,"adm3_name":"Besselia","adm3_name1":null,"adm3_name2":null,"adm3_name3":null,"adm3_pcode":"SS090302","adm2_name":"Wau","adm2_name1":null,"adm2_name2":null,"adm2_name3":null,"adm2_pcode":"SS0903","adm1_name":"Western Bahr el Ghazal","adm1_name1":null,"adm1_name2":null,"adm1_name3":null,"adm1_pcode":"SS09","adm0_name":"South Sudan","adm0_name1":null,"adm0_name2":null,"adm0_name3":null,"adm0_pcode":"SS","valid_on":"2022-12-19","valid_to":null,"version":"v03","lang":"en","lang1":null,"lang2":null,"lang3":null},"geometry":{"type":"Point","coordinates":[27.16850675600017,7.861007597000139]}},
{"type":"Feature","properties":{"admin_level":3,"name":"Kpaile","name1":null,"name2":null,"name3":null,"x_coord":27.77699983,"y_coord":7.08554084,"adm4_name":null,"adm4_name1":null,"adm4_name2":null,"adm4_name3":null,"adm4_pcode":null,"adm3_name":"Kpaile","adm3_name1":null,"adm3_name2":null,"adm3_name3":null,"adm3_pcode":"SS090303","adm2_name":"Wau","adm2_name1":null,"adm2_name2":null,"adm2_name3":null,"adm2_pcode":"SS0903","adm1_name":"Western Bahr el Ghazal","adm1_name1":null,"adm1_name2":null,"adm1_name3":null,"adm1_pcode":"SS09","adm0_name":"South Sudan","adm0_name1":null,"adm0_name2":null,"adm0_name3":null,"adm0_pcode":"SS","valid_on":"2022-12-19","valid_to":null,"version":"v03","lang":"en","lang1":null,"lang2":null,"lang3":null},"geometry":{"type":"Point","coordinates":[27.776999827999987,7.085540842000171]}},
{"type":"Feature","properties":{"admin_level":3,"name":"Wau North","name1":null,"name2":null,"name3":null,"x_coord":27.98123047,"y_coord":7.71328903,"adm4_name":null,"adm4_name1":null,"adm4_name2":null,"adm4_name3":null,"adm4_pcode":null,"adm3_name":"Wau North","adm3_name1":null,"adm3_name2":null,"adm3_name3":null,"adm3_pcode":"SS090304","adm2_name":"Wau","adm2_name1":null,"adm2_name2":null,"adm2_name3":null,"adm2_pcode":"SS0903","adm1_name":"Western Bahr el Ghazal","adm1_name1":null,"adm1_name2":null,"adm1_name3":null,"adm1_pcode":"SS09","adm0_name":"South Sudan","adm0_name1":null,"adm0_name2":null,"adm0_name3":null,"adm0_pcode":"SS","valid_on":"2022-12-19","valid_to":null,"version":"v03","lang":"en","lang1":null,"lang2":null,"lang3":null},"geometry":{"type":"Point","coordinates":[27.981230465000067,7.713289034000127]}},
{"type":"Feature","properties":{"admin_level":3,"name":"Wau South","name1":null,"name2":null,"name3":null,"x_coord":28.02095992,"y_coord":7.65502101,"adm4_name":null,"adm4_name1":null,"adm4_name2":null,"adm4_name3":null,"adm4_pcode":null,"adm3_name":"Wau South","adm3_name1":null,"adm3_name2":null,"adm3_name3":null,"adm3_pcode":"SS090305","adm2_name":"Wau","adm2_name1":null,"adm2_name2":null,"adm2_name3":null,"adm2_pcode":"SS0903","adm1_name":"Western Bahr el Ghazal","adm1_name1":null,"adm1_name2":null,"adm1_name3":null,"adm1_pcode":"SS09","adm0_name":"South Sudan","adm0_name1":null,"adm0_name2":null,"adm0_name3":null,"adm0_pcode":"SS","valid_on":"2022-12-19","valid_to":null,"version":"v03","lang":"en","lang1":null,"lang2":null,"lang3":null},"geometry":{"type":"Point","coordinates":[28.020959919000177,7.655021012000077]}},
{"type":"Feature","properties":{"admin_level":3,"name":"Andari","name1":null,"name2":null,"name3":null,"x_coord":27.73453317,"y_coord":4.95293351,"adm4_name":null,"adm4_name1":null,"adm4_name2":null,"adm4_name3":null,"adm4_pcode":null,"adm3_name":"Andari","adm3_name1":null,"adm3_name2":null,"adm3_name3":null,"adm3_pcode":"SS100101","adm2_name":"Ezo","adm2_name1":null,"adm2_name2":null,"adm2_name3":null,"adm2_pcode":"SS1001","adm1_name":"Western Equatoria","adm1_name1":null,"adm1_name2":null,"adm1_name3":null,"adm1_pcode":"SS10","adm0_name":"South Sudan","adm0_name1":null,"adm0_name2":null,"adm0_name3":null,"adm0_pcode":"SS","valid_on":"2022-12-19","valid_to":null,"version":"v03","lang":"en","lang1":null,"lang2":null,"lang3":null},"geometry":{"type":"Point","coordinates":[27.734533174000092,4.952933505000146]}},
{"type":"Feature","properties":{"admin_level":3,"name":"Bagidi","name1":null,"name2":null,"name3":null,"x_coord":27.69194477,"y_coord":5.27141444,"adm4_name":null,"adm4_name1":null,"adm4_name2":null,"adm4_name3":null,"adm4_pcode":null,"adm3_name":"Bagidi","adm3_name1":null,"adm3_name2":null,"adm3_name3":null,"adm3_pcode":"SS100102","adm2_name":"Ezo","adm2_name1":null,"adm2_name2":null,"adm2_name3":null,"adm2_pcode":"SS1001","adm1_name":"Western Equatoria","adm1_name1":null,"adm1_name2":null,"adm1_name3":null,"adm1_pcode":"SS10","adm0_name":"South Sudan","adm0_name1":null,"adm0_name2":null,"adm0_name3":null,"adm0_pcode":"SS","valid_on":"2022-12-19","valid_to":null,"version":"v03","lang":"en","lang1":null,"lang2":null,"lang3":null},"geometry":{"type":"Point","coordinates":[27.691944766000063,5.271414435]}},
{"type":"Feature","properties":{"admin_level":3,"name":"Bariguna","name1":null,"name2":null,"name3":null,"x_coord":27.4386744,"y_coord":5.25150275,"adm4_name":null,"adm4_name1":null,"adm4_name2":null,"adm4_name3":null,"adm4_pcode":null,"adm3_name":"Bariguna","adm3_name1":null,"adm3_name2":null,"adm3_name3":null,"adm3_pcode":"SS100103","adm2_name":"Ezo","adm2_name1":null,"adm2_name2":null,"adm2_name3":null,"adm2_pcode":"SS1001","adm1_name":"Western Equatoria","adm1_name1":null,"adm1_name2":null,"adm1_name3":null,"adm1_pcode":"SS10","adm0_name":"South Sudan","adm0_name1":null,"adm0_name2":null,"adm0_name3":null,"adm0_pcode":"SS","valid_on":"2022-12-19","valid_to":null,"version":"v03","lang":"en","lang1":null,"lang2":null,"lang3":null},"geometry":{"type":"Point","coordinates":[27.438674396000067,5.251502746000028]}},
{"type":"Feature","properties":{"admin_level":3,"name":"Ezo Centre","name1":null,"name2":null,"name3":null,"x_coord":27.54078169,"y_coord":5.01594334,"adm4_name":null,"adm4_name1":null,"adm4_name2":null,"adm4_name3":null,"adm4_pcode":null,"adm3_name":"Ezo Centre","adm3_name1":null,"adm3_name2":null,"adm3_name3":null,"adm3_pcode":"SS100104","adm2_name":"Ezo","adm2_name1":null,"adm2_name2":null,"adm2_name3":null,"adm2_pcode":"SS1001","adm1_name":"Western Equatoria","adm1_name1":null,"adm1_name2":null,"adm1_name3":null,"adm1_pcode":"SS10","adm0_name":"South Sudan","adm0_name1":null,"adm0_name2":null,"adm0_name3":null,"adm0_pcode":"SS","valid_on":"2022-12-19","valid_to":null,"version":"v03","lang":"en","lang1":null,"lang2":null,"lang3":null},"geometry":{"type":"Point","coordinates":[27.540781687000049,5.015943344999982]}},
{"type":"Feature","properties":{"admin_level":3,"name":"Naandi","name1":null,"name2":null,"name3":null,"x_coord":27.91135303,"y_coord":4.89073132,"adm4_name":null,"adm4_name1":null,"adm4_name2":null,"adm4_name3":null,"adm4_pcode":null,"adm3_name":"Naandi","adm3_name1":null,"adm3_name2":null,"adm3_name3":null,"adm3_pcode":"SS100105","adm2_name":"Ezo","adm2_name1":null,"adm2_name2":null,"adm2_name3":null,"adm2_pcode":"SS1001","adm1_name":"Western Equatoria","adm1_name1":null,"adm1_name2":null,"adm1_name3":null,"adm1_pcode":"SS10","adm0_name":"South Sudan","adm0_name1":null,"adm0_name2":null,"adm0_name3":null,"adm0_pcode":"SS","valid_on":"2022-12-19","valid_to":null,"version":"v03","lang":"en","lang1":null,"lang2":null,"lang3":null},"geometry":{"type":"Point","coordinates":[27.911353035000104,4.890731320999976]}},
{"type":"Feature","properties":{"admin_level":3,"name":"Yangiri","name1":null,"name2":null,"name3":null,"x_coord":27.98323026,"y_coord":5.73390029,"adm4_name":null,"adm4_name1":null,"adm4_name2":null,"adm4_name3":null,"adm4_pcode":null,"adm3_name":"Yangiri","adm3_name1":null,"adm3_name2":null,"adm3_name3":null,"adm3_pcode":"SS100106","adm2_name":"Ezo","adm2_name1":null,"adm2_name2":null,"adm2_name3":null,"adm2_pcode":"SS1001","adm1_name":"Western Equatoria","adm1_name1":null,"adm1_name2":null,"adm1_name3":null,"adm1_pcode":"SS10","adm0_name":"South Sudan","adm0_name1":null,"adm0_name2":null,"adm0_name3":null,"adm0_pcode":"SS","valid_on":"2022-12-19","valid_to":null,"version":"v03","lang":"en","lang1":null,"lang2":null,"lang3":null},"geometry":{"type":"Point","coordinates":[27.983230261000188,5.733900291000168]}},
{"type":"Feature","properties":{"admin_level":3,"name":"Ibba Centre","name1":null,"name2":null,"name3":null,"x_coord":29.23783466,"y_coord":4.6912397,"adm4_name":null,"adm4_name1":null,"adm4_name2":null,"adm4_name3":null,"adm4_pcode":null,"adm3_name":"Ibba Centre","adm3_name1":null,"adm3_name2":null,"adm3_name3":null,"adm3_pcode":"SS100201","adm2_name":"Ibba","adm2_name1":null,"adm2_name2":null,"adm2_name3":null,"adm2_pcode":"SS1002","adm1_name":"Western Equatoria","adm1_name1":null,"adm1_name2":null,"adm1_name3":null,"adm1_pcode":"SS10","adm0_name":"South Sudan","adm0_name1":null,"adm0_name2":null,"adm0_name3":null,"adm0_pcode":"SS","valid_on":"2022-12-19","valid_to":null,"version":"v03","lang":"en","lang1":null,"lang2":null,"lang3":null},"geometry":{"type":"Point","coordinates":[29.237834665000037,4.69123969900005]}},
{"type":"Feature","properties":{"admin_level":3,"name":"Madebe","name1":null,"name2":null,"name3":null,"x_coord":28.97356374,"y_coord":4.7697873,"adm4_name":null,"adm4_name1":null,"adm4_name2":null,"adm4_name3":null,"adm4_pcode":null,"adm3_name":"Madebe","adm3_name1":null,"adm3_name2":null,"adm3_name3":null,"adm3_pcode":"SS100202","adm2_name":"Ibba","adm2_name1":null,"adm2_name2":null,"adm2_name3":null,"adm2_pcode":"SS1002","adm1_name":"Western Equatoria","adm1_name1":null,"adm1_name2":null,"adm1_name3":null,"adm1_pcode":"SS10","adm0_name":"South Sudan","adm0_name1":null,"adm0_name2":null,"adm0_name3":null,"adm0_pcode":"SS","valid_on":"2022-12-19","valid_to":null,"version":"v03","lang":"en","lang1":null,"lang2":null,"lang3":null},"geometry":{"type":"Point","coordinates":[28.973563736000131,4.769787302000054]}},
{"type":"Feature","properties":{"admin_level":3,"name":"Manikakara","name1":null,"name2":null,"name3":null,"x_coord":29.17395604,"y_coord":5.25183169,"adm4_name":null,"adm4_name1":null,"adm4_name2":null,"adm4_name3":null,"adm4_pcode":null,"adm3_name":"Manikakara","adm3_name1":null,"adm3_name2":null,"adm3_name3":null,"adm3_pcode":"SS100203","adm2_name":"Ibba","adm2_name1":null,"adm2_name2":null,"adm2_name3":null,"adm2_pcode":"SS1002","adm1_name":"Western Equatoria","adm1_name1":null,"adm1_name2":null,"adm1_name3":null,"adm1_pcode":"SS10","adm0_name":"South Sudan","adm0_name1":null,"adm0_name2":null,"adm0_name3":null,"adm0_pcode":"SS","valid_on":"2022-12-19","valid_to":null,"version":"v03","lang":"en","lang1":null,"lang2":null,"lang3":null},"geometry":{"type":"Point","coordinates":[29.173956043000089,5.251831695000135]}},
{"type":"Feature","properties":{"admin_level":3,"name":"Maruko","name1":null,"name2":null,"name3":null,"x_coord":28.76202677,"y_coord":5.26840943,"adm4_name":null,"adm4_name1":null,"adm4_name2":null,"adm4_name3":null,"adm4_pcode":null,"adm3_name":"Maruko","adm3_name1":null,"adm3_name2":null,"adm3_name3":null,"adm3_pcode":"SS100204","adm2_name":"Ibba","adm2_name1":null,"adm2_name2":null,"adm2_name3":null,"adm2_pcode":"SS1002","adm1_name":"Western Equatoria","adm1_name1":null,"adm1_name2":null,"adm1_name3":null,"adm1_pcode":"SS10","adm0_name":"South Sudan","adm0_name1":null,"adm0_name2":null,"adm0_name3":null,"adm0_pcode":"SS","valid_on":"2022-12-19","valid_to":null,"version":"v03","lang":"en","lang1":null,"lang2":null,"lang3":null},"geometry":{"type":"Point","coordinates":[28.762026773,5.268409425000073]}},
{"type":"Feature","properties":{"admin_level":3,"name":"Nabanga","name1":null,"name2":null,"name3":null,"x_coord":29.22372303,"y_coord":4.47672832,"adm4_name":null,"adm4_name1":null,"adm4_name2":null,"adm4_name3":null,"adm4_pcode":null,"adm3_name":"Nabanga","adm3_name1":null,"adm3_name2":null,"adm3_name3":null,"adm3_pcode":"SS100205","adm2_name":"Ibba","adm2_name1":null,"adm2_name2":null,"adm2_name3":null,"adm2_pcode":"SS1002","adm1_name":"Western Equatoria","adm1_name1":null,"adm1_name2":null,"adm1_name3":null,"adm1_pcode":"SS10","adm0_name":"South Sudan","adm0_name1":null,"adm0_name2":null,"adm0_name3":null,"adm0_pcode":"SS","valid_on":"2022-12-19","valid_to":null,"version":"v03","lang":"en","lang1":null,"lang2":null,"lang3":null},"geometry":{"type":"Point","coordinates":[29.223723030000144,4.476728322000042]}},
{"type":"Feature","properties":{"admin_level":3,"name":"Kozi","name1":null,"name2":null,"name3":null,"x_coord":29.56407719,"y_coord":5.33466041,"adm4_name":null,"adm4_name1":null,"adm4_name2":null,"adm4_name3":null,"adm4_pcode":null,"adm3_name":"Kozi","adm3_name1":null,"adm3_name2":null,"adm3_name3":null,"adm3_pcode":"SS100301","adm2_name":"Maridi","adm2_name1":null,"adm2_name2":null,"adm2_name3":null,"adm2_pcode":"SS1003","adm1_name":"Western Equatoria","adm1_name1":null,"adm1_name2":null,"adm1_name3":null,"adm1_pcode":"SS10","adm0_name":"South Sudan","adm0_name1":null,"adm0_name2":null,"adm0_name3":null,"adm0_pcode":"SS","valid_on":"2022-12-19","valid_to":null,"version":"v03","lang":"en","lang1":null,"lang2":null,"lang3":null},"geometry":{"type":"Point","coordinates":[29.564077192000013,5.334660409000037]}},
{"type":"Feature","properties":{"admin_level":3,"name":"Landili","name1":null,"name2":null,"name3":null,"x_coord":29.89089854,"y_coord":4.67237012,"adm4_name":null,"adm4_name1":null,"adm4_name2":null,"adm4_name3":null,"adm4_pcode":null,"adm3_name":"Landili","adm3_name1":null,"adm3_name2":null,"adm3_name3":null,"adm3_pcode":"SS100302","adm2_name":"Maridi","adm2_name1":null,"adm2_name2":null,"adm2_name3":null,"adm2_pcode":"SS1003","adm1_name":"Western Equatoria","adm1_name1":null,"adm1_name2":null,"adm1_name3":null,"adm1_pcode":"SS10","adm0_name":"South Sudan","adm0_name1":null,"adm0_name2":null,"adm0_name3":null,"adm0_pcode":"SS","valid_on":"2022-12-19","valid_to":null,"version":"v03","lang":"en","lang1":null,"lang2":null,"lang3":null},"geometry":{"type":"Point","coordinates":[29.890898536000066,4.672370115000035]}},
{"type":"Feature","properties":{"admin_level":3,"name":"Mambe","name1":null,"name2":null,"name3":null,"x_coord":29.81557965,"y_coord":4.98387947,"adm4_name":null,"adm4_name1":null,"adm4_name2":null,"adm4_name3":null,"adm4_pcode":null,"adm3_name":"Mambe","adm3_name1":null,"adm3_name2":null,"adm3_name3":null,"adm3_pcode":"SS100303","adm2_name":"Maridi","adm2_name1":null,"adm2_name2":null,"adm2_name3":null,"adm2_pcode":"SS1003","adm1_name":"Western Equatoria","adm1_name1":null,"adm1_name2":null,"adm1_name3":null,"adm1_pcode":"SS10","adm0_name":"South Sudan","adm0_name1":null,"adm0_name2":null,"adm0_name3":null,"adm0_pcode":"SS","valid_on":"2022-12-19","valid_to":null,"version":"v03","lang":"en","lang1":null,"lang2":null,"lang3":null},"geometry":{"type":"Point","coordinates":[29.815579646000117,4.98387946500003]}},
{"type":"Feature","properties":{"admin_level":3,"name":"Maridi","name1":null,"name2":null,"name3":null,"x_coord":29.52224132,"y_coord":4.88317532,"adm4_name":null,"adm4_name1":null,"adm4_name2":null,"adm4_name3":null,"adm4_pcode":null,"adm3_name":"Maridi","adm3_name1":null,"adm3_name2":null,"adm3_name3":null,"adm3_pcode":"SS100304","adm2_name":"Maridi","adm2_name1":null,"adm2_name2":null,"adm2_name3":null,"adm2_pcode":"SS1003","adm1_name":"Western Equatoria","adm1_name1":null,"adm1_name2":null,"adm1_name3":null,"adm1_pcode":"SS10","adm0_name":"South Sudan","adm0_name1":null,"adm0_name2":null,"adm0_name3":null,"adm0_pcode":"SS","valid_on":"2022-12-19","valid_to":null,"version":"v03","lang":"en","lang1":null,"lang2":null,"lang3":null},"geometry":{"type":"Point","coordinates":[29.522241318000113,4.883175315000074]}},
{"type":"Feature","properties":{"admin_level":3,"name":"Ngamunde","name1":null,"name2":null,"name3":null,"x_coord":29.5348656,"y_coord":4.73515601,"adm4_name":null,"adm4_name1":null,"adm4_name2":null,"adm4_name3":null,"adm4_pcode":null,"adm3_name":"Ngamunde","adm3_name1":null,"adm3_name2":null,"adm3_name3":null,"adm3_pcode":"SS100305","adm2_name":"Maridi","adm2_name1":null,"adm2_name2":null,"adm2_name3":null,"adm2_pcode":"SS1003","adm1_name":"Western Equatoria","adm1_name1":null,"adm1_name2":null,"adm1_name3":null,"adm1_pcode":"SS10","adm0_name":"South Sudan","adm0_name1":null,"adm0_name2":null,"adm0_name3":null,"adm0_pcode":"SS","valid_on":"2022-12-19","valid_to":null,"version":"v03","lang":"en","lang1":null,"lang2":null,"lang3":null},"geometry":{"type":"Point","coordinates":[29.534865599000057,4.735156005000022]}},
{"type":"Feature","properties":{"admin_level":3,"name":"Kediba","name1":null,"name2":null,"name3":null,"x_coord":30.76510503,"y_coord":5.51169196,"adm4_name":null,"adm4_name1":null,"adm4_name2":null,"adm4_name3":null,"adm4_pcode":null,"adm3_name":"Kediba","adm3_name1":null,"adm3_name2":null,"adm3_name3":null,"adm3_pcode":"SS100401","adm2_name":"Mundri East","adm2_name1":null,"adm2_name2":null,"adm2_name3":null,"adm2_pcode":"SS1004","adm1_name":"Western Equatoria","adm1_name1":null,"adm1_name2":null,"adm1_name3":null,"adm1_pcode":"SS10","adm0_name":"South Sudan","adm0_name1":null,"adm0_name2":null,"adm0_name3":null,"adm0_pcode":"SS","valid_on":"2022-12-19","valid_to":null,"version":"v03","lang":"en","lang1":null,"lang2":null,"lang3":null},"geometry":{"type":"Point","coordinates":[30.765105029000154,5.511691964000136]}},
{"type":"Feature","properties":{"admin_level":3,"name":"Lakamadi","name1":null,"name2":null,"name3":null,"x_coord":30.49562783,"y_coord":5.67343164,"adm4_name":null,"adm4_name1":null,"adm4_name2":null,"adm4_name3":null,"adm4_pcode":null,"adm3_name":"Lakamadi","adm3_name1":null,"adm3_name2":null,"adm3_name3":null,"adm3_pcode":"SS100402","adm2_name":"Mundri East","adm2_name1":null,"adm2_name2":null,"adm2_name3":null,"adm2_pcode":"SS1004","adm1_name":"Western Equatoria","adm1_name1":null,"adm1_name2":null,"adm1_name3":null,"adm1_pcode":"SS10","adm0_name":"South Sudan","adm0_name1":null,"adm0_name2":null,"adm0_name3":null,"adm0_pcode":"SS","valid_on":"2022-12-19","valid_to":null,"version":"v03","lang":"en","lang1":null,"lang2":null,"lang3":null},"geometry":{"type":"Point","coordinates":[30.495627825000156,5.673431641000093]}},
{"type":"Feature","properties":{"admin_level":3,"name":"Lozoh","name1":null,"name2":null,"name3":null,"x_coord":30.47553813,"y_coord":5.11494687,"adm4_name":null,"adm4_name1":null,"adm4_name2":null,"adm4_name3":null,"adm4_pcode":null,"adm3_name":"Lozoh","adm3_name1":null,"adm3_name2":null,"adm3_name3":null,"adm3_pcode":"SS100403","adm2_name":"Mundri East","adm2_name1":null,"adm2_name2":null,"adm2_name3":null,"adm2_pcode":"SS1004","adm1_name":"Western Equatoria","adm1_name1":null,"adm1_name2":null,"adm1_name3":null,"adm1_pcode":"SS10","adm0_name":"South Sudan","adm0_name1":null,"adm0_name2":null,"adm0_name3":null,"adm0_pcode":"SS","valid_on":"2022-12-19","valid_to":null,"version":"v03","lang":"en","lang1":null,"lang2":null,"lang3":null},"geometry":{"type":"Point","coordinates":[30.475538134000146,5.11494687000004]}},
{"type":"Feature","properties":{"admin_level":3,"name":"Minga","name1":null,"name2":null,"name3":null,"x_coord":30.8289109,"y_coord":5.35154167,"adm4_name":null,"adm4_name1":null,"adm4_name2":null,"adm4_name3":null,"adm4_pcode":null,"adm3_name":"Minga","adm3_name1":null,"adm3_name2":null,"adm3_name3":null,"adm3_pcode":"SS100404","adm2_name":"Mundri East","adm2_name1":null,"adm2_name2":null,"adm2_name3":null,"adm2_pcode":"SS1004","adm1_name":"Western Equatoria","adm1_name1":null,"adm1_name2":null,"adm1_name3":null,"adm1_pcode":"SS10","adm0_name":"South Sudan","adm0_name1":null,"adm0_name2":null,"adm0_name3":null,"adm0_pcode":"SS","valid_on":"2022-12-19","valid_to":null,"version":"v03","lang":"en","lang1":null,"lang2":null,"lang3":null},"geometry":{"type":"Point","coordinates":[30.828910903000121,5.351541670000131]}},
{"type":"Feature","properties":{"admin_level":3,"name":"Witto","name1":null,"name2":null,"name3":null,"x_coord":30.73100265,"y_coord":5.04194488,"adm4_name":null,"adm4_name1":null,"adm4_name2":null,"adm4_name3":null,"adm4_pcode":null,"adm3_name":"Witto","adm3_name1":null,"adm3_name2":null,"adm3_name3":null,"adm3_pcode":"SS100405","adm2_name":"Mundri East","adm2_name1":null,"adm2_name2":null,"adm2_name3":null,"adm2_pcode":"SS1004","adm1_name":"Western Equatoria","adm1_name1":null,"adm1_name2":null,"adm1_name3":null,"adm1_pcode":"SS10","adm0_name":"South Sudan","adm0_name1":null,"adm0_name2":null,"adm0_name3":null,"adm0_pcode":"SS","valid_on":"2022-12-19","valid_to":null,"version":"v03","lang":"en","lang1":null,"lang2":null,"lang3":null},"geometry":{"type":"Point","coordinates":[30.731002652000143,5.041944875000013]}},
{"type":"Feature","properties":{"admin_level":3,"name":"Amadi","name1":null,"name2":null,"name3":null,"x_coord":30.41479139,"y_coord":5.50874714,"adm4_name":null,"adm4_name1":null,"adm4_name2":null,"adm4_name3":null,"adm4_pcode":null,"adm3_name":"Amadi","adm3_name1":null,"adm3_name2":null,"adm3_name3":null,"adm3_pcode":"SS100501","adm2_name":"Mundri West","adm2_name1":null,"adm2_name2":null,"adm2_name3":null,"adm2_pcode":"SS1005","adm1_name":"Western Equatoria","adm1_name1":null,"adm1_name2":null,"adm1_name3":null,"adm1_pcode":"SS10","adm0_name":"South Sudan","adm0_name1":null,"adm0_name2":null,"adm0_name3":null,"adm0_pcode":"SS","valid_on":"2022-12-19","valid_to":null,"version":"v03","lang":"en","lang1":null,"lang2":null,"lang3":null},"geometry":{"type":"Point","coordinates":[30.414791385000058,5.508747135000078]}},
{"type":"Feature","properties":{"admin_level":3,"name":"Bangolo","name1":null,"name2":null,"name3":null,"x_coord":30.33871876,"y_coord":4.80310118,"adm4_name":null,"adm4_name1":null,"adm4_name2":null,"adm4_name3":null,"adm4_pcode":null,"adm3_name":"Bangolo","adm3_name1":null,"adm3_name2":null,"adm3_name3":null,"adm3_pcode":"SS100502","adm2_name":"Mundri West","adm2_name1":null,"adm2_name2":null,"adm2_name3":null,"adm2_pcode":"SS1005","adm1_name":"Western Equatoria","adm1_name1":null,"adm1_name2":null,"adm1_name3":null,"adm1_pcode":"SS10","adm0_name":"South Sudan","adm0_name1":null,"adm0_name2":null,"adm0_name3":null,"adm0_pcode":"SS","valid_on":"2022-12-19","valid_to":null,"version":"v03","lang":"en","lang1":null,"lang2":null,"lang3":null},"geometry":{"type":"Point","coordinates":[30.338718763000088,4.803101185000173]}},
{"type":"Feature","properties":{"admin_level":3,"name":"Kotobi","name1":null,"name2":null,"name3":null,"x_coord":30.20853059,"y_coord":5.15744171,"adm4_name":null,"adm4_name1":null,"adm4_name2":null,"adm4_name3":null,"adm4_pcode":null,"adm3_name":"Kotobi","adm3_name1":null,"adm3_name2":null,"adm3_name3":null,"adm3_pcode":"SS100503","adm2_name":"Mundri West","adm2_name1":null,"adm2_name2":null,"adm2_name3":null,"adm2_pcode":"SS1005","adm1_name":"Western Equatoria","adm1_name1":null,"adm1_name2":null,"adm1_name3":null,"adm1_pcode":"SS10","adm0_name":"South Sudan","adm0_name1":null,"adm0_name2":null,"adm0_name3":null,"adm0_pcode":"SS","valid_on":"2022-12-19","valid_to":null,"version":"v03","lang":"en","lang1":null,"lang2":null,"lang3":null},"geometry":{"type":"Point","coordinates":[30.208530591000113,5.157441713000026]}},
{"type":"Feature","properties":{"admin_level":3,"name":"Mundri","name1":null,"name2":null,"name3":null,"x_coord":30.05377737,"y_coord":5.47271231,"adm4_name":null,"adm4_name1":null,"adm4_name2":null,"adm4_name3":null,"adm4_pcode":null,"adm3_name":"Mundri","adm3_name1":null,"adm3_name2":null,"adm3_name3":null,"adm3_pcode":"SS100504","adm2_name":"Mundri West","adm2_name1":null,"adm2_name2":null,"adm2_name3":null,"adm2_pcode":"SS1005","adm1_name":"Western Equatoria","adm1_name1":null,"adm1_name2":null,"adm1_name3":null,"adm1_pcode":"SS10","adm0_name":"South Sudan","adm0_name1":null,"adm0_name2":null,"adm0_name3":null,"adm0_pcode":"SS","valid_on":"2022-12-19","valid_to":null,"version":"v03","lang":"en","lang1":null,"lang2":null,"lang3":null},"geometry":{"type":"Point","coordinates":[30.053777367000123,5.472712312999988]}},
{"type":"Feature","properties":{"admin_level":3,"name":"Bahr El Grindi","name1":null,"name2":null,"name3":null,"x_coord":30.06416162,"y_coord":6.18246239,"adm4_name":null,"adm4_name1":null,"adm4_name2":null,"adm4_name3":null,"adm4_pcode":null,"adm3_name":"Bahr El Grindi","adm3_name1":null,"adm3_name2":null,"adm3_name3":null,"adm3_pcode":"SS100601","adm2_name":"Mvolo","adm2_name1":null,"adm2_name2":null,"adm2_name3":null,"adm2_pcode":"SS1006","adm1_name":"Western Equatoria","adm1_name1":null,"adm1_name2":null,"adm1_name3":null,"adm1_pcode":"SS10","adm0_name":"South Sudan","adm0_name1":null,"adm0_name2":null,"adm0_name3":null,"adm0_pcode":"SS","valid_on":"2022-12-19","valid_to":null,"version":"v03","lang":"en","lang1":null,"lang2":null,"lang3":null},"geometry":{"type":"Point","coordinates":[30.064161617000082,6.182462385000065]}},
{"type":"Feature","properties":{"admin_level":3,"name":"Bagori","name1":null,"name2":null,"name3":null,"x_coord":29.7933697,"y_coord":5.87754044,"adm4_name":null,"adm4_name1":null,"adm4_name2":null,"adm4_name3":null,"adm4_pcode":null,"adm3_name":"Bagori","adm3_name1":null,"adm3_name2":null,"adm3_name3":null,"adm3_pcode":"SS100602","adm2_name":"Mvolo","adm2_name1":null,"adm2_name2":null,"adm2_name3":null,"adm2_pcode":"SS1006","adm1_name":"Western Equatoria","adm1_name1":null,"adm1_name2":null,"adm1_name3":null,"adm1_pcode":"SS10","adm0_name":"South Sudan","adm0_name1":null,"adm0_name2":null,"adm0_name3":null,"adm0_pcode":"SS","valid_on":"2022-12-19","valid_to":null,"version":"v03","lang":"en","lang1":null,"lang2":null,"lang3":null},"geometry":{"type":"Point","coordinates":[29.793369703000053,5.877540439000143]}},
{"type":"Feature","properties":{"admin_level":3,"name":"Dari","name1":null,"name2":null,"name3":null,"x_coord":30.46083675,"y_coord":5.80127468,"adm4_name":null,"adm4_name1":null,"adm4_name2":null,"adm4_name3":null,"adm4_pcode":null,"adm3_name":"Dari","adm3_name1":null,"adm3_name2":null,"adm3_name3":null,"adm3_pcode":"SS100603","adm2_name":"Mvolo","adm2_name1":null,"adm2_name2":null,"adm2_name3":null,"adm2_pcode":"SS1006","adm1_name":"Western Equatoria","adm1_name1":null,"adm1_name2":null,"adm1_name3":null,"adm1_pcode":"SS10","adm0_name":"South Sudan","adm0_name1":null,"adm0_name2":null,"adm0_name3":null,"adm0_pcode":"SS","valid_on":"2022-12-19","valid_to":null,"version":"v03","lang":"en","lang1":null,"lang2":null,"lang3":null},"geometry":{"type":"Point","coordinates":[30.460836745999984,5.801274677000038]}},
{"type":"Feature","properties":{"admin_level":3,"name":"Kokori","name1":null,"name2":null,"name3":null,"x_coord":29.88669095,"y_coord":6.23497566,"adm4_name":null,"adm4_name1":null,"adm4_name2":null,"adm4_name3":null,"adm4_pcode":null,"adm3_name":"Kokori","adm3_name1":null,"adm3_name2":null,"adm3_name3":null,"adm3_pcode":"SS100604","adm2_name":"Mvolo","adm2_name1":null,"adm2_name2":null,"adm2_name3":null,"adm2_pcode":"SS1006","adm1_name":"Western Equatoria","adm1_name1":null,"adm1_name2":null,"adm1_name3":null,"adm1_pcode":"SS10","adm0_name":"South Sudan","adm0_name1":null,"adm0_name2":null,"adm0_name3":null,"adm0_pcode":"SS","valid_on":"2022-12-19","valid_to":null,"version":"v03","lang":"en","lang1":null,"lang2":null,"lang3":null},"geometry":{"type":"Point","coordinates":[29.88669095299997,6.234975655000028]}},
{"type":"Feature","properties":{"admin_level":3,"name":"Lessi","name1":null,"name2":null,"name3":null,"x_coord":30.32285381,"y_coord":5.9452164,"adm4_name":null,"adm4_name1":null,"adm4_name2":null,"adm4_name3":null,"adm4_pcode":null,"adm3_name":"Lessi","adm3_name1":null,"adm3_name2":null,"adm3_name3":null,"adm3_pcode":"SS100605","adm2_name":"Mvolo","adm2_name1":null,"adm2_name2":null,"adm2_name3":null,"adm2_pcode":"SS1006","adm1_name":"Western Equatoria","adm1_name1":null,"adm1_name2":null,"adm1_name3":null,"adm1_pcode":"SS10","adm0_name":"South Sudan","adm0_name1":null,"adm0_name2":null,"adm0_name3":null,"adm0_pcode":"SS","valid_on":"2022-12-19","valid_to":null,"version":"v03","lang":"en","lang1":null,"lang2":null,"lang3":null},"geometry":{"type":"Point","coordinates":[30.322853809000151,5.945216400000106]}},
{"type":"Feature","properties":{"admin_level":3,"name":"Mvolo","name1":null,"name2":null,"name3":null,"x_coord":30.05049328,"y_coord":6.00494427,"adm4_name":null,"adm4_name1":null,"adm4_name2":null,"adm4_name3":null,"adm4_pcode":null,"adm3_name":"Mvolo","adm3_name1":null,"adm3_name2":null,"adm3_name3":null,"adm3_pcode":"SS100606","adm2_name":"Mvolo","adm2_name1":null,"adm2_name2":null,"adm2_name3":null,"adm2_pcode":"SS1006","adm1_name":"Western Equatoria","adm1_name1":null,"adm1_name2":null,"adm1_name3":null,"adm1_pcode":"SS10","adm0_name":"South Sudan","adm0_name1":null,"adm0_name2":null,"adm0_name3":null,"adm0_pcode":"SS","valid_on":"2022-12-19","valid_to":null,"version":"v03","lang":"en","lang1":null,"lang2":null,"lang3":null},"geometry":{"type":"Point","coordinates":[30.050493285000186,6.00494427000001]}},
{"type":"Feature","properties":{"admin_level":3,"name":"Yeri","name1":null,"name2":null,"name3":null,"x_coord":30.14231998,"y_coord":5.77961847,"adm4_name":null,"adm4_name1":null,"adm4_name2":null,"adm4_name3":null,"adm4_pcode":null,"adm3_name":"Yeri","adm3_name1":null,"adm3_name2":null,"adm3_name3":null,"adm3_pcode":"SS100607","adm2_name":"Mvolo","adm2_name1":null,"adm2_name2":null,"adm2_name3":null,"adm2_pcode":"SS1006","adm1_name":"Western Equatoria","adm1_name1":null,"adm1_name2":null,"adm1_name3":null,"adm1_pcode":"SS10","adm0_name":"South Sudan","adm0_name1":null,"adm0_name2":null,"adm0_name3":null,"adm0_pcode":"SS","valid_on":"2022-12-19","valid_to":null,"version":"v03","lang":"en","lang1":null,"lang2":null,"lang3":null},"geometry":{"type":"Point","coordinates":[30.142319976000181,5.779618470000059]}},
{"type":"Feature","properties":{"admin_level":3,"name":"Nagero","name1":null,"name2":null,"name3":null,"x_coord":27.73919778,"y_coord":6.41688222,"adm4_name":null,"adm4_name1":null,"adm4_name2":null,"adm4_name3":null,"adm4_pcode":null,"adm3_name":"Nagero","adm3_name1":null,"adm3_name2":null,"adm3_name3":null,"adm3_pcode":"SS100701","adm2_name":"Nagero","adm2_name1":null,"adm2_name2":null,"adm2_name3":null,"adm2_pcode":"SS1007","adm1_name":"Western Equatoria","adm1_name1":null,"adm1_name2":null,"adm1_name3":null,"adm1_pcode":"SS10","adm0_name":"South Sudan","adm0_name1":null,"adm0_name2":null,"adm0_name3":null,"adm0_pcode":"SS","valid_on":"2022-12-19","valid_to":null,"version":"v03","lang":"en","lang1":null,"lang2":null,"lang3":null},"geometry":{"type":"Point","coordinates":[27.739197777000129,6.416882217000023]}},
{"type":"Feature","properties":{"admin_level":3,"name":"Basukangbi","name1":null,"name2":null,"name3":null,"x_coord":27.9515395,"y_coord":4.70341132,"adm4_name":null,"adm4_name1":null,"adm4_name2":null,"adm4_name3":null,"adm4_pcode":null,"adm3_name":"Basukangbi","adm3_name1":null,"adm3_name2":null,"adm3_name3":null,"adm3_pcode":"SS100801","adm2_name":"Nzara","adm2_name1":null,"adm2_name2":null,"adm2_name3":null,"adm2_pcode":"SS1008","adm1_name":"Western Equatoria","adm1_name1":null,"adm1_name2":null,"adm1_name3":null,"adm1_pcode":"SS10","adm0_name":"South Sudan","adm0_name1":null,"adm0_name2":null,"adm0_name3":null,"adm0_pcode":"SS","valid_on":"2022-12-19","valid_to":null,"version":"v03","lang":"en","lang1":null,"lang2":null,"lang3":null},"geometry":{"type":"Point","coordinates":[27.951539498000045,4.703411320000043]}},
{"type":"Feature","properties":{"admin_level":3,"name":"Nzara Centre","name1":null,"name2":null,"name3":null,"x_coord":28.20990402,"y_coord":4.70930906,"adm4_name":null,"adm4_name1":null,"adm4_name2":null,"adm4_name3":null,"adm4_pcode":null,"adm3_name":"Nzara Centre","adm3_name1":null,"adm3_name2":null,"adm3_name3":null,"adm3_pcode":"SS100802","adm2_name":"Nzara","adm2_name1":null,"adm2_name2":null,"adm2_name3":null,"adm2_pcode":"SS1008","adm1_name":"Western Equatoria","adm1_name1":null,"adm1_name2":null,"adm1_name3":null,"adm1_pcode":"SS10","adm0_name":"South Sudan","adm0_name1":null,"adm0_name2":null,"adm0_name3":null,"adm0_pcode":"SS","valid_on":"2022-12-19","valid_to":null,"version":"v03","lang":"en","lang1":null,"lang2":null,"lang3":null},"geometry":{"type":"Point","coordinates":[28.209904017000099,4.709309058000031]}},
{"type":"Feature","properties":{"admin_level":3,"name":"Ringasi","name1":null,"name2":null,"name3":null,"x_coord":28.13342515,"y_coord":5.4971286,"adm4_name":null,"adm4_name1":null,"adm4_name2":null,"adm4_name3":null,"adm4_pcode":null,"adm3_name":"Ringasi","adm3_name1":null,"adm3_name2":null,"adm3_name3":null,"adm3_pcode":"SS100803","adm2_name":"Nzara","adm2_name1":null,"adm2_name2":null,"adm2_name3":null,"adm2_pcode":"SS1008","adm1_name":"Western Equatoria","adm1_name1":null,"adm1_name2":null,"adm1_name3":null,"adm1_pcode":"SS10","adm0_name":"South Sudan","adm0_name1":null,"adm0_name2":null,"adm0_name3":null,"adm0_pcode":"SS","valid_on":"2022-12-19","valid_to":null,"version":"v03","lang":"en","lang1":null,"lang2":null,"lang3":null},"geometry":{"type":"Point","coordinates":[28.133425146000036,5.497128599000121]}},
{"type":"Feature","properties":{"admin_level":3,"name":"Sakure","name1":null,"name2":null,"name3":null,"x_coord":28.17028245,"y_coord":4.46696668,"adm4_name":null,"adm4_name1":null,"adm4_name2":null,"adm4_name3":null,"adm4_pcode":null,"adm3_name":"Sakure","adm3_name1":null,"adm3_name2":null,"adm3_name3":null,"adm3_pcode":"SS100804","adm2_name":"Nzara","adm2_name1":null,"adm2_name2":null,"adm2_name3":null,"adm2_pcode":"SS1008","adm1_name":"Western Equatoria","adm1_name1":null,"adm1_name2":null,"adm1_name3":null,"adm1_pcode":"SS10","adm0_name":"South Sudan","adm0_name1":null,"adm0_name2":null,"adm0_name3":null,"adm0_pcode":"SS","valid_on":"2022-12-19","valid_to":null,"version":"v03","lang":"en","lang1":null,"lang2":null,"lang3":null},"geometry":{"type":"Point","coordinates":[28.170282455000063,4.466966678000063]}},
{"type":"Feature","properties":{"admin_level":3,"name":"Sangua","name1":null,"name2":null,"name3":null,"x_coord":28.12085917,"y_coord":4.58629875,"adm4_name":null,"adm4_name1":null,"adm4_name2":null,"adm4_name3":null,"adm4_pcode":null,"adm3_name":"Sangua","adm3_name1":null,"adm3_name2":null,"adm3_name3":null,"adm3_pcode":"SS100805","adm2_name":"Nzara","adm2_name1":null,"adm2_name2":null,"adm2_name3":null,"adm2_pcode":"SS1008","adm1_name":"Western Equatoria","adm1_name1":null,"adm1_name2":null,"adm1_name3":null,"adm1_pcode":"SS10","adm0_name":"South Sudan","adm0_name1":null,"adm0_name2":null,"adm0_name3":null,"adm0_pcode":"SS","valid_on":"2022-12-19","valid_to":null,"version":"v03","lang":"en","lang1":null,"lang2":null,"lang3":null},"geometry":{"type":"Point","coordinates":[28.120859169000141,4.58629875000014]}},
{"type":"Feature","properties":{"admin_level":3,"name":"Mupoi","name1":null,"name2":null,"name3":null,"x_coord":27.71467098,"y_coord":5.56853981,"adm4_name":null,"adm4_name1":null,"adm4_name2":null,"adm4_name3":null,"adm4_pcode":null,"adm3_name":"Mupoi","adm3_name1":null,"adm3_name2":null,"adm3_name3":null,"adm3_pcode":"SS100901","adm2_name":"Tambura","adm2_name1":null,"adm2_name2":null,"adm2_name3":null,"adm2_pcode":"SS1009","adm1_name":"Western Equatoria","adm1_name1":null,"adm1_name2":null,"adm1_name3":null,"adm1_pcode":"SS10","adm0_name":"South Sudan","adm0_name1":null,"adm0_name2":null,"adm0_name3":null,"adm0_pcode":"SS","valid_on":"2022-12-19","valid_to":null,"version":"v03","lang":"en","lang1":null,"lang2":null,"lang3":null},"geometry":{"type":"Point","coordinates":[27.714670978000186,5.568539805000057]}},
{"type":"Feature","properties":{"admin_level":3,"name":"Namutina","name1":null,"name2":null,"name3":null,"x_coord":26.99084845,"y_coord":6.10700404,"adm4_name":null,"adm4_name1":null,"adm4_name2":null,"adm4_name3":null,"adm4_pcode":null,"adm3_name":"Namutina","adm3_name1":null,"adm3_name2":null,"adm3_name3":null,"adm3_pcode":"SS100902","adm2_name":"Tambura","adm2_name1":null,"adm2_name2":null,"adm2_name3":null,"adm2_pcode":"SS1009","adm1_name":"Western Equatoria","adm1_name1":null,"adm1_name2":null,"adm1_name3":null,"adm1_pcode":"SS10","adm0_name":"South Sudan","adm0_name1":null,"adm0_name2":null,"adm0_name3":null,"adm0_pcode":"SS","valid_on":"2022-12-19","valid_to":null,"version":"v03","lang":"en","lang1":null,"lang2":null,"lang3":null},"geometry":{"type":"Point","coordinates":[26.990848455000105,6.107004037000138]}},
{"type":"Feature","properties":{"admin_level":3,"name":"Source Yubu","name1":null,"name2":null,"name3":null,"x_coord":27.35532035,"y_coord":5.44064812,"adm4_name":null,"adm4_name1":null,"adm4_name2":null,"adm4_name3":null,"adm4_pcode":null,"adm3_name":"Source Yubu","adm3_name1":null,"adm3_name2":null,"adm3_name3":null,"adm3_pcode":"SS100903","adm2_name":"Tambura","adm2_name1":null,"adm2_name2":null,"adm2_name3":null,"adm2_pcode":"SS1009","adm1_name":"Western Equatoria","adm1_name1":null,"adm1_name2":null,"adm1_name3":null,"adm1_pcode":"SS10","adm0_name":"South Sudan","adm0_name1":null,"adm0_name2":null,"adm0_name3":null,"adm0_pcode":"SS","valid_on":"2022-12-19","valid_to":null,"version":"v03","lang":"en","lang1":null,"lang2":null,"lang3":null},"geometry":{"type":"Point","coordinates":[27.355320347000145,5.440648124000063]}},
{"type":"Feature","properties":{"admin_level":3,"name":"Tambura","name1":null,"name2":null,"name3":null,"x_coord":27.67711348,"y_coord":5.79628853,"adm4_name":null,"adm4_name1":null,"adm4_name2":null,"adm4_name3":null,"adm4_pcode":null,"adm3_name":"Tambura","adm3_name1":null,"adm3_name2":null,"adm3_name3":null,"adm3_pcode":"SS100904","adm2_name":"Tambura","adm2_name1":null,"adm2_name2":null,"adm2_name3":null,"adm2_pcode":"SS1009","adm1_name":"Western Equatoria","adm1_name1":null,"adm1_name2":null,"adm1_name3":null,"adm1_pcode":"SS10","adm0_name":"South Sudan","adm0_name1":null,"adm0_name2":null,"adm0_name3":null,"adm0_pcode":"SS","valid_on":"2022-12-19","valid_to":null,"version":"v03","lang":"en","lang1":null,"lang2":null,"lang3":null},"geometry":{"type":"Point","coordinates":[27.677113477000148,5.796288529000094]}},
{"type":"Feature","properties":{"admin_level":3,"name":"Bangasu","name1":null,"name2":null,"name3":null,"x_coord":28.70988371,"y_coord":4.72145179,"adm4_name":null,"adm4_name1":null,"adm4_name2":null,"adm4_name3":null,"adm4_pcode":null,"adm3_name":"Bangasu","adm3_name1":null,"adm3_name2":null,"adm3_name3":null,"adm3_pcode":"SS101001","adm2_name":"Yambio","adm2_name1":null,"adm2_name2":null,"adm2_name3":null,"adm2_pcode":"SS1010","adm1_name":"Western Equatoria","adm1_name1":null,"adm1_name2":null,"adm1_name3":null,"adm1_pcode":"SS10","adm0_name":"South Sudan","adm0_name1":null,"adm0_name2":null,"adm0_name3":null,"adm0_pcode":"SS","valid_on":"2022-12-19","valid_to":null,"version":"v03","lang":"en","lang1":null,"lang2":null,"lang3":null},"geometry":{"type":"Point","coordinates":[28.709883711000089,4.721451795000121]}},
{"type":"Feature","properties":{"admin_level":3,"name":"Gangura","name1":null,"name2":null,"name3":null,"x_coord":28.46822972,"y_coord":4.41412243,"adm4_name":null,"adm4_name1":null,"adm4_name2":null,"adm4_name3":null,"adm4_pcode":null,"adm3_name":"Gangura","adm3_name1":null,"adm3_name2":null,"adm3_name3":null,"adm3_pcode":"SS101002","adm2_name":"Yambio","adm2_name1":null,"adm2_name2":null,"adm2_name3":null,"adm2_pcode":"SS1010","adm1_name":"Western Equatoria","adm1_name1":null,"adm1_name2":null,"adm1_name3":null,"adm1_pcode":"SS10","adm0_name":"South Sudan","adm0_name1":null,"adm0_name2":null,"adm0_name3":null,"adm0_pcode":"SS","valid_on":"2022-12-19","valid_to":null,"version":"v03","lang":"en","lang1":null,"lang2":null,"lang3":null},"geometry":{"type":"Point","coordinates":[28.468229724000139,4.414122429000145]}},
{"type":"Feature","properties":{"admin_level":3,"name":"Nadiangere","name1":null,"name2":null,"name3":null,"x_coord":28.52916194,"y_coord":5.59141445,"adm4_name":null,"adm4_name1":null,"adm4_name2":null,"adm4_name3":null,"adm4_pcode":null,"adm3_name":"Nadiangere","adm3_name1":null,"adm3_name2":null,"adm3_name3":null,"adm3_pcode":"SS101003","adm2_name":"Yambio","adm2_name1":null,"adm2_name2":null,"adm2_name3":null,"adm2_pcode":"SS1010","adm1_name":"Western Equatoria","adm1_name1":null,"adm1_name2":null,"adm1_name3":null,"adm1_pcode":"SS10","adm0_name":"South Sudan","adm0_name1":null,"adm0_name2":null,"adm0_name3":null,"adm0_pcode":"SS","valid_on":"2022-12-19","valid_to":null,"version":"v03","lang":"en","lang1":null,"lang2":null,"lang3":null},"geometry":{"type":"Point","coordinates":[28.529161938000072,5.591414446000101]}},
{"type":"Feature","properties":{"admin_level":3,"name":"Ri-rangu","name1":null,"name2":null,"name3":null,"x_coord":28.399683,"y_coord":4.90040928,"adm4_name":null,"adm4_name1":null,"adm4_name2":null,"adm4_name3":null,"adm4_pcode":null,"adm3_name":"Ri-rangu","adm3_name1":null,"adm3_name2":null,"adm3_name3":null,"adm3_pcode":"SS101004","adm2_name":"Yambio","adm2_name1":null,"adm2_name2":null,"adm2_name3":null,"adm2_pcode":"SS1010","adm1_name":"Western Equatoria","adm1_name1":null,"adm1_name2":null,"adm1_name3":null,"adm1_pcode":"SS10","adm0_name":"South Sudan","adm0_name1":null,"adm0_name2":null,"adm0_name3":null,"adm0_pcode":"SS","valid_on":"2022-12-19","valid_to":null,"version":"v03","lang":"en","lang1":null,"lang2":null,"lang3":null},"geometry":{"type":"Point","coordinates":[28.399683003,4.900409280000076]}},
{"type":"Feature","properties":{"admin_level":3,"name":"Yambio Town","name1":null,"name2":null,"name3":null,"x_coord":28.44660931,"y_coord":4.61454763,"adm4_name":null,"adm4_name1":null,"adm4_name2":null,"adm4_name3":null,"adm4_pcode":null,"adm3_name":"Yambio Town","adm3_name1":null,"adm3_name2":null,"adm3_name3":null,"adm3_pcode":"SS101005","adm2_name":"Yambio","adm2_name1":null,"adm2_name2":null,"adm2_name3":null,"adm2_pcode":"SS1010","adm1_name":"Western Equatoria","adm1_name1":null,"adm1_name2":null,"adm1_name3":null,"adm1_pcode":"SS10","adm0_name":"South Sudan","adm0_name1":null,"adm0_name2":null,"adm0_name3":null,"adm0_pcode":"SS","valid_on":"2022-12-19","valid_to":null,"version":"v03","lang":"en","lang1":null,"lang2":null,"lang3":null},"geometry":{"type":"Point","coordinates":[28.446609308000063,4.614547634000132]}},
{"type":"Feature","properties":{"admin_level":3,"name":"Abyei Region","name1":null,"name2":null,"name3":null,"x_coord":28.42794173,"y_coord":9.71681288,"adm4_name":null,"adm4_name1":null,"adm4_name2":null,"adm4_name3":null,"adm4_pcode":null,"adm3_name":"Abyei Region","adm3_name1":null,"adm3_name2":null,"adm3_name3":null,"adm3_pcode":"SS000101","adm2_name":"Abyei Region","adm2_name1":null,"adm2_name2":null,"adm2_name3":null,"adm2_pcode":"SS0001","adm1_name":"Abyei Region","adm1_name1":null,"adm1_name2":null,"adm1_name3":null,"adm1_pcode":"SS00","adm0_name":"South Sudan","adm0_name1":null,"adm0_name2":null,"adm0_name3":null,"adm0_pcode":"SS","valid_on":"2022-12-19","valid_to":null,"version":"v03","lang":"en","lang1":null,"lang2":null,"lang3":null},"geometry":{"type":"Point","coordinates":[28.427941729000111,9.716812877000052]}}
]
}
