Name,HMIS Code,FacilityType,AgencyName,OperationalStatus,DistrictName,Latitude,Longitude,Address,ContactPhone,HasRefrigerator,HasPower,StaffCount,CatchmentRadius
BUKEDEA HEALTH CENTRE,11056452300,clinic,,,Bukedea,1.32936586,34.04269527,,,,,,
KIRINYA,11056451980,clinic,,,Jinja,0.41985779,33.22591326,,,,,,
HEALTH CENTRE II,11001694722,clinic,,,Kyotera,-0.54372605,31.66610268,,,,,,
ANAYVU,11066739666,hospital,,,Arua,2.67783756,30.86074679,,,,,,
PAANJARA H/C II,11054940369,hospital,,,Moyo,3.56685272,31.95046336,,,,,,
Drug Shop,6735301022,doctors,,operational,Rukungiri,-0.40773504,29.77529662,,,,,2,
Drug Shop,5789319881,doctors,,non operational,Obongi,3.43076079,31.57811944,,,,,0,
KAYONZA,11001694637,clinic,,,Rakai,-0.68714176,31.35841257,,,,,,
Green's Pharmacy,3393071090,pharmacy,,,Jinja,0.42471720,33.20739512,,,,,,
HEALTH CENTRE 111,11073166860,hospital,,,Nakasongola,1.45912543,32.42518057,,,,,,
ST MARTIN MABIRA,11029992872,hospital,,,Kyenjojo,0.79574449,30.74746110,,,,,,
KAABONG HOSPITAL,11080417499,hospital,,,Kaabong,3.51206693,34.13199230,,,,,,
Garia,5406574327,doctors,Individual based,operational,Madi Okollo,2.94190665,31.19527995,,,,,,
Sherry Pharmacy,3466160582,pharmacy,,,Wakiso,0.13840463,32.53866668,,,,,,
Rishan Pharmacy,3967544971,pharmacy,,,Kaliro,0.89532753,33.50598039,"Kisla Road, Kaliro",,,,,
Drug Shop,5215671203,pharmacy,Refugee,,Yumbe,3.46667825,31.36875827,,,,,,
Ngeribalya HC II,5606861,clinic,Ministry of Health,,Gomba,0.15023669,32.01779854,,,,,,
BUTALEJA HEALTH CENTRE III,9409475,clinic,,,Butaleja,0.91538182,33.95519910,,,,,,
Marry Drug Shop,6750035912,doctors,,operational,Kanungu,-0.91655805,29.59848968,,,,,1,
Seed Medical Center,8632128748,doctors,private,,Zombo,2.41973328,30.98670492,,,,,2,
Exodus Medical Clinic and Laboratory Services,10198909191,clinic,private,,Lira,2.26500000,32.90707329,Lira,,,,3,
Clinic,5338522790,doctors,No,operational,Arua,3.02930635,30.90305227,,,,,,
Herbal Research Clinic,4041947939,doctors,,,Jinja,0.64670025,33.17093744,"Kamuli Road, Buwenge Town Council",,,,,
Mascot Medical Clinic,4102726436,clinic,,,Kampala,0.27124446,32.60033494,"Boston Lane, Kampala",,,,,
Angela Medical Centre,610302663,doctor,,,Kampala,0.34238193,32.59501076,,,,,,
IMC Wandegeya Clinic,8963716810,clinic,private,,Kampala,0.33217956,32.57386204,,,,,6,
St. Jude Alelluia Clinic,10102878038,doctors,,,Omoro,2.76623797,32.24352772,,,,,,
NKONI,11001694779,clinic,,,Lwengo,-0.34355615,31.63778895,,,,,,
MUZADDE MARTENITY,11010338494,clinic,,,Mukono,0.50664745,32.75224177,,,,,,
SMC - Safe Male Circumscision,3994599525,clinic,,,Wakiso,0.20729155,32.53844305,,,,,,
Drug shop,5215672031,pharmacy,Refugee,,Yumbe,3.33616674,31.30335084,,,,,,
Ainamani vet clinic,5261975721,clinic,,,Rakai,-0.56380775,31.26347704,,,,,,
Joint Medical Centre,3996527072,clinic,,,Wakiso,0.20919784,32.53490203,,,,,,
HEALTH CENTRE 11,11073166852,hospital,,,Dokolo,2.05248983,32.91171854,,,,,,
Said M Dafalla Drug Shop,5573437716,pharmacy,Private,operational,Yumbe,3.42393163,31.15170998,,,,,1,
Bridge International Hospital,8457174017,hospital,,,Jinja,0.43984896,33.19116105,,,,,,
Rift Valley Medical Centre,5677238,clinic,,,Kampala,0.28549328,32.58158965,"Mobutu Road, Kampala",,,,,
HEALTH CENTRE 11,11001694556,clinic,,,Kyotera,-0.67303208,31.67967089,,,,,,
ASABA CO HERBAL CLINIC,11001478416,clinic,,,Kanungu,-0.80294244,29.80660948,,,,,,
MASAFU,11056451934,hospital,,,Busia,0.41260023,34.03458016,,,,,,
St Jude Drug Shop,8515853220,pharmacy,,,Wakiso,0.39146099,32.65947396,,,,,,
Bugoto Health Centre II,5904498,clinic,,,Mayuge,0.32096298,33.62803112,Mayuge,,,,,
IMC Kitgum House Clinic,4114253392,clinic,,,Kampala,0.31620047,32.59291562,"Jinja Road, Kampala",,,,,
Mandela Medical Center,10077679989,clinic,,,Kapchorwa,1.40041289,34.44240024,,,,,,
JOINT MEDICAL CENTRE,11029992859,hospital,,,Kazo,0.05839492,30.86227264,,,,,,
Iremera Health Center,9032325486,doctors,government,,Kisoro,-1.16528843,29.74709596,,,,,11,
Uganda Red Cross,3953213713,clinic,,,Mbale,1.07244687,34.17465249,"32, Maluku Road, mbale",,,,,
SAMARIA H/C II,7747756,clinic,,,Kanungu,-0.71994316,29.74720987,,,,,,
kigenda medical center,10184707805,hospital,,,Kassanda,0.43613276,31.70869088,"2986, Fort Portal - Kampala Road",,,,,
St Patrick Drug Shop,10583475435,clinic,private,,Hoima,1.43919168,31.34473993,Hoima,,,,,
Kal Guru Medical Centre II,5456940766,doctors,,,Amuru,3.02730576,32.08929374,,,,,,
RUBAARE HEALTH CENTRE IV,11001478320,hospital,,,Ntungamo,-1.01774690,30.18469325,,,,,,
JOLLY BIRD PAEDS CLINIC,10017709324,clinic,,,Mbale,1.07334767,34.18111176,,,,,,
MBUYA MILLITARY,11010338477,clinic,,,Kampala,0.33108136,32.62597384,,,,,,
Fr Bernado Satori Medical Centre,10020565445,doctors,,,Arua,3.07228875,30.93932085,,,,,,
KADAMA,11056452178,hospital,,,Kibuku,1.01674459,33.88681827,,,,,,
BWIKARA,11029992891,clinic,,,Kagadi,0.93995379,30.70407863,,,,,,
St Benedict Drug Shop,8274342561,pharmacy,private,,Kisoro,-1.33660824,29.67274672,,,,,1,
BUJALYA HEALTH CENTRE 11,11029992954,clinic,,,Kikuube,1.28988626,31.34211094,,,,,,
HEALTH CENTRE II,11010338238,clinic,,,Mukono,0.26837173,32.87886416,,,,,,
New Grace Medical Clinic,10583475474,clinic,private,,Hoima,1.43413789,31.35491883,Hoima,,,,,
MUZIZI CLINIC,11029993033,clinic,,,Kagadi,0.92091698,30.66497177,,,,,,
Nelton Clinic,10023811280,doctors,,,Arua,3.02583323,30.91296555,,,,,,
KYAFOORA HEALTH CENTRE II,4804090,clinic,,,Ntungamo,-0.91764871,30.06919364,,,,,,
KASHARE HEALTH CENTRE III,9769110,hospital,,,Mbarara,-0.36897653,30.62607605,,,,,,
Pagirinya Health Center II,5789319853,clinic,Medical Teams international,operational,Adjumani,3.38772667,32.01477493,,,,,6,
Peace Drug Shop,3995629936,pharmacy,,,Butaleja,0.92478154,33.98252737,"Butesa Road, Butaleja Town Council",,,,,
Mabuta Health Center,8457496718,hospital,,,Mukono,0.35916937,32.72338120,,,,,,
Ndejje Drug Shop,3775558136,pharmacy,,,Luwero,0.60370436,32.47610952,,,,,,
Okollo Trading Centre,5354389851,doctors,Non,operational,Madi Okollo,2.65204812,31.14558205,,,,,,
Blessed Medical Clinic,8458560019,clinic,,,Kampala,0.36290426,32.62450776,Naalya Road,,,,,
HEALTH CENTRE 111,11010338451,hospital,,,Mityana,0.27139970,32.14532400,,,,,,
Sky Pharmacy,3946191131,pharmacy,,,Mbale,1.07326955,34.17891612,"Republic Street, mbale",,,,,
SUUBI MEDICAL CLINIC,11001694562,clinic,,,Ssembabule,-0.24261004,31.49049024,,,,,,
KYABASAIJA HEALTH CENTRE III,7474547,hospital,,,Kakumiro,0.76061157,31.38075403,,,,,,
Odravu,5354389861,doctors,Life line,operational,Arua,2.82548512,30.99561019,,,,,,
Ssubi life care clinic,10967414986,clinic,,,Kampala,0.31633684,32.54174075,,,,,,
Ndara Doctors Clinic,9147833042,doctors,private,,Kampala,0.37175706,32.56878722,Kanyanya,,,,3,
MedWell Pharma LTD,4102399369,pharmacy,,,Kampala,0.29805029,32.60251642,"Ggaba Road, kampala",,,,,
LOROO HEALTH CENTRE II,11151230016,hospital,,,Amudat,2.21002636,34.88087939,,,,,,
Kasajja,4282479889,doctors,,,Mukono,0.37464614,32.68631164,,,,,,
Kabushaho Health Center III,3672042,clinic,,,Bushenyi,-0.59232257,30.18496666,,,,,,
ATIRA HC III,11073118397,hospital,,,Serere,1.60051649,33.51431569,,,,,,
Ajono Yivu,5354389848,doctors,No,operational,Arua,2.96137999,30.90797999,,,,,,
Healing Touch Drug Shop,10102817898,doctors,,,Gulu,2.75211966,32.30190399,,,,,,
MURAMA H/C II,6917089,clinic,,,Rukungiri,-0.92170496,29.86680529,,,,,,
Pell Pharma limited,4114323949,doctor,,,Kampala,0.32083599,32.57371787,"Bombo Road, Kampala",,,,,
Health Drug Shop,8274304209,pharmacy,private,,Kisoro,-1.23541336,29.71280668,,,,,2,
GOOD SAMARITAN SISTERS HEALTH CENTRE,11010338356,hospital,,,Mukono,0.38988393,32.76676853,,,,,,
Saidina Umar Health Centre,3955128191,clinic,,,Mbale,1.06678850,34.17597013,mbale,,,,,
HEALTH CENTRE II,11001478507,clinic,,,Kanungu,-0.86963364,29.77889967,,,,,,
AYIPE HC III,8543976,hospital,,,Koboko,3.55443426,30.92070825,,,,,,
Health trust pharmacy,10736298495,pharmacy,,,Hoima,1.43297289,31.35037500,,,,,,
NAMABEYA HEALTH CENTRE,11001694770,hospital,,,Gomba,0.14401572,31.88471655,,,,,,
GARASOYA HEALTH CENTRE II,11029993049,clinic,,,Buliisa,1.73018286,31.42216759,,,,,,
Ntandi Health Centre III,1898078,hospital,public,operational,Bundibugyo,0.80050826,30.14443170,,,,,,
KABEMBE H/UNIT II,11056451893,clinic,,,Jinja,0.51960336,33.24216510,,,,,,
AKINO,11066741276,hospital,,,Madi Okollo,2.72919373,31.19171739,,,,,,
St. Kizito Health Center,8560816918,hospital,,,Wakiso,0.47591277,32.67100755,,,,,,
DISPENSARY,11010338361,hospital,,,Mpigi,0.19195359,32.31571242,,,,,,
KIKAATSI H/C 111,11007309001,hospital,,,Kiruhura,-0.36417764,30.80902215,,,,,,
BUDINI HEALTHCENTRE III,11056452171,clinic,,,Kaliro,0.91696583,33.51387597,,,,,,
BETHLEHEM HEALTH CENTRE II,11001694546,clinic,,,Kyotera,-0.57704714,31.46273022,,,,,,
EWADRI,11054940400,hospital,,,Arua,3.06863432,30.96584639,,,,,,
St. Francis Health III Ocodri,5299223123,clinic,Belgian Technical Corporation,operational,Arua,3.07424492,31.06667825,,,,True,,
MARTYRS ANTENATAL,11010338309,clinic,,,Kampala,0.30133516,32.64777677,,,,,,
MUSHANGA,11007309019,hospital,,,Sheema,-0.56900017,30.35035963,,,,,,
New Life Dental Centre,9126238723,dentist,,,Mbale,1.07579695,34.17645653,,,,,,
Bussi Health Center III,1700596,hospital,Wakiso District Local Government,,Wakiso,0.04116784,32.30949816,,,,,,
Munyonyo General Clinic,4107571600,clinic,,,Kampala,0.24649706,32.61389074,"Salaama Road, kampala",,,,,
PAMAKA HEALTH CENTRE II,11066741256,hospital,,,Nebbi,2.37712647,31.11763972,,,,,,
KASHONGI HEALTH CENTRE III,6568629,hospital,,,Kiruhura,-0.28537400,30.64560723,,,,,,
NSANJE HEALTH CENTRE II,11010338107,clinic,,,Kiboga,0.81991697,31.96561574,,,,,,
KAKOOLA H/C II,11073166811,hospital,,,Nakasongola,1.23444114,32.64657346,,,,,,
Pi Lwak Clinic,10102769136,doctors,,,Gulu,2.76514908,32.29945605,,,,,,
Drcki Shop,5306806509,doctors,Amangwa Summary,operational,Madi Okollo,3.12748643,31.37841322,,,,,,
Chihe Health Centre II,6057241,clinic,government,,Kisoro,-1.26274666,29.68225699,,,,,3,
A Email Medical Services,10583475455,clinic,private,,Hoima,1.43436538,31.35242856,Hoima,,,,,
J Plus,3946191099,pharmacy,,,Mbale,1.07404085,34.17772044,"Republic Street, Mbale",,,,,
St. Shevon Medical Center,8453954420,clinic,,,Maracha,3.32172145,30.94301165,Koboko - Arua Road,,,,,
NOAH MEDICAL CLINIC,11066739678,hospital,,,Pakwach,2.46178236,31.50167656,,,,,,
Trinity Drug Shop,10583475438,pharmacy,private,,Hoima,1.44073822,31.34562162,Hoima,,,,,
NAMUSITA HEALTH CENTRE 2,11056452459,clinic,,,Budaka,1.06065236,33.98412496,,,,,,
God's Mercy Drug Shop,10147626094,pharmacy,private,operational,Bundibugyo,0.64959829,30.04313824,,,,,,
KYAMAGOMA H/C II,11001654298,clinic,,,Bukomansimbi,-0.28722138,31.68064285,,,,,,
Medical Clinic,2922835,doctors,,,Kampala,0.39960283,32.58218108,"Gayaza road, kampala",,,,,
PAROLINYA HEALTH CENTRE 111,11054959822,hospital,,,Obongi,3.48527375,31.65502197,,,,,,
LIRA PALWO HC II,11080417495,hospital,,,Agago,2.78399068,33.16643988,,,,,,
EDPA Medical services,10734531425,hospital,private,,Hoima,1.43003663,31.35419673,,,,,,
KYAMBOGHO,11001734126,clinic,,,Kasese,0.03124032,29.73767763,,,,,,
Kathel Medical Centre,3602397,clinic,,,Rwampara,-0.72336658,30.37255148,,,,,,
KAHUNDE HEALTH CENTRE II,2942771,clinic,,,Kagadi,0.91387417,30.89531527,,,,,,
Quality Health Care Clinic and Laboratory Services,3990240803,doctors,,,Tororo,0.79333536,34.17322615,Molo,,,,,
JJKK Human Drug Shop,8274304215,pharmacy,private,,Kisoro,-1.27867504,29.74159324,,,,,2,
ST DENIS H/C III,11001694655,hospital,,,Kyotera,-0.52025857,31.65638278,,,,,,
KANYARYERU HC III,11007309017,hospital,,,Kiruhura,-0.52476275,30.82208678,,,,,,
Nyapea Hospital,8632128768,hospital,private,,Zombo,2.46066966,30.94984902,,,,,22,
FAMILY PLANNING CLINIC,11010338108,clinic,,,Kampala,0.33741213,32.58221436,,,,,,
BUMASEKE H/L III,11056451918,hospital,,,Sironko,1.17225337,34.38494212,,,,,,
KITOKOLO,11010338164,hospital,,,Kassanda,0.61303107,31.88529414,,,,,,
Afia Clinic,8336695381,doctors,private,,Kisoro,-1.28283482,29.69326319,,,,,3,
Okuvu,5354389841,doctors,,operational,Arua,2.95072274,30.93262798,,,,,,
R4 medical clinic,10058403212,clinic,,,Masaka,-0.34647498,31.73818822,,,,,,
Line Drug Shop,3954021734,clinic,,,Sironko,1.15958622,34.29620124,"Buyobo Road, Buyobo",,,,,
Ishongororo Health Centre IV,7717350,hospital,,,Ibanda,0.04938965,30.49893624,,,,,,
Royal Drug Shop,5789318192,doctors,Private,operational,Adjumani,3.18029997,31.65681327,,,,,1,
Kabaya Drug Shop,8274342548,pharmacy,private,,Kisoro,-1.31660441,29.73511822,,,,,1,
RUGAAGA HEALTH CENTRE II,4981146,hospital,,,Ibanda,-0.17708141,30.59386096,,,,,,
Juru Health Centre III,1757598,clinic,MTI,operational,Isingiro,-0.83131963,30.91571456,,,,True,,
MULAGO-MBARARA JOINT HOSPITAL,11007308968,hospital,,,Mbarara,-0.61156683,30.65993400,,,,,,
Asante Medical Clinic,8591802322,clinic,,,Wakiso,0.43574828,32.60174956,,,,,,
NALWEYO HC III,7289707,hospital,,,Kakumiro,1.11914295,31.26124595,,,,,,
ST CATHERINE,11010338446,hospital,,,Kampala,0.32467398,32.57359064,,,,,,
KASASA,11001694606,hospital,,,Kyotera,-0.72552165,31.51171297,,,,,,
BUTENDE HEALTH CENTRE II,4295935,clinic,,,Butambala,0.03697706,31.88577644,,,,,,
Blue Clinics Kireka Center,8412285117,clinic,,,Wakiso,0.34260975,32.64478744,,,,,,
MATUME,11054959855,hospital,,,Yumbe,3.52064572,31.10544615,,,,,,
KOTIDO HC II,11080473439,hospital,,,Kotido,2.99481297,34.11244846,,,,,,
MEDI-SAFE MEDICAL CENTRE,11010338146,hospital,,,Mukono,0.36939588,32.70924889,,,,,,
NUTRITITION UNIT,11056452389,clinic,,,Bulambuli,1.26310315,34.26933196,,,,,,
Signs Pharmacy,8616707618,pharmacy,,,Wakiso,0.43850383,32.60286494,,,,,,
Katera Bemerwa,5639737529,pharmacy,Private,operational,Kikuube,1.13987827,30.71745162,,,,,1,
MUKONO H. CENTRE,11010338112,hospital,,,Mukono,0.36089596,32.74708547,,,,,,
BUKASA,11010338438,hospital,,,Kalangala,-0.41475907,32.50934955,,,,,,
Holly Trinity Drug Shop,10583475479,clinic,private,,Hoima,1.41826760,31.37031027,Hoima,,,,,
HC III,11073118333,hospital,,,Kwania,2.07408203,32.67677723,,,,,,
Vine Pharmacy,8460246120,pharmacy,,,Kampala,0.35468866,32.61204932,Bukoto Ntinda Road,,,,,
KIBUNDAIRE,11056452274,clinic,,,Jinja,0.61558034,33.13955275,,,,,,
MS family health clinic,8420653118,clinic,,,Mukono,0.40810787,32.69427009,,,,,,
NYAMUNUKA MEDICAL CENTRE (CLINIC),11001478493,clinic,,,Ntungamo,-0.83875186,30.09370559,,,,,,
Ariwa Health Centre IV,5559515003,clinic,Ministry Of Health;Action against Hunger,operational,Yumbe,3.24306374,31.39515825,,,,True,31,
ST VICENT DRUG SHOP,11001478334,pharmacy,,,Kanungu,-0.78263611,29.75450246,,,,,,
BUNDEGE HOSPITAL,11056451885,clinic,,,Sironko,1.19718082,34.19346249,,,,,,
KANYANTOROGO HEALTH CENTRE II,11001446294,clinic,,,Kanungu,-0.82425503,29.70881723,,,,,,
Life Line Drug Shop,10583475472,pharmacy,private,,Hoima,1.43441894,31.35215179,Hoima,,,,,
Medical Centre,4095690796,clinic,,,Luwero,0.68419426,32.52366718,,,,,,
BASIRIKA,11010338351,clinic,,,Kampala,0.30028508,32.57664098,,,,,,
TSETSEFLY CONTROL UNIT,11056451919,clinic,,,Buvuma,0.30347213,33.28887199,,,,,,
KAIHURA VIRAMARA H/C II,11029992938,clinic,,,Kyenjojo,0.64326769,30.58448027,,,,,,
NAMATALE HEALTHCENTRE II,11056451840,clinic,,,Buvuma,0.16828075,33.18528793,,,,,,
Mooni Drug Shop,3955045764,clinic,,,Mbale,1.06110054,34.20130058,"Mooni Road, Mbale",,,,,
BBIRA,11010338355,clinic,,,Wakiso,0.32852446,32.49852516,,,,,,
BUGEMBE,11056451976,clinic,,,Jinja,0.46436997,33.23723830,,,,,,
TASO HEALTH UNIT,11151161589,hospital,,,Katakwi,2.05628926,33.97758398,,,,,,
Go Pharmacy,4040429576,pharmacy,,,Jinja,0.43453266,33.21221337,"Main Street, Jinja Central Division",,,,,
MITANDI,11001734080,clinic,,,Kabarole,0.61471382,30.16022169,,,,,,
BUDADIRI MISSION H/CENTRE,11056452363,clinic,,,Sironko,1.17061639,34.32919149,,,,,,
MISHENYI HEALTH CENTRE II,5415632,clinic,,,Kanungu,-0.89953692,29.85890627,,,,,,
YCS DISPENSARY,3805433,hospital,,,Kampala,0.28529170,32.56571986,,,,,,
Astra Pharma Uganda Limited,4124066927,pharmacy,,,Kampala,0.31425092,32.57694248,kampala,,,,,
HEALTH CENTRE 11,11001734117,clinic,,,Bundibugyo,0.66081764,30.04756833,,,,,,
KITOJO CHURCH OF UGANDA HEALTH CENTRE II,11001478328,clinic,,,Rukungiri,-0.86883225,29.94156282,,,,,,
NYAMIRAMA HC II,11001734153,clinic,,,Kasese,0.07833865,29.99122492,,,,,,
Glanhor Medical Clinic,10102833324,doctors,,,Gulu,2.75491427,32.30264495,,,,,,
BUWAMA HEALTH UNIT III,11001694805,hospital,,,Mpigi,0.06133420,32.10695508,,,,,,
Ayiko A,5328918860,doctors,,operational,Arua,3.00350668,30.82909824,,,,,,
ST BERNADINE,11010338172,clinic,,,Kampala,0.36112378,32.55544482,,,,,,
HEALTH CENTRE II,11029992810,clinic,,,Ssembabule,0.11839074,31.09842907,,,,,,
Kadama Health Centre 3,4219317,doctors,,,Kibuku,1.01619684,33.88681987,"Tirinyi Road, Kadama",,,,,
Life Testimony,10102721858,doctors,,,Gulu,2.74356124,32.30281527,,,,,,
RUTI HEALTH CENTRE II,11007309034,hospital,,,Mbarara,-0.63346958,30.61902218,,,,,,
VURRA HEALTH CTR III,11066739701,hospital,,,Arua,2.90748234,30.88120627,Arua,,,,,
LORUKUMO HEALTH CENTRE II,11151161588,hospital,,,Moroto,2.56589372,34.66162238,,,,,,
BUNJAKO HEALTH UNIT II,11001694581,clinic,,,Mpigi,-0.05578781,32.13349009,,,,,,
Namuembi Medical Centre,2061346357,doctors,,,Manafwa,0.95333684,34.28248769,,,,,,
HEALTH CENTRE 11,11010338283,clinic,,,Mityana,0.31207238,32.14986774,,,,,,
KANAMBA HEALTH CENTRE III,9282386,hospital,,,Kasese,0.22567365,30.19554924,,,,,,
Mulungi drug store,8489630618,pharmacy,,,Mukono,0.37436819,32.68575819,,,,,,
Kira Health centre lll,4258427076,hospital,government hospital,,Wakiso,0.40038017,32.63922018,,,,,,
ORUNGO HC III,3792293,hospital,,,Amuria,2.04138096,33.45318077,,,,,,
Uleppi Trading Centre,5354389857,doctors,,operational,Madi Okollo,2.77426323,31.03740328,,,,,,
KICWAMBA HEALTH CENTRE II,11007285492,hospital,,,Mbarara,-0.73497217,30.61610779,,,,,,
Mupaka Drug Shop,6759234878,pharmacy,Private,operational,Kisoro,-1.16195176,29.58356327,,,,,2,
The Total Care Clinic,8515876720,clinic,,,Wakiso,0.39085959,32.65852354,,,,,,
Faith,3966436761,doctors,,,Budaka,1.04104398,34.02264282,"Jinja Mbale, Naboa",,,,,
ST MATIA MULUMBA,11029992817,hospital,,,Kassanda,0.45696506,31.66402229,,,,,,
Drug Shop,6750035908,doctors,,operational,Kanungu,-0.98365091,29.61644137,,,,,1,
HEALTH CENTRE II,11056452208,clinic,,,Bulambuli,1.30649022,34.25559444,,,,,,
Namude Pharmacy,3995629931,pharmacy,,,Butaleja,0.91709785,33.96025062,,,,,,
Top care medical center,8631094122,clinic,,,Wakiso,0.39113309,32.55045507,Bombo Road,,,,,
Okuyo Health Centre II,3425533,clinic,Government of Uganda,,Yumbe,3.30933249,31.33227537,,,,,,
MUKONGORO,11056452164,hospital,,,Kumi,1.32325789,33.88651024,,,,,,
Serenity Centre,5463922570,clinic,,,Wakiso,0.16768169,32.53803779,,,,,,
Kibuku Health Centre II,3968670373,doctors,,,Kibuku,1.04666262,33.80567265,"Palisa Road, Kibuku Town Council",,,,,
MOROTO HOSPITAL,11151161537,hospital,,,Moroto,2.53158835,34.65618018,,,,,,
Metro Health Centre,11016745105,clinic,,,Wakiso,0.27853907,32.47528550,Kampala - Masaka Road,,,,,
ST ANTHONY,11056452276,hospital,,,Tororo,0.68366159,34.17990820,,,,,,
Beatrice Tierney Health Centre,8597201325,pharmacy,,,Namisindwa,0.90237713,34.37931460,,,,,,
Citronate Pharmacy,8684522920,pharmacy,,,Kampala,0.37896198,32.57655607,Gayaza Road,,,,,
BUNYIIRO HEALTH CENTRE II,9689044,clinic,,,Iganga,0.68776596,33.46613475,,,,,,
Mutima medical Center,8684522823,clinic,,,Kampala,0.38447233,32.57729929,Gayaza Road,,,,,
BULUMWAKI HEALTH CENTRE II,11056452287,clinic,,,Iganga,0.71233726,33.47008254,,,,,,
Bupoto Healthy Center,3953772732,clinic,,,Namisindwa,0.90732120,34.35721185,Manafa,,,,,
Bukere Outpost III,6210374891,doctors,AHA,yes,Kyegegwa,0.39698500,31.09190669,,,,,2,
St Mary'S Clinic,10583475450,clinic,private,,Hoima,1.43950499,31.34486323,Hoima,,,,,
MOLO,11056452206,clinic,,,Tororo,0.84000412,34.17404715,,,,,,
BIKONE HEALTH CENTRE II,4933214,clinic,,,Kasese,0.35394334,30.07228203,,,,,,
Braakline Clinic,1227831,clinic,,,Kampala,0.37655076,32.57672178,Gayaza Road,,,,,
Grace Laboratories,8441176717,hospital,,,Iganga,0.61516418,33.47939408,,,,,,
A And B Jose Drug Shop,10102653184,doctors,,,Gulu,2.81251404,32.30732909,,,,,,
Adumi Health Centre IV,10020547615,hospital,,,Arua,3.01372422,30.90023386,,,,,,
Platinum pharmacy,10908571509,pharmacy,,,Hoima,1.43008206,31.35365132,,,,,,
Attiak H/ Centre IV,5456940774,doctor,,,Amuru,3.25545462,32.12068632,,,,,,
Living Hope Medical Clinic,3995426871,doctors,,,Tororo,0.65954778,34.14838638,"Kampala Road, Osukuru",,,,,
Kabweri Health Centre II,3968713206,doctors,,,Kibuku,1.04473764,33.88264979,"Kabweri, Kabweri",,,,,
HEALTH CENTRE III,11029992983,hospital,,,Hoima,1.44243698,31.46465755,,,,,,
Afear Bora Drug Shop,10147636119,pharmacy,private,operational,Bundibugyo,0.86683962,30.17330224,,,,,,
MUZITO,11010338069,clinic,,,Mukono,0.30112142,32.77838165,,,,,,
Roja Drug Shop,10023482326,doctors,,,Arua,3.02376088,30.91077485,,,,,,
BUHANDA,11001734219,clinic,,,Bundibugyo,0.73179048,30.05218533,,,,,,
ODRAKA,11066739669,hospital,,,Madi Okollo,2.83275625,31.12219604,,,,,,
Divine Drug Shop Muni,10020547582,doctors,,,Arua,2.98821508,30.93218450,,,,,,
Afayo Unity Drug Shop,5594324673,pharmacy,Private,operational,Yumbe,3.53859163,31.25495994,,,,,1,
BUYAMBI HEALTH UNIT,11010338053,hospital,,,Mityana,0.51106672,32.03763834,,,,,,
Gichara Health Centre II,7681631,clinic,Government;ICCM,operational,Yumbe,3.48092816,31.11293429,,,,,2,
NABUKALU,11056451909,clinic,,,Bugiri,0.64790037,33.73001189,,,,,,
Honest Medical Center,9909142415,doctor,,,Lira,2.26064903,32.90113597,,,,,,
HEALTH CENTRE 111,11001694585,hospital,,,Kyotera,-0.46079626,31.60093347,,,,,,
New computer lab,9867844544,laboratory,,,Kabale,-1.27145831,29.98541492,,,,,,
Human Blessed Drug Shop,8274342534,pharmacy,private,,Kisoro,-1.31552751,29.78328466,,,,,1,
KIKANDWA,11010338333,clinic,,,Mityana,0.63350378,32.11266970,,,,,,
KIHEMBO DISPENSARY,11001734100,clinic,,,Kabarole,0.63172154,30.25470963,,,,,,
BELIAFE,11054959848,hospital,,,Madi Okollo,3.07339759,31.28221202,,,,,,
MOYO MISSION,11054940373,hospital,,,Moyo,3.65756042,31.71476458,,,,,,
LIFE CARE HEALTH CLINIC,11001694553,clinic,,,Kalungu,-0.14399636,31.87776233,,,,,,
KF Pharmacy,8453962621,pharmacy,,,Kiryandongo,1.95465902,32.14245295,Gulu - Kampala Road,,,,,
TUKU HEALTH CENTRE II,11054959841,hospital,,,Arua,3.10861558,31.02750803,,,,,,
NYONGOZI HEALTH CENTRE II,4217152,clinic,,,Ntungamo,-0.78420604,30.32645210,,,,,,
Micu Health Centre,5309760257,clinic,Micu Catholic Church,operational,Arua,3.11305254,30.86412948,,,,True,,
ST JOSEPH,11010338045,clinic,,,Kampala,0.34170978,32.57633085,,,,,,
Nickel Pharmacy,4064824712,pharmacy,,,Kampala,0.32794620,32.57397587,"Bombo Road, Kampala",,,,,
Parl Medical Clinic,10583475412,clinic,private,,Hoima,1.41986980,31.33936989,Hoima,,,,,
Kristo Pharmacy,8440769021,pharmacy,,,Adjumani,3.37791859,31.79265458,,,,,,
Justine's Drug Shop,3998032244,pharmacy,,,Bugiri,0.50781052,33.77763745,Kapyanga,,,,,
MALONGO,11056452062,clinic,,,Mayuge,0.22630305,33.48519226,,,,,,
ST. JUDE PEOPLES CLINIC,11001478443,clinic,,,Rukungiri,-0.98126475,29.98558373,,,,,,
Rock Vision Pharma,9909257640,doctors,,,Lira,2.21743010,32.89906404,,,,,,
APWORI HEALTH CENTRE III,6571255,hospital,,,Kwania,1.84652443,32.70151105,,,,,,
BISINA HEALTH CENTRE II,9303642,hospital,,,Katakwi,1.85063189,34.06775155,,,,,,
ST ANTHONY,11010338194,clinic,,,Kampala,0.29124519,32.58120367,,,,,,
KASHAKA,11007309039,hospital,,,Rubirizi,-0.14291124,30.03291223,,,,,,
Perlmart Pharmacy,3428758510,pharmacy,,,Kampala,0.34889794,32.59905586,,,,,,
Kyebando Health Clinic Merternity Center,4123360428,doctor,,,Kampala,0.35657174,32.58291399,"Kyebando Ring Road, kampala",,,,,
DR. OPIO HC II,11151230010,hospital,,,Soroti,1.71422656,33.60833030,,,,,,
Kali Health Centre II,9997547,doctors,Local government/medical teams international.;Unicef;Medicalteamsinternational;LWF;IDI;CUAMM.,operational,Obongi,3.47103332,31.56689079,,,,,4,
BUTOLOOGO,11029993023,clinic,,,Mubende,0.80833193,31.53747743,,,,,,
HEALTH CENTRE III,11029992848,clinic,,,Kikuube,1.42114108,31.25187422,,,,,,
NYAKANYINYA HC II,2863014,clinic,,,Rukungiri,-0.71320612,29.95784274,,,,,,
Marphu Drug Shop,5573437712,pharmacy,Marphu drug shop,operational,Yumbe,3.39795662,31.16847169,,,,,2,
Health Centre III Yinga,4888131316,clinic,Government of Uganda,operational,Arua,3.26052777,31.24223378,,,,,,
ALIWANG HEALTH CENTRE III,6458947,hospital,,,Otuke,2.42514464,33.28341403,,,,,,
Bukendi Health Center 2,4050202979,doctors,,,Luuka,0.76055005,33.36198172,Luuka,,,,,
BUSUNGA HEALTH CENTRE II,11001734204,clinic,,,Bundibugyo,0.63599639,29.97189055,,,,,,
Amaniyo Drug Shop,5789318207,doctors,Private,operational,Adjumani,3.28704493,31.88750822,,,,,1,
ADUKU MISSION HEALTH CENTRE II,4110080,hospital,,,Kwania,1.99003208,32.71265429,,,,,,
Trinity Medical Centre,542570655,doctors,,,Bududa,1.01183925,34.33099284,,,,,,
MACHS HEALTH CENTER,11010338030,clinic,,,Kampala,0.37922710,32.55754684,,,,,,
St Mark Drug Shop,9992537218,doctor,,,Lira,2.23334255,32.89298197,,,,,,
Maratatu OPD,6007027149,doctors,MSF,operational,Kikuube,1.17775802,30.79399810,,,,,27,
BIGAAGA HEALTH CENTRE II,11001446292,clinic,,,Rukungiri,-0.78505747,29.83617547,,,,,,
Home Care Clinic,5789319856,doctors,Private;None,operational,Adjumani,3.39213329,32.01889992,,,,,1,
EMESCO HEALTH CENTRE,11029979777,clinic,,,Kibaale,0.76284577,31.07729687,,,,,,
NDAAPI H/C II,11054959816,hospital,,,Arua,3.22001912,31.15248430,,,,,,
KALAGALA HEALTH CENTRE 11,11056452290,clinic,,,Buikwe,0.51564525,33.02815482,,,,,,
ST FRANCIS OF ASSISI MATERNITY HOME,11001694801,hospital,,,Kalungu,-0.14327267,31.87773543,,,,,,
Hope Comprehensive Medical Centre,10102721892,doctors,,,Gulu,2.78317512,32.31590503,,,,,,
Olwal Health Centre II,5456940757,doctors,,,Amuru,2.83768448,32.07898425,,,,,,
Paraa Dispensary,3713816553,pharmacy,,,Masindi,2.25827704,31.53781757,,,,,,
KIKUUBE HEALTHCENTRE IV,11029992923,hospital,,,Kikuube,1.34031439,31.22202887,,,,,,
PAUL'S CLINIC,11001730389,clinic,,,Kasese,0.05354230,30.05165518,,,,,,
Good Hope Medical Clinic And Laboratory Services,10198909177,clinic,private,,Lira,2.26730435,32.89862818,Lira,,,,2,
IRONGO H/C III,4778812,hospital,,,Luuka,0.73528037,33.25128838,,,,,,
Professor Wamukota Memorial Health centre,3953380283,clinic,,,Mbale,0.86957095,34.17181489,"Mbale Tororo road, mbale",,,,,
Uganda Virus Research Institute Clinic,3727814014,clinic,,,Wakiso,0.07189414,32.46017326,,,,,,
KANAWAT HC III,8491550,hospital,,,Kotido,2.93864140,33.89150275,,,,,,
Cinoma Pharmacy,9909133565,pharmacy,,,Lira,2.24152505,32.88841802,,,,,,
HAHOOLA HC II,5226287,clinic,,,Butaleja,0.85469776,33.89332867,,,,,,
Lwoso Central Clinic,3947997573,doctors,,,Mbale,1.08876316,34.23494629,"Buchikari Street, mbale",,,,,
Pubungu Modern Clinic,8494122135,clinic,,,Nebbi,2.48105294,31.09841356,,,,,,
Dr. E. G. Mugadou - Ear & throat,3941923364,doctors,,,Kampala,0.31496330,32.58234277,,,,,,
BUKANGA H/C III,5174910,hospital,,,Luuka,0.70811345,33.35775079,,,,,,
Ocen Drugshop,3990903355,clinic,,,Tororo,0.62465610,34.09736975,Magola,,,,,
Tumaini Hospital,8684522929,hospital,,,Kampala,0.36776065,32.57853244,Bahai Road,,,,,
LAMEZIA HOSPITAL,11029979769,clinic,,,Kazo,0.12802213,30.89041354,,,,,,
ST AGATHA,11001694577,hospital,,,Ssembabule,-0.26089868,31.35570958,,,,,,
ATABU HEALTH CENTRE 11,11073118368,hospital,,,Dokolo,2.05048740,33.13229586,,,,,,
Gamatimbei,3959785081,doctor,,,Bulambuli,1.29367798,34.35185045,Namisuni,,,,,
Euro Group Pharmacy,3653099410,pharmacy,,,Kampala,0.31901142,32.59231815,,,,,,
BULIISA HEALTH CENTRE,11066741251,hospital,,,Buliisa,2.11654182,31.41183379,,,,,,
Health Centre Point Services,4121413930,clinic,,,Kampala,0.31502918,32.57738269,"Johnson Street, kampala",,,,,
ILY Pharmaceuticals Limited,4123414707,pharmacy,,,Kampala,0.31395705,32.57683879,"William Street, Kampala",,,,,
Nyakabande Health Center II,8274342517,clinic,government,,Kisoro,-1.27943000,29.74204997,,,,,6,
Unity Drug Shop.,5789319898,doctors,,non operational,Obongi,3.48599996,31.64152996,,,,,1,
PURANGA HC II,11073166730,hospital,,,Pader,2.63637907,32.92992638,,,,,,
ST PETER'S HEALTH CENTER II,11056452116,clinic,,,Iganga,0.56159719,33.45147488,,,,,,
Bulalu Health Centre II,4050456346,doctors,,,Luuka,0.86685672,33.32233289,Bukooma,,,,,
IHUNGA HEALTH UNIT II,11001446301,clinic,,,Ntungamo,-0.83228061,30.17800776,,,,,,
SCO. Ggeera Drug Shop,7060166180,pharmacy,,,Kampala,0.36490762,32.55839953,,,,,,
MUSENENE,11001734015,hospital,,,Kasese,0.01559717,29.81057018,,,,,,
ARIBI AFYA'S CLINIC,11073166766,hospital,,,Dokolo,1.94633764,33.10607610,,,,,,
Fula Baseline Santula Medical Complex Drug shop,5789318240,doctors,Private,operational,Adjumani,3.46955324,31.87990827,,,,,1,
Pajulu,5406574330,doctors,Individual based,operational,Arua,2.91852165,31.00559664,,,,,,
New Life Medical Center,3946019055,clinic,,,Mbale,0.97992063,34.20422192,"Mbale Manafwa, mbale",,,,,
LUGAZI MISSION,11010338211,clinic,,,Buikwe,0.36370406,32.93721528,,,,,,
MOHT Pharmacy,8539745320,pharmacy,,,Wakiso,0.38620025,32.65321595,,,,,,
Sure Step Drug Shop,3955128193,pharmacy,,,Mbale,1.05276423,34.16813733,"Marare Road, mbale",,,,,
OFUA,11054959899,hospital,,,Adjumani,3.25539235,31.78600313,,,,,,
IRIMYA HEALTH CENTRE 11,11007309044,hospital,,,Ibanda,-0.14309514,30.27943742,,,,,,
Emerald Community Medical Center,10102833338,doctors,,,Gulu,2.78723774,32.31039360,,,,,,
KYANTONGO,11010338152,hospital,,,Mityana,0.58246520,32.02581038,,,,,,
HEALTH CENTRE III,11054959871,hospital,,,Moyo,3.56710267,31.92410353,,,,,,
PUNENA HC II,1104152,hospital,,,Gulu,2.87745376,32.33186175,,,,,,
LOTEDE HEALTH CENTRE 11,11151161579,hospital,,,Nabilatuk,2.06875542,34.58739526,,,,,,
KASHARENGENYI,11001478501,hospital,,,Kabale,-1.34293692,30.04784175,,,,,,
BOU MEDICAL CENTER,11010338299,hospital,,,Kampala,0.31925466,32.57267416,,,,,,
KAYANJA,11001734221,clinic,,,Kasese,-0.08371044,29.76405339,,,,,,
Denture Care,8460245525,dentist,,,Kampala,0.34311224,32.59256726,Old Kiira Road,,,,,
OCAN COMMUNITY CLINIC,11073166752,hospital,,,Alebtong,2.20659238,33.19290054,,,,,,
BATTA HEALTH CENTRE 111,11073166723,hospital,,,Dokolo,2.07265367,33.21045233,,,,,,
AA Health Care,10102653183,doctors,,,Gulu,2.75492626,32.30803367,,,,,,
Zenah Drug Shop,4086620658,clinic,,,Kampala,0.37230767,32.58552387,"Kitara Road, kampala",,,,,
Family Pharmacy,4064826985,pharmacy,,,Kampala,0.32086919,32.57369809,"Bombo Road, Kampala",,,,,
Family Health Centre,3953213710,clinic,,,Mbale,1.07125714,34.18040483,"Plot 56, Naboa Road, mbale",,,,,
Harma Hospital,10020565425,hospital,,,Arua,3.03170777,30.90403664,,,,,,
JOINT MEDICAL RESEARCH CENTRE SERVICE,11056452344,doctor,,,Jinja,0.43197970,33.20761523,,,,,,
Bidibidi Reception Health Centre III,5948762065,clinic,Action Against Hunger;IRC;NRC;TPO;Peace Winds;World Vision,operational,Yumbe,3.48804825,31.39796325,,,,True,9,
Rokana Pharmacy,4102399382,doctors,,,Kampala,0.28873934,32.60671818,"Ggaba Road, kampala",,,,,
Life Saving Centre,3074789356,clinic,,,Kumi,1.47147039,33.86648193,,,,,,
KABALEGA MEDICAL CENTRE,11029993000,clinic,,,Hoima,1.43457928,31.35050332,,,,,,
BISON HEALTH CENTRE III,5820030,hospital,,,Tororo,0.70149049,34.17857372,,,,,,
Saint Frances Drug shop,3990269125,pharmacy,,,Tororo,0.75284398,34.12780956,Kisoko,,,,,
Good Hope Medical Center,8453954423,clinic,,,Koboko,3.42326586,30.97304946,Moyo Road,,,,,
COMMUNITY POVERTY ALLEVIATION UG RURAL MEDICAL CENTER,11029992921,clinic,,,Kakumiro,0.92243729,31.42696472,,,,,,
KIBATE HC III,8385203,hospital,,,Bunyangabu,0.55750615,30.13295536,,,,,,
Rock Drug Shop,3958427003,clinic,,,Kapchorwa,1.39588272,34.45049942,"Kapchorwa Stage, Kapchorwa Town Council",,,,,
NYABBANI H/C III,7162952,hospital,,,Kitagwenda,0.08910336,30.39822617,,,,,,
KINYATSI,11001734029,hospital,,,Kasese,0.11696933,29.74451693,,,,,,
St. Mary's Drugshop,4824896921,pharmacy,,,Wakiso,0.22992864,32.55062338,,,,,,
MBARARA EPICENTRE,11007308912,hospital,,,Mbarara,-0.31542656,30.54861025,,,,,,
MARIE STOPES UGANDA,10128402887,clinic,,,Masaka,-0.34425017,31.73937049,,,,,,
NNINDYE HEALTH CENTRE 11,11001694653,clinic,,,Mpigi,-0.04351930,31.98836448,,,,,,
Kabigi Muslim HC III,9796703,hospital,Private Not for Profit,,Bukomansimbi,-0.16160364,31.66760522,,,,,,
Genesis Psychiatric Clinic,3967544901,clinic,,,Kaliro,0.89111437,33.50408767,"Iganga Road, Kaliro",,,,,
KASONGANYANJA,11001734118,hospital,,,Bunyangabu,0.42396609,30.21166034,,,,,,
KASOJO HEALTH CENTRE II,11029992942,clinic,,,Kagadi,1.01060753,30.66226106,,,,,,
Bukinda Health Center,2073075501,hospital,,,Ntungamo,-1.01705766,30.18830526,,,,,,
JOY MEDICAL CENTER,11010338050,hospital,,,Kampala,0.29308125,32.56783143,,,,,,
Hannah Islamic Health Center,4121028171,doctors,,,Kampala,0.31205084,32.57607947,"Ben Kiwanuka Street, Kampala",,,,,
Health Link,4121413931,pharmacy,,,Kampala,0.31450129,32.57726929,kampala,,,,,
KAREERA,11007308953,hospital,,,Sheema,-0.62147717,30.30631827,,,,,,
Agiermach,8632128772,clinic,private,,Zombo,2.57476664,30.86308996,,,,,17,
Drug Shop,5639737534,pharmacy,Private,operational,Kikuube,1.18721826,30.78319324,,,,,1,
Run Dental Clinic,9147833048,clinic,private,,Kampala,0.36242448,32.57380898,Kanyanya,,,,11,
Drug Shop,8453951422,pharmacy,,,Madi Okollo,3.05867780,31.31642569,Eden III;Eden IV,,,,,
ATUTUR HOSPITAL,11056451908,clinic,,,Kumi,1.40982367,33.99135435,,,,,,
St. John's Kisiza Medical Centre,8336695398,doctors,private,,Kisoro,-1.15099393,29.63010119,,,,,1,
Makindye Maternity Home,9420355,clinic,,,Kampala,0.28834614,32.57719837,"Namasole Kiyemba Road, Kampala",,,,,
Good Shepherd Drug Shop,9147833019,clinic,private,,Kampala,0.38224718,32.56041512,,,,,1,
TORO KAHUNA HCIII,11029992844,hospital,,,Kabarole,0.81036764,30.41495569,,,,,,
ANGELA DOMICILIARY CLINIC KYAKABALE,11007285458,hospital,,,Mbarara,-0.32403956,30.58103045,,,,,,
KAKOMA HEALTH CENTRE II,11001694741,clinic,,,Lwengo,-0.47442674,31.35587747,,,,,,
Diana Najjuma Lwasa Clinic,8283089151,clinic,Island Mission Uganda,,Wakiso,-0.02389986,32.28114855,,,,,,
TOROMA HC III,11151161547,hospital,,,Katakwi,1.75221167,33.95722157,,,,,,
KIYINDA,11010338054,clinic,,,Mityana,0.39564079,32.05239929,,,,,,
KIGINGI HEALTH UNIT,11073118349,hospital,,,Buyende,1.33529598,33.06232935,,,,,,
Dubai,5406574328,doctors,God's Grace,operational,Arua,2.94662265,30.96216598,,,,,,
AKUGORA CLINIC,11010334398,hospital,,,Kampala,0.35124445,32.55848284,,,,,,
Yogi Limited,4064824227,doctor,,,Kampala,0.32086399,32.57364420,"10, Bombo Road, kampala",,,,,
OKOLLO HC 3,9500812,hospital,,,Madi Okollo,2.65549367,31.14758659,,,,,,
Jim Medical Centre,8575855517,clinic,,,Kabarole,0.65537007,30.27384510,,,,,,
BUYENGO,11056452374,clinic,,,Busia,0.41357069,34.08312873,,,,,,
Bulumbi Health Centre 3,4728564,doctors,,,Busia,0.49223192,33.99083887,"Busia Road, Bulumbi",,,,,
RUKONI HEALTH CENTRE II,11001478319,clinic,,,Ntungamo,-0.78566441,30.12802320,,,,,,
Boom Pharmacy and Cosmetics,5391630124,pharmacy,,,Kampala,0.36645257,32.62453802,,,,,,
AKETA HEALTH CENTRE III,7235216,hospital,,,Katakwi,2.11223319,33.95125273,,,,,,
EYE CARE CENTRE,11001694590,doctors,,,Kyotera,-0.63082853,31.54434590,,,,,,
Bukoto HC3 6 PEP,7651410074,clinic,,,Butambala,0.03699198,31.88576797,,,,,,
Kpc clinic,4086729491,clinic,,,Kampala,0.38271783,32.58017848,"Kazanyiro road, kampala",,,,,
Noorain Health Care,5338522785,doctors,,operational,Arua,3.03349873,30.91358153,,,,,,
OCEA H/C 11,11054940370,hospital,,,Madi Okollo,3.07374108,31.28212158,,,,,,
Desire clinic,8684523021,clinic,,,Kampala,0.37583972,32.57620939,Gayaza Road,,,,,
BUSHARA H/L II,11029992988,clinic,,,Kazo,0.13406473,30.82419105,,,,,,
KICWAMBA HEALTH CENTRE II,11007285470,hospital,,,Kitagwenda,0.02871158,30.38707019,,,,,,
LUMINO,11056451960,clinic,,,Busia,0.33060326,33.99880830,,,,,,
BUGOLOBI,11010338134,hospital,,,Kampala,0.31982665,32.62265813,,,,,,
Dr. Lubega,1327549525,doctors,,,Kampala,0.35069258,32.56298820,Bombo Road,,,,,
KIKANDWA,11029993015,clinic,,,Kassanda,0.57943338,31.66741965,,,,,,
Koboli Health Centre 2,1854429,clinic,,,Bukedea,1.24766653,33.94792277,"Pallisa Road, Kidongole",,,,,
KEYO,11054940374,hospital,,,Adjumani,3.43751342,31.80697582,,,,,,
Central,5333865329,clinic,Government,operational,Arua,3.01675118,30.93458658,,,,True,,
NKOKO HEALTH CENTRE II,1060783,clinic,,,Kasese,0.24438348,30.21606487,,,,,,
MUGARUTSYA HEALTH CENTRE II,8345651,hospital,,,Mbarara,-0.51269005,30.49263993,,,,,,
Medical center and Pharmacy,9794272428,pharmacy,,,Wakiso,0.47204393,32.55175050,,,,,,
Community Pharmacy,1655899459,pharmacy,,,Gulu,2.77244578,32.30007732,,,,,,
INTECTIOUS DISEASE INSTITUTE,11010338460,hospital,,,Kiboga,0.91214305,31.76862903,,,,,,
HOIMA REGIONAL REFERRAL HOSPITAL,11029992880,clinic,,,Hoima,1.42807149,31.35532443,,,,,,
NAWANZU,11056452187,clinic,,,Iganga,0.54235989,33.49289397,,,,,,
FAMILY RESEARCH HEALTH CENTRE,11029992904,clinic,,,Kiruhura,-0.07507692,31.05302036,,,,,,
Kisembo Medical Clinic,10583475441,clinic,private,,Hoima,1.42599663,31.34636493,Hoima,,,,,
New World Drug Shop.,5789319901,doctors,,non operational,Obongi,3.48489782,31.62539396,,,,,,
BUTAAKA,11010338316,clinic,,,Butambala,0.24919226,32.16598405,,,,,,
Namwendwa Clinic,2874396068,clinic,,,Kamuli,0.92401208,33.26635225,,,,,,
Affirm Pharmacy,4114246921,pharmacy,,,Kampala,0.31431672,32.58561498,"Kimathi Avenue, Kampala",,,,,
BMC KABWOHE,11007309043,hospital,,,Sheema,-0.57945886,30.37442399,,,,,,
Markom Pharmacy,8684524123,pharmacy,,,Kampala,0.36246882,32.58829233,Bahai Road,,,,,
Gayatri Pharmacy,4043422955,pharmacy,,,Jinja,0.43045503,33.21313622,"Lady Alice Muloki Road, Jinja Central Division",,,,,
Capacities For Health Pharmacy,3998656327,pharmacy,,,Namayingo,0.34327720,33.87642069,"Main Street Namayingo, Namayingo Town Council",,,,,
Good Choice Drug Shop,3958426626,pharmacy,,,Bukedea,1.19524267,34.09240306,Kachumbala,,,,,
St. Jeremiah Drug Shop,5789318252,doctors,Private,operational,Adjumani,3.38093322,32.01812493,,,,,0,
Jersey Medical Centre,4105119546,clinic,,,Kampala,0.25462659,32.60589835,"salaama Road, Kampala",,,,,
Midas Care (u) Limited,4124066943,pharmacy,,,Kampala,0.31432150,32.57703434,kampala,,,,,
HEALTH CENTRE II,11007309042,hospital,,,Kitagwenda,0.12475445,30.45153247,,,,,,
KANYUM,11056452305,clinic,,,Kumi,1.38511382,33.91539419,,,,,,
Kaluba Health Centre III,5723256,clinic,,,Mayuge,0.39088398,33.52645008,,,,,,
LOROO HC II,11151230045,hospital,,,Amudat,2.20778814,34.89870979,,,,,,
BBAKA,11001694505,clinic,,,Kyotera,-0.67443018,31.68146252,,,,,,
TROPICAL HEALTH CLINIC,11056451936,clinic,,,Iganga,0.60935443,33.47585147,,,,,,
MAKIRO HC III,1070452,hospital,,,Kanungu,-0.89924037,29.77533962,,,,,,
Bushenyi health CIV,9857391217,hospital,,,Bushenyi,-0.54049994,30.19043804,Kk street,,,,,
Clinic,6750035913,clinic,Ministry Of Health,operational,Kanungu,-0.90836508,29.61346168,,,,,2,
MPOMA,11010338284,clinic,,,Mukono,0.30882062,32.77793213,,,,,,
KAMUKUZI DIVISION COUNCIL HC II,11007285483,hospital,,,Mbarara,-0.59663271,30.65874603,,,,,,
KALOWANG,11066741294,hospital,,,Nebbi,2.55055417,31.04895950,,,,,,
Gildt Clinic,4121620275,clinic,,,Kampala,0.34375187,32.59304420,kampala,,,,,
GLOBE CLINIC,11010338115,hospital,,,Kampala,0.27356734,32.58776452,,,,,,
IBUGA PRISONS,11001734169,clinic,,,Kasese,0.32636436,30.25174403,,,,,,
Cathy Mercy Drug Shop,3955077827,clinic,,,Mbale,1.08358147,34.15953280,"Wandawa Cell, mbale",,,,,
Lifecare Clinic,8280279733,doctors,private,,Kisoro,-1.29451223,29.60740148,,,,,1,
IBUN BAZ HEALTH UNIT II,11056452113,clinic,,,Iganga,0.62691192,33.50462034,,,,,,
The People's Clinic,4069755457,doctors,,,Iganga,0.61676303,33.48122687,Northern Division,,,,,
KISAMBA HC II,9720227,clinic,,,Kasese,0.29963900,30.06762186,,,,,,
AROI,11054940356,hospital,,,Arua,3.11076789,30.89738384,,,,,,
NYONDO CLINIC,11010338016,hospital,,,Kampala,0.31430658,32.58832015,,,,,,
intra health,10017934051,clinic,,,Mbale,1.07174354,34.19459396,,,,,,
KAKUNDI HC II,9592997,clinic,,,Rakai,-0.61019077,31.24686453,,,,,,
Onered Clinic,6210374903,clinic,Community,yes,Kyegegwa,0.38438993,31.09565164,,,,,4,
MAIRO HEALTH CENTRE III,11056452249,clinic,,,Buyende,1.27198528,33.19597570,,,,,,
ST JUDE DISPENSARY,11066741209,hospital,,,Madi Okollo,2.78630986,31.03093564,,,,,,
Rela Drugshop,10583475411,clinic,private,,Hoima,1.41722958,31.38101722,Hoima,,,,,
MEDICAL AND EYECARE UNIT,11056438798,clinic,,,Jinja,0.59129009,33.31563793,,,,,,
Ebenezer Clinic,3953776279,clinic,,,Manafwa,1.00346598,34.33456337,Kaato,,,,,
SITE FOR KATUULO HEALTH CENTRE II,11001694727,hospital,,,Lwengo,-0.47446890,31.26917204,,,,,,
BWASE HEALTH CENTRE II,3108562,clinic,,,Jinja,0.65351499,33.16420594,,,,,,
KAWOLO,11010338500,hospital,,,Buikwe,0.36845015,32.94257895,,,,,,
NSAMBYA POLICE,11010338439,clinic,,,Kampala,0.31046163,32.59049517,,,,,,
KATWE CENTRAL,11010338329,hospital,,,Kampala,0.29858213,32.57416689,,,,,,
God's Glory Clinic,8632128798,doctors,private,,Zombo,2.36642798,30.87451239,,,,,1,
ALADO H/L II,11073166740,hospital,,,Apac,1.89673203,32.43372006,,,,,,
IMC Clinic,8435293717,clinic,,,Wakiso,0.24998092,32.56091628,Entebbe Road,,,,,
MWIZI HEALTH CENTRE III,5603676,hospital,,,Rwampara,-0.76983812,30.60158665,,,,,,
Joint Pharmacy,8684522633,pharmacy,,,Kampala,0.38197225,32.57719217,Gayaza Road,,,,,
MAKINDYE DOM,11010338512,hospital,,,Kampala,0.28331994,32.58159032,,,,,,
HEALTH CENTRE III PADWOLT PADYERE,11066741234,hospital,,,Nebbi,2.51061742,31.20027607,,,,,,
Maternity Clinic,605253836,doctors,,,Kampala,0.33400598,32.62854239,,,,,,
Bubeke HC III,4716337,clinic,Ministry of Health,,Kalangala,-0.32032897,32.57857309,,,,,,
BUWENGE HEALTH CENTRE,11056452365,clinic,,,Jinja,0.64741673,33.17264484,,,,,,
St. Nicolas Clinic,8963738673,clinic,private,,Kampala,0.34929666,32.56861916,,,,,4,
Drug shop,5215672030,pharmacy,Refugee,,Yumbe,3.37987492,31.30861669,,,,,,
ALONI HEALTH CENTRE II,4038002,hospital,,,Oyam,2.49645812,32.62606713,,,,,,
Christ Jesus Reigns Medical Services,10583475426,clinic,private,,Hoima,1.42284378,31.34052333,Hoima,,,,,
Aisha Medical Centre,8684522922,pharmacy,,,Kampala,0.39269950,32.58048475,Gayaza Road,,,,,
AID INFORMATION CENTRE,11007285489,hospital,,,Mbarara,-0.60796312,30.66719113,,,,,,
St Francis Nagala Hospital,2079955527,hospital,,,Mukono,0.61258297,32.82162196,,,,,,
HEALTH CENTRE II,11001694634,clinic,,,Rakai,-0.77586177,31.20901127,,,,,,
KASESE NH,11001734025,hospital,,,Kasese,0.17768952,30.07743079,,,,,,
MASESE PORT,11056452454,clinic,,,Jinja,0.43740907,33.24040079,,,,,,
NYANTABOOMA HEALTH CENTRE II,11001734007,clinic,,,Kabarole,0.74245260,30.29882795,,,,,,
Glory Land Drug shop,10026557462,clinic,,,Mbale,1.05653307,34.16055103,,,,,,
Lucy Health Care,6288776628,clinic,Lucy,Operational,Isingiro,-0.77080170,30.95667826,,,,True,,
KINYARUGONJO,11029992984,clinic,,,Kagadi,1.09015079,30.93512923,,,,,,
Citronate Pharmacy,9147833039,pharmacy,private,,Kampala,0.37899668,32.57655456,Kanyanya,,,,4,
Elshaddai Pharmacy,3210406648,pharmacy,,,Luwero,0.83297070,32.49926193,,,,,,
Bwambale Bernard Drug Shop,10147636118,pharmacy,private,operational,Bundibugyo,0.68338323,30.07185330,,,,,,
RAKAI HEALTH SCIENCE PROGRAMME,11001654285,hospital,,,Kyotera,-0.53838561,31.62159042,,,,,,
KOLOLO JOINT CLINIC,11010338522,clinic,,,Kampala,0.33960978,32.58588094,,,,,,
Angel's Health Care,4089998416,doctors,,,Kampala,0.36591697,32.55483479,"Lugoba Road, kampala",,,,,
Avicenna Dental Center,3943791191,clinic,,,Mbale,1.07663966,34.17561289,"17, Palisa Road, Mbale",,,,,
BUSIRIBA HEALTH CENTRE II,3720721,clinic,,,Kamwenge,0.39622694,30.47138183,,,,,,
Mobile Clinic,5215672051,clinic,RMF,,Yumbe,3.37358992,31.32215238,,,,,,
KYANKWANZI UC,11010338526,hospital,,,Kyankwanzi,1.19925174,31.78514448,,,,,,
Kulikulinga Health Centre III,7576269,clinic,Government of Uganda,,Yumbe,3.34363652,31.24709235,,,,,,
Kyakuwa Clinic,3328436510,clinic,,,Kampala,0.30232749,32.61866114,,,,,,
Passy Drug Shop,10583475483,pharmacy,private,,Hoima,1.43811326,31.34500823,Hoima,,,,,
OUR LADY FATUMA,11029992814,clinic,,,Mubende,0.56560676,31.39678166,,,,,,
PRESBETARIAN HEALTH UNIT,11056452202,clinic,,,Budaka,1.14521277,33.96188233,,,,,,
RWESHANDE H/C 11,11007309053,hospital,,,Kiruhura,-0.34003466,30.91132605,,,,,,
KIBIRI HEALTH CENTRE II,9448012,clinic,,,Kasese,0.11047939,30.01481939,,,,,,
Mummy's Pharmacy,8465151422,pharmacy,,,Wakiso,0.39722556,32.63860344,,,,,,
GOLI H/C II,11066741216,hospital,,,Nebbi,2.38851136,31.02850288,,,,,,
Mahapa Clinic,3955147959,clinic,,,Sironko,1.17313708,34.36376835,"Bumasifwa Road, Buhugu",,,,,
Rock pharmacy,4102399381,doctors,,,Kampala,0.28484402,32.60841216,"Ggaba Road, kampala",,,,,
HEALTH CENTRE II,11001478429,clinic,,,Kanungu,-0.92365836,29.69209953,,,,,,
KASULE,11029992990,hospital,,,Kyegegwa,0.52379649,31.17425395,,,,,,
Waibuga Health Centre II,4050080880,hospital,,,Luuka,0.63359137,33.38474227,Waibuga,,,,,
Kakoro Health Center III,4173589,hospital,,,Butebo,1.17747287,34.05591412,,,,,,
St. R Bridget Drug Shop,5789318199,doctor,,operational,Adjumani,3.21796824,31.65120829,,,,,1,
Meddi Clinic,8963738670,clinic,private,,Kampala,0.34725324,32.56686667,,,,,2,
BITOOMA,11007285454,hospital,,,Bushenyi,-0.42531231,30.17493135,,,,,,
PANYIMUR,11066741290,hospital,,,Pakwach,2.24795749,31.31658160,,,,,,
Cal Dental Clinic,8481522621,dentist,,,Wakiso,0.37576252,32.64415629,Kyaliwajjala - Naalya Road,,,,,
Qure Tech Pharmacy,10103314430,pharmacy,,,Masaka,-0.31775891,31.75936753,Masaka,,,,,
Taoky Medical Clinic,6253881,clinic,,,Namayingo,0.34135607,33.87543967,"Namayingo Central, Namayingo Town Council",,,,,
SEBAGORO HEALTH CENTRE II,11029979780,clinic,,,Kikuube,1.44221042,30.91183366,,,,,,
Mukaayi Medical Centre,8684526217,clinic,,,Kampala,0.36528724,32.57537942,Gayaza Road,,,,,
Mpererwe Stage Medical Centre,5565987,hospital,,,Kampala,0.38082050,32.57660904,Gayaza Road,,,,,
NAMUWONGO NURSING,11010338163,clinic,,,Kampala,0.30476286,32.61393265,,,,,,
MIRAMBI,11001730385,clinic,,,Bundibugyo,0.63338250,30.02472446,,,,,,
NG Ebenezer Medical Services,4100092167,clinic,,,Kampala,0.29496885,32.57688657,"Kayemba Road, Kampala",,,,,
OUR LADY OF HEALTH GIULIANOBOATO DISPENSARY KA,11001694532,hospital,,,Lwengo,-0.54818036,31.39951332,,,,,,
KASONGA,11029992943,clinic,,,Kikuube,1.15004083,30.75692544,,,,,,
Budwale,3953235792,clinic,,,Mbale,1.07234645,34.25047175,"Wanganha Road, Mbale",,,,,
His Mercy Drug Shop,9147833053,clinic,private,,Kampala,0.36915884,32.57243754,Kanyanya,,,,1,
HOLLYLAND MEDICAL CENTRE,11007285462,hospital,,,Mbarara,-0.42102647,30.48308338,,,,,,
KARAMBI,11001734037,hospital,,,Kasese,0.05997298,29.73744302,,,,,,
CHAWENTE HC III,4772369,hospital,,,Kwania,1.78495004,32.65253836,,,,,,
Mpigi HC IV,7815980,clinic,Ministry of Health,,Mpigi,0.22109654,32.32957147,,,,,,
Kisaasi Church of Uganda Medical Centre,9119644078,clinic,,,Kampala,0.37009778,32.59799807,,,,,,
St Péter Drug Shop,5308494951,pharmacy,Private,,Arua,3.04889829,30.94367165,,,,,,
St. Mauritz Health Centre III,10102878037,hospital,,,Gulu,2.80042457,32.30207749,,,,,,
SIR ALBERT COOK,11010338067,hospital,,,Kampala,0.28445325,32.58290008,,,,,,
Yesu Afuga,3967508370,clinic,,,Kaliro,1.10967367,33.50622572,"Gadumire Road, Kaliro",,,,,
Morikiswa Health centre II,7054513,doctors,,,Tororo,0.74267514,34.07797303,"Nagongera road, Kisoko",,,,,
ARUA DISPENSARY,11066741270,hospital,,,Arua,3.01859528,30.91162922,,,,,,
MAWAGALA H/UNIT II,11056451916,clinic,,,Iganga,0.69090817,33.43579444,,,,,,
CLINIC,11056452322,clinic,,,Kumi,1.36013415,34.01338099,,,,,,
Safe Care Medical Clinic,8280279735,doctors,private,,Kisoro,-1.29415676,29.60228676,,,,,3,
Koro Health Center III,7066139,clinic,International Red Cross,,Yumbe,3.52104763,31.33487996,,,,,,
LOPUYO HC III,11080473411,hospital,,,Kotido,3.14411915,34.03085005,,,,,,
TEXAS MEDICINE NETWORK,11007309002,hospital,,,Mbarara,-0.61360414,30.64689452,,,,,,
Nsamu/Kyali HC III,1729136,hospital,Ministry of Health,,Mpigi,0.17279013,32.33182528,,,,,,
Nyarusiza Health Center III,7430892,clinic,government,,Kisoro,-1.32068313,29.67906248,,,,,9,
IMG Pharmaceuticals Ltd,4005818522,pharmacy,,,Kampala,0.32768418,32.60626723,,,,,,
BIBIA HC II,11080473449,hospital,,,Amuru,3.47845927,32.07899322,,,,,,
Kagoda Drug Shop,4043649803,pharmacy,,,Jinja,0.61688188,33.29863658,"Kakira Road, Busedde",,,,,
KIHEMBO HEALTH CENTRE II,11001734138,clinic,,,Kabarole,0.60888663,30.29251486,,,,,,
KASANDA,11010338365,hospital,,,Kassanda,0.55171652,31.82144718,,,,,,
Trinity Medical Clinic,9909257633,doctor,,,Lira,2.26631302,32.90361952,,,,,,
Shalom Medicare and Diagnostic center,8421001317,clinic,,,Wakiso,0.41079066,32.57196589,,,,,,
Bj Pharmacy,3334349787,pharmacy,,,Hoima,1.43259503,31.35165978,,,,,,
MPERERWE MED CENTER,11010338541,hospital,,,Kampala,0.39720486,32.58147759,,,,,,
HEALTH CENTRE II,11056452320,clinic,,,Sironko,1.20453468,34.32912686,,,,,,
Pi Wan Pharmacy,10102769134,pharmacy,,,Gulu,2.76546198,32.29636045,,,,,,
NYABUGANDO HEALTH CENTRE 111,9599290,hospital,,,Kasese,0.02903353,29.74041659,,,,,,
Bugobero Health Centre IV,2195828,hospital,,,Manafwa,0.86500088,34.25237428,Bugobero,,,,,
Hammar Medical Services,4090056195,doctors,,,Kampala,0.34076439,32.57209522,Kampala,,,,,
KITWE HEALTH CENTRE II,2361302,clinic,,,Gomba,0.31440883,31.59583568,,,,,,
Julia's Clinic,8632128765,doctors,private,,Zombo,2.42230828,30.99115823,,,,,0,
NALINAIBI,11056452297,clinic,,,Jinja,0.56968355,33.34575243,,,,,,
AWEINGWEC HEALTH CENTRE II,11073166741,hospital,,,Oyam,2.45895497,32.68261036,,,,,,
BIKURUNGU HC III,5370736,hospital,,,Rukungiri,-0.64324942,29.84195035,,,,,,
BINGOHEALTH CENTRE II,11056452042,clinic,,,Butaleja,0.91122339,33.87399354,,,,,,
KAMPALA ROYAL,11010338034,hospital,,,Kampala,0.28497452,32.55525045,,,,,,
BS medical center,8532711217,clinic,,,Kampala,0.31212535,32.54823689,Kalema Road,,,,,
Nature's Health,4126680487,pharmacy,,,Kampala,0.32039309,32.59077614,"Yusuf Lule Road, Kampala",,,,,
KIMWANYI,11001694652,clinic,,,Lwengo,-0.33280854,31.68674672,,,,,,
SEETA NAZIGO,11010338192,clinic,,,Mukono,0.33311288,32.78936295,,,,,,
RAKAI PROJECT,11001694759,hospital,,,Kyotera,-0.55830906,31.48923044,,,,,,
Life Care Drug Shop,8274304187,pharmacy,private,,Kisoro,-1.12577153,29.68173446,,,,,1,
Royal Health Care,7820364,doctors,,,Kampala,0.37064294,32.55943955,,,,,,
Life care day clinic and dairy,9822485367,clinic,,,Kabale,-1.26158644,29.98021202,,,,,,
LOTOME HEALTH CENTRE III,6819575,hospital,,,Napak,2.35952599,34.53469413,,,,,,
Sparta Medical Services,4105120489,clinic,,,Kampala,0.26488796,32.59641473,"Salaama Road, Kampala",,,,,
Sanyu Pharmacy,3967544973,pharmacy,,,Kaliro,0.89767715,33.50310799,Kaliro,,,,,
BUGAMBE,11029992818,hospital,,,Kikuube,1.42096833,31.25241779,,,,,,
KWERINDA,11010338070,clinic,,,Kampala,0.30045498,32.57628760,,,,,,
Duka Wa Dawa Pharmacy,9391213174,pharmacy,,,Soroti,1.71547957,33.61690440,,,,,,
Lourilet Pharmacy,6560481987,pharmacy,,,Wakiso,0.33243504,32.49143114,Fort Portal - Kampala Road,,,,,
KANSENENE MEDICAL CENTRE,11001734016,clinic,,,Kabarole,0.70834227,30.31046965,,,,,,
HEALTH CENTRE II,11010338498,clinic,,,Mityana,0.60219008,31.92975084,,,,,,
Drug Shop,5573437704,pharmacy,Private,operational,Yumbe,3.44462764,31.25430104,,,,,1,
HEALTH CENTRE,11066741255,hospital,,,Madi Okollo,2.77455793,31.03782506,,,,,,
INOMO HC II,11073166705,hospital,,,Kwania,2.07567460,32.67789194,,,,,,
BUHANDAGAZI HEALTH CENTRE II,9047328,clinic,,,Rukungiri,-0.84959872,29.92615445,,,,,,
BUBALYA HEALTH CENTRE II,11056438786,clinic,,,Butaleja,0.88687354,33.90003142,,,,,,
PLAN AND HEALTH,11073118364,hospital,,,Kwania,1.99485452,32.71259587,,,,,,
Kisenyi Health Centre II,6735301023,clinic,JMS; MSF;,operational,Rubirizi,-0.31119504,29.86866993,,,,,6,
LEFORI HEALTH CENTRE III,4375173,hospital,,,Moyo,3.58473065,31.58378778,,,,,,
Asaba Awewa Drug Shop,3966532489,pharmacy,,,Budaka,1.07122135,33.92913490,Kanyumu,,,,,
Human Diagnostics Uganda Ltd,4118807651,clinic,,,Kampala,0.30951313,32.57888305,"Entebbe Road, Kampala",,,,,
Lira University Teaching Hospital,9909142406,hospital,,,Lira,2.25658674,32.82460567,,,,,,
Kololo Polyclinic & X-Ray Services,6577080017,clinic,private,,Kampala,0.34094963,32.58849349,,,,,,
Gahenerezo Drug Shop,6759234868,pharmacy,Private,operational,Kisoro,-1.36631765,29.77677888,,,,,1,
Rest Health care,9004625817,hospital,,,Kampala,0.39209097,32.57579348,,,,,,
Mpendo Packer Medical Center,8559338318,doctors,,,Jinja,0.68786973,33.16522325,,,,,,
Ruseke Health Centre III,8336695399,clinic,government,,Kisoro,-1.19077621,29.63376408,,,,,8,
HEALTH CENTRE,11073118400,hospital,,,Lira,2.25049989,32.83631334,,,,,,
Providence Dental Clinic,4114323951,doctor,,,Kampala,0.31854380,32.57509318,"Kyogwe, Kampala",,,,,
St.George Clinic,5979143987,clinic,,,Kabarole,0.65777283,30.26850247,Rwengoma Path,,,,,
Christian Medical Centre,9909133566,doctor,,,Lira,2.25770263,32.90347292,,,,,,
OVUJO H/C III,5574013,hospital,,,Maracha,3.22797866,30.91208754,,,,,,
RAMOGI HEALTH CENTRE II,8214972,hospital,,,Moyo,3.64604025,31.74867616,,,,,,
Ababo and Sons Clinic,5299222402,doctors,,operational,Arua,3.11376165,31.13663999,,,,,,
BUFUNDI,11001478311,hospital,,,Rubanda,-1.28953271,29.86242793,,,,,,
PACEGO H/C III,11066741289,hospital,,,Pakwach,2.50304076,31.46228036,,,,,,
KITHOLHU HEALTH CENTRE III,2245116,hospital,,,Kasese,0.10899035,29.76245839,,,,,,
KANYOGOGA SUB- DISPENSARY,11010338253,clinic,,,Mukono,0.41632238,32.86258676,,,,,,
Grand Medicare,8493415224,clinic,,,Wakiso,0.39748674,32.63955454,,,,,,
VAPCODE DISPENSARY,11010338033,hospital,,,Mityana,0.41542887,31.98265037,,,,,,
OMUGO,11054959832,hospital,,,Arua,3.27657358,31.11571993,,,,,,
OMIYA ANYIM HC II,11080473453,hospital,,,Kitgum,3.27423243,33.22367328,,,,,,
Mukisa Medical Clinic,4048902056,clinic,,,Mayuge,0.53195065,33.54276185,Musila-Bugiri road,,,,,
Aggie Pharmacy,616175887,pharmacy,,,Kampala,0.30720392,32.60065848,,,,,,
Kakoni Outpost,6210374894,doctors,Clinical Officer,yes,Kyegegwa,0.33833665,31.06107495,,,,,2,
Divine Health Care Drug Shop,6007027158,doctors,private,operational,Yumbe,3.33639665,31.30309327,,,,,3,
NAMUGONGO HEALTH CENTRE 111,7499701,clinic,,,Kaliro,0.89230963,33.47070540,,,,,,
Lydia Drug shop,3948075269,pharmacy,,,Mbale,0.92789642,34.22554490,"Bugobero, Mbale",,,,,
Attiak Health Centre III,5456940773,doctor,,,Amuru,3.28383969,32.11905947,,,,,,
Kidongole Health Centre 3,1815873,doctors,,,Bukedea,1.26069494,33.97990073,"Bukedea road, Kidongole",,,,,
HIMA STAR CLINIC,11001734097,clinic,,,Kasese,0.29758158,30.18003157,,,,,,
Mukisa Drug Shop,3998656352,pharmacy,,,Namayingo,0.34282625,33.87725955,"Main Street Namayingo, Namayingo Town Council",,,,,
Anzoa Medical Bureau,5789318228,doctors,Private,operational,Adjumani,3.40929666,31.73570165,,,,,1,
MORULINGA HC II,9668020,hospital,,,Napak,2.41460624,34.46728208,,,,,,
IGANGA HOSPITAL,11056452350,clinic,,,Iganga,0.61652783,33.48509067,,,,,,
Alpha & Omega Medical Center Clinic,4102724057,clinic,,,Kampala,0.28080017,32.60113583,"Soweto Road, Kampala",,,,,
MEDICAL SUPRITENDANT'S HOUSE,11001478399,doctors,,,Kanungu,-0.80908847,29.80480922,,,,,,
ELIOFE,11054959881,hospital,,,Maracha,3.14735875,30.84114295,,,,,,
MBN Lab Lira,8594729417,clinic,,,Lira,2.25743047,32.89483085,Police Road,,,,,
Hoima Pharmacy,10583475449,pharmacy,private,,Hoima,1.42045988,31.33968933,Hoima,,,,,
Marie Stopes,10763857296,clinic,,,Hoima,1.43550297,31.34891353,,,,,,
Kathy Clinic,4107571591,clinic,,,Kampala,0.27940123,32.60324137,kampala,,,,,
KWAPA,11056451850,clinic,,,Tororo,0.75074423,34.23767544,,,,,,
M Big Drug Shop,11565133716,pharmacy,,,Wakiso,0.46030449,32.53343512,,,,,,
Health Center III,5215672056,clinic,RMF,,Yumbe,3.38593697,31.30653655,,,,,,
IML Clinic Zana,8519458717,clinic,,,Wakiso,0.24964732,32.56056306,,,,,,
MPUMUDDE,11001694794,hospital,,,Lyantonde,-0.28327090,31.26137159,,,,,,
Budwale Health Centre,1096107638,doctor,,,Mbale,1.06219270,34.24072176,,,,,,
MUKONO HL 1V,11010338242,hospital,,,Mukono,0.35896410,32.74923744,,,,,,
NYAKAHITA H/C 11,11001694564,clinic,,,Kiruhura,-0.44540868,31.06924823,,,,,,
Rhema Medical Centre Yumbe,5587924038,doctors,Rhema Medical Group,operational,Yumbe,3.46700162,31.24515328,,,,,20,
Vanguard Pharmacy,4018004020,pharmacy,,,Kampala,0.36155209,32.62061973,,,,,,
Hoima Women’s Family Hospital,10752363427,hospital,private,,Hoima,1.42072693,31.35666092,,,,,,
TONYA,11029993046,clinic,,,Hoima,1.55290946,31.03112239,,,,,,
Royal Pharma Limited,4124066947,pharmacy,,,Kampala,0.31472475,32.57680887,kampala,,,,,
Katwe Dental Care,4107571592,clinic,,,Kampala,0.29733758,32.57452723,"Kayemba Road, kampala",,,,,
Mukwano Medical Centre HC II,7651409964,clinic,private_non_profit,,Kalungu,-0.15120404,31.87639198,,,,,,
Hope Medical Clinic,4052772034,doctors,,,Iganga,0.61360146,33.47399898,"Central Division, PO Box 245 - Iganga",,,,,
HEALTH CENTRE 3,11010338450,hospital,,,Mukono,0.39568999,32.69439699,,,,,,
Egara B,5354389865,doctors,,operational,Arua,2.87407166,30.98301169,,,,,,
Marie Stopes Uganda,7773159185,clinic,,,Busia,0.46448874,34.09258285,Kyamu street,,,,,
Genesis Drug.,5789319865,doctors,,non operational,Obongi,3.40866995,31.59007497,,,,,0,
Kisiizi Hospital,4025872533,hospital,,,Rukungiri,-0.99795857,29.94396155,,,,,,
Odravu,5354389852,doctors,,operational,Arua,2.82453377,30.99516344,,,,,,
HEALTH CENTRE II,11073118325,hospital,,,Nakasongola,1.21819567,32.75993484,,,,,,
BUVUMA H/C 1V,11056452143,hospital,,,Buvuma,0.19649809,33.26713965,,,,,,
God's Favour Drug Shop,5308494959,pharmacy,,,Madi Okollo,3.04173244,31.25643188,,,,,,
BITEREKO,11001478497,hospital,,,Mitooma,-0.56576685,30.00294584,,,,,,
BUBOOLO HEALTH CENTRE II,6868665,clinic,,,Sironko,1.14118979,34.39367925,,,,,,
Kopia,4843894226,clinic,PHC,operational,Arua,3.04941496,30.81224826,,,,True,,
MUKOOLA HEALTH CENTRE II,11029993021,clinic,,,Kakumiro,1.02772070,31.47910133,,,,,,
Morukatipe Health Centre III,3995426874,clinic,,,Tororo,0.70505347,34.22361354,"Morukatipe Road, Osukuru",,,,,
GOMBE,11010338465,clinic,,,Wakiso,0.51317226,32.48211239,,,,,,
Nyarubara Drug Shop,8280279734,pharmacy,private,,Kisoro,-1.29311036,29.61444153,,,,,2,
HEALTH CENTRE II,11151230015,hospital,,,Moroto,2.47664028,34.60695778,,,,,,
Marie Stopes Uganda,10102721848,doctors,,,Gulu,2.77128136,32.29698205,,,,,,
Kigo Drug Shop,4052756537,pharmacy,,,Iganga,0.62104132,33.49074083,"Jinja - Mbale Road, Nakalama",,,,,
ALLUSTIN HEALTH CENTRE,11029992947,clinic,,,Kibaale,0.98499973,31.07059243,,,,,,
ALANGI,11066741246,hospital,,,Zombo,2.58414842,30.80878595,,,,,,
Kalokengel Health Center II,1782681,hospital,,,Napak,2.35293253,34.52250684,,,,,,
KIKYENKYE HEALTH CENTRE III,3325962,hospital,,,Ibanda,-0.22172242,30.56827395,,,,,,
Regava Clinic,8462810117,clinic,,,Kampala,0.37125574,32.62225069,,,,,,
KIMENYEDDE HEALTH CENTRE II,6482015,clinic,,,Mukono,0.51843894,32.84579688,,,,,,
HEALTH CENTRE III,11001478490,hospital,,,Kanungu,-0.97672243,29.74005575,,,,,,
RANA MEDICAL CENTRE,11056452119,clinic,,,Jinja,0.43498385,33.20070837,,,,,,
PANYANGAR HC III,11151161555,hospital,,,Kotido,2.86090989,34.20519196,,,,,,
ONYAWAKO HC II,11073118340,hospital,,,Lira,2.24078476,33.09309127,,,,,,
Baraka Herbal Clinic,4107802632,doctors,,,Kampala,0.29425405,32.57078169,"Lubiri Ring Road, Kampala",,,,,
Karomela Drug Store,10102721875,doctors,,,Gulu,2.77437672,32.30007053,,,,,,
PAL Fam Drug Strore,7060166179,pharmacy,,,Kampala,0.36496244,32.55852249,,,,,,
House of Vitamins,3982514363,pharmacy,,,Kampala,0.31456616,32.57137387,,,,,,
KANGOLE HEALTH CENTRE II,11151230039,hospital,,,Napak,2.43823315,34.48878024,,,,,,
Life Care Drug Shop,5789318231,doctor,,operational,Adjumani,3.46419997,31.95020167,,,,,1,
KITSWAMBA HEALTH CENTRE III,1797409,hospital,,,Kasese,0.36893772,30.16882706,,,,,,
God's Merry Human Drug Shop,8274342546,pharmacy,private,,Kisoro,-1.30706832,29.68048497,,,,,1,
GBALALA H/C II,1929984,hospital,,,Moyo,3.55623654,31.77749709,,,,,,
KOCH GOMA HC III,6360394,hospital,,,Nwoya,2.60044862,32.17152717,,,,,,
Mayuge Hospital,13198682559,hospital,,,Mayuge,0.17967703,33.56207468,,,,,,
HEALTH CENTRE IV,11010338536,hospital,,,Mityana,0.58466335,32.02582798,,,,,,
Trinity Community Clinic,3946120552,clinic,,,Mbale,0.99435972,34.18373630,mbale,,,,,
Maaji 2 Health Centre II,5789318190,clinic,Medical teams international;IDI;DRC,operational,Adjumani,3.19328496,31.66095670,,,,True,10,
Kisojjo (Kibinge) HC II,6757499,hospital,Government,,Bukomansimbi,-0.28811036,31.68060245,,,,,,
Besingye Medical Center,4114323937,doctor,,,Kampala,0.32055579,32.57399808,"Bombo Road, Kampala",,,,,
World wide smiles clinic,8709811317,clinic,,,Kampala,0.39706429,32.58281869,Gayaza Road,,,,,
Mother & Baby Care,5566723178,pharmacy,,,Yumbe,3.34261493,31.21448993,,,,,,
God is Able Drug shop,10020565439,doctors,,,Arua,3.04067053,30.88728667,,,,,,
Crown Health Care Uganda Limited,4119385565,clinic,,,Kampala,0.31623542,32.60163699,"7th Street, kampala",,,,,
P'uluga Pharmacy,8494034323,pharmacy,,,Nebbi,2.47742978,31.08864605,,,,,,
Vally Drug shop,7060166177,pharmacy,,,Kampala,0.36824178,32.55775462,,,,,,
BUMOJI HEALTH CENTRE 11,11056452085,clinic,,,Busia,0.39484677,34.07790572,,,,,,
Cornerstone Clinic,3955253054,clinic,,,Manafwa,0.82248603,34.29402044,Butiru,,,,,
HEALTH CENTRE II,11010338027,clinic,,,Mukono,0.25967802,32.85750665,,,,,,
KAKORO SD,11056452321,clinic,,,Butebo,1.16465853,34.07013075,,,,,,
St. Charles Lwanga Buikwe Hospital,652432154,hospital,,,Buikwe,0.33928574,33.03207060,,,,,,
NARENGEPAK HEALTH CENTRE II,8750866,hospital,,,Kaabong,3.65912482,34.01127478,,,,,,
Sanyu Drug Shop,8309857302,pharmacy,,,Kampala,0.30928263,32.60950592,,,,,,
Vine Pharmaceuticals,3942825992,pharmacy,,,Kampala,0.31301442,32.58725012,,,,,,
Kema Drug Shop and Cosmetics Centre,4100092142,pharmacy,,,Kampala,0.28913354,32.57811167,"Namasole Road, Kampala",,,,,
BUMANYA HCIV,11056452385,hospital,,,Kaliro,1.00217308,33.49517603,,,,,,
NSALA H/C II,9496963,clinic,,,Kiboga,0.80084286,31.91011346,,,,,,
Lezoo,5496024522,clinic,Government,operational,Arua,2.72612663,30.92878622,,,,True,8,
BWETE HC II,11001730402,clinic,,,Kasese,0.12903232,29.93315895,,,,,,
HEALTH CENTRE III,11010338341,hospital,,,Mpigi,0.23426015,32.22538215,,,,,,
ST AGATHA LWEBITAKULI HC III,11001654286,hospital,,,Ssembabule,-0.26080816,31.35508077,,,,,,
BALA HEALTH CENTRE III,2813416,hospital,,,Kole,2.19015932,32.73899492,,,,,,
KYABASENGYA HEALTH CENTRE II,1602268,clinic,,,Hoima,1.56751702,31.37672125,,,,,,
KYAMULIBWA,11001694749,hospital,,,Kalungu,-0.08555823,31.75833790,,,,,,
Midigo Health Centre IV,1048619,clinic,University; cuamm,operational,Yumbe,3.61035823,31.23360813,,,,,30,
KASANA HEALTH CENTRE II,8282153,clinic,,,Mukono,0.61734247,32.80553458,,,,,,
KANYABWANGA,11001478333,hospital,,,Mitooma,-0.60858597,29.91219967,,,,,,
KINYAMASEKE,11001734092,hospital,,,Kasese,0.01603119,29.83275105,,,,,,
C & R Drug Shop,10583475410,pharmacy,private,,Hoima,1.43535955,31.34290412,Hoima,,,,,
Buyinda Health Centre 4,3967529467,clinic,,,Pallisa,1.15798897,33.68672657,"Kaliro Gadumire Road, Kaliro",,,,,
Ebenezer Family Medicare Clinic,8632128778,doctors,private,,Zombo,2.48694726,30.85678878,,,,,2,
KAJJANSI,11010338401,clinic,,,Wakiso,0.20785682,32.53841229,,,,,,
Odaft Drug Shop,3966678683,doctors,,,Pallisa,1.25943455,33.75310303,"Palissa-kumi Road, Akisim Subcounty",,,,,
Holy Trinity,8632128808,doctors,private,,Zombo,2.35351666,30.89940899,,,,,,
NYAKAZINGA HEALTH CENTRE II,5072751,clinic,,,Rukungiri,-0.81625550,30.03529840,,,,,,
Atyenda Medical Center -athuma,8632128780,doctors,private,,Zombo,2.49116327,30.87232824,,,,,5,
KAGAA MED CENTRE,11073166778,hospital,,,Kaberamaido,1.67967477,33.01435536,,,,,,
Superior Medical Care,10023487007,doctors,,,Arua,3.07157327,30.94041880,,,,,,
Family Medical Centre,8591825918,clinic,,,Wakiso,0.43305878,32.60087155,,,,,,
TMR International Hospital,6881628,hospital;laboratory;pharmacy,,,Wakiso,0.36771212,32.63715673,,,,,,
KATOVU HEALTH CENTRE III,2417510,hospital,,,Lwengo,-0.37348122,31.25637589,,,,,,
ST PAUL NURSING HOME,11010338503,hospital,,,Kampala,0.31235166,32.57156917,,,,,,
LODONGA,11054940384,hospital,,,Yumbe,3.41778510,31.11569277,,,,,,
KATWEKAMWE HEALTH CENTRE II,1864416,clinic,,,Rukungiri,-0.78501657,29.97246706,,,,,,
BUSWALE,11056451951,clinic,,,Namayingo,0.36993710,33.89705803,,,,,,
Ndejje University Health Centre,3255566586,clinic,Ndejje University,,Luwero,0.60696936,32.47954275,,,,,,
IML medical clinic,10755560387,clinic,private,,Luwero,0.60727806,32.47587097,,,,,,
Reenah Medical Clinic,3955077849,clinic,,,Mbale,1.08364526,34.15649520,mbale,,,,,
NAKAWUKA,11010338062,hospital,,,Wakiso,0.19388595,32.46228818,,,,,,
RUGASHARI,11029992821,clinic,,,Kagadi,1.08477564,30.81403537,,,,,,
KAKINGA HCII,11001734140,clinic,,,Bunyangabu,0.39641352,30.26520578,,,,,,
KATWE,11001734119,hospital,,,Kasese,-0.13934046,29.87630702,,,,,,
Atari Health Centre 2,3849627,doctors,,,Bulambuli,1.45450223,34.42207563,"Moroto Road, Bunambutye",,,,,
Hope Clinic Health,5789319900,doctors,,non operational,Obongi,3.48343476,31.62573267,,,,,3,
P.L.C health center,8433857917,hospital,,,Amuru,2.81421632,31.94143270,,,,,,
ST BALIKUDDEMBE,11010338408,clinic,,,Kampala,0.27207788,32.58483077,,,,,,
NYAKARIRO HEALTH CENTRE II (HC II),11001478491,clinic,,,Rukungiri,-0.76830012,29.84239409,,,,,,
Peruth Pharmacy,8515876622,pharmacy,,,Wakiso,0.39086554,32.65844768,,,,,,
LAROPI HEALTH CENTRE III,8079404,hospital,,,Moyo,3.57479416,31.83075687,,,,,,
Rubangatwero Drug shop,10102878057,doctors,,,Gulu,2.78845865,32.28268713,,,,,,
Sts. Cosmas et Damianus Clinic,3920602058,clinic,,,Kisoro,-1.28263583,29.69042558,"21, Kisoro - Kabale Road",,,,,
Nawaikoke Health Centre III,4639960,hospital,,,Kaliro,1.08961468,33.40371153,"Kaliro, Nawaikoke",,,,,
Rahi medicines,9909273833,doctor,,,Lira,2.24362069,32.89510602,,,,,,
SIR ALBERT CLINIC,11010338377,hospital,,,Mukono,0.35460869,32.75596559,,,,,,
KACHERI HC III,11080473505,hospital,,,Kotido,3.19755856,33.75384977,,,,,,
APUWA I HEALTH CENTRE 11,11056452340,clinic,,,Tororo,0.73184094,34.23342908,,,,,,
BUWONGO HC II,7394837,clinic,,,Namutumba,0.80861046,33.58005244,,,,,,
Warr,8632128757,clinic,government,,Zombo,2.59750783,30.89003878,,,,,8,
HEALTH CENTRE II,11056451907,clinic,,,Sironko,1.21443463,34.33744406,,,,,,
MINZIIRO H/C II,1844199,clinic,,,Kyotera,-0.99482751,31.56253689,,,,,,
Top care clinic,4097455472,doctors,,,Kampala,0.34382806,32.56047514,"Namfumbambi road, kampala",,,,,
Biggie Herbal Clinic,8438807417,clinic,,,Wakiso,0.21057415,32.54174552,,,,,,
Drug shop,8372565917,clinic,,,Hoima,1.43234819,31.35392809,Butiaba Road,,,,,
RURAMA HEALTH CENTRE,11001734082,clinic,,,Kabarole,0.54187215,30.32403870,,,,,,
HEALTH CENTRE II,11001694768,clinic,,,Kyotera,-0.72572064,31.51188354,,,,,,
Charis is pharmacy,8435294217,pharmacy,,,Wakiso,0.22521399,32.54852405,,,,,,
Orthopedic Appliency,8963738649,clinic,private,,Kampala,0.34124174,32.57575300,,,,,2,
RAGEM,11066741271,hospital,,,Pakwach,2.65177998,31.39392586,,,,,,
Stroke rehabilitation center,9876044817,hospital,,,Wakiso,0.42419492,32.59667348,,,,,,
Life Saving Medical Center,8445060317,clinic,,,Namayingo,0.33951968,33.87761000,,,,,,
NAMAYUMBA,11010338174,hospital,,,Wakiso,0.52134704,32.26637025,,,,,,
MENDE,11010338215,hospital,,,Wakiso,0.47661098,32.45024842,,,,,,
Elieza Pharmacy,8575592417,pharmacy,,,Kampala,0.25500469,32.62669946,Wavamuno Road,,,,,
Your Pharmacy,4102400499,doctors,,,Kampala,0.28908643,32.60642674,"Kansanga Ggaba Road, kampala",,,,,
Alivu,5354389844,doctors,,operational,Arua,2.83650992,30.96751665,,,,,,
Private Clinic,5299222415,doctors,Private Clinic,operational,Arua,3.12515936,31.26335106,,,,,,
KM PHAMACY,11056452182,pharmacy,,,Bukedea,1.34898547,34.04424944,,,,,,
GAYAZA HEALTH CENTRE II,9553347,clinic,,,Kyotera,-0.61945336,31.48947318,,,,,,
KAVULE,11056452301,clinic,,,Bugiri,0.52113154,33.63693119,,,,,,
OLUKO ITALIA SOLIDALE HEALTH CENTRE II,11066741239,hospital,,,Arua,3.01482360,30.97741409,,,,,,
AMUDA HEALTH CENTRE II,7361939,hospital,,,Dokolo,1.98280143,32.99888312,,,,,,
GBARI,11054959852,hospital,,,Moyo,3.77912819,31.80777235,,,,,,
Butandiga Health Center 3,8581460,clinic,,,Sironko,1.21649415,34.35132977,Butandiga,,,,,
VVUMBA,11010338343,clinic,,,Kyankwanzi,0.93514065,31.73958222,,,,,,
NYAKARIRO HEALTH CENTRE II,11001478405,clinic,,,Ntungamo,-1.08788960,30.27597963,,,,,,
APETAI HEALTH CENTER II,5784239,clinic,,,Tororo,0.78340557,34.21033283,,,,,,
RUHOKO HEALTH CENTRE IV,8202818,hospital,,,Ibanda,-0.15491287,30.47833797,,,,,,
KAYANZI HEALTH CENTRE II,5486882,clinic,,,Kasese,-0.08661041,29.76330874,,,,,,
BUTAAKA H/CENTRE,11010338367,hospital,,,Butambala,0.24887568,32.16568750,,,,,,
NARYAMOI HEALTH CENTRE II,11080473443,hospital,,,Kaabong,3.61648113,34.04834702,,,,,,
Fort Pharmacy,3829265594,pharmacy,,,Kabarole,0.65353879,30.27486216,,,,,,
PAKEGIDO HEALTH CENTRE II,11073166719,hospital,,,Kaberamaido,1.70407993,33.09652266,,,,,,
Palissa Community Joint Medical Clinic,3968727729,doctor,,,Pallisa,1.28467138,33.70268823,"Kogonyo Road, Agule Subcounty",,,,,
BUGEMBE HC IV,11056452406,clinic,,,Jinja,0.46434298,33.23358052,,,,,,
Nabitula Health Centre II,3998182463,doctors,,,Namutumba,0.92789709,33.61063239,"Ivukula-Busembatia Road, Ivukula",,,,,
BWIDHABANGU,11056452076,clinic,,,Jinja,0.63995550,33.30731864,,,,,,
NSAMBYA,11010338262,hospital,,,Kampala,0.30157706,32.58353979,,,,,,
SANJE CLINIC,11001694665,hospital,,,Kyotera,-0.78600547,31.50024619,,,,,,
Hanata pharmacy,4089998432,pharmacy,,,Kampala,0.36138144,32.56170652,"Bombo Road, kampala",,,,,
NYAKABINGO HEALTH CENTRE II,5574188,clinic,,,Kasese,0.16801538,30.03692868,,,,,,
BUTOOLO,11010338032,hospital,,,Mpigi,0.12499660,32.22932265,,,,,,
Bisanje Health Centre,10077495948,hospital,,,Masaka,-0.38442832,31.70250914,Masaka,,,,,
IGANGA ISLAMIC MEDICAL CENTRE,11056452088,hospital,,,Iganga,0.61225859,33.47560906,,,,,,
Sunshine Drug shop,10020210816,clinic,,,Mbale,1.10772554,34.17843659,,,,,,
NAWANJOFU H/C III,11056452291,hospital,,,Butaleja,0.88390928,33.85010009,,,,,,
Messiah Medical Centre,10583475459,clinic,private,,Hoima,1.42762532,31.35866336,Hoima,,,,,
Ki Gen Drug Shop,10102721871,doctors,,,Gulu,2.76967388,32.30494988,,,,,,
Mary Maternet Clinic,10583475470,clinic,private,,Hoima,1.43573833,31.35132023,Hoima,,,,,
AGU HEALTH CENTRE III,5979021,clinic,,,Ngora,1.47077025,33.72381390,,,,,,
PALABEK HC III,11080473493,hospital,,,Lamwo,3.44311462,32.58558908,,,,,,
KIGANDA,11029979784,hospital,,,Kassanda,0.44983147,31.68438093,,,,,,
Gift Life Care Clinic,9909163222,doctor,,,Lira,2.26061157,32.90306213,,,,,,
Medical Care Clinic And Nursing Home,4099839982,clinic,,,Kampala,0.32410452,32.57398626,"Bombo Road, Kampala",,,,,
CLINIC,11056451973,clinic,,,Tororo,0.69160998,33.90650435,,,,,,
DDH CLINIC,11029992886,hospital,,,Hoima,1.43401619,31.34717906,,,,,,
Asha clinic,3968727714,doctors,,,Pallisa,1.27452760,33.66845830,"Agule Gogonyo Road, Chelekura Subcounty",,,,,
KATAKWI/USUK HC IV,11151161543,hospital,,,Katakwi,1.91829355,33.96184117,,,,,,
HEALTH CENTRE II,11056452121,clinic,,,Jinja,0.56988924,33.20994816,,,,,,
BUSIIRO HC II,7737254,clinic,,,Luuka,0.65115464,33.32661495,,,,,,
Godworks Pharmacy,4048902026,pharmacy,,,Mayuge,0.42626047,33.46495198,"Lwanika Road, Mayuge",,,,,
Star Light Medical Care Clinic,4102726483,clinic,,,Kampala,0.27341689,32.59997737,"Boston Lane, Kampala",,,,,
Care Medical Centre,3967508359,clinic,,,Kaliro,1.15262882,33.52244965,Kaliro,,,,,
Jodesha Medical Centre,10023811303,doctors,,,Arua,3.03721484,30.88925960,,,,,,
KIGOGOLA HC II,6395465,clinic,,,Mukono,0.58770506,32.84149914,,,,,,
Ngruwe Health Centre,5639737531,clinic,AAH,operational,Kikuube,1.19653323,30.75007323,,,,True,5,
C & A Pharmacy,4114252273,pharmacy,,,Kampala,0.33649146,32.58764248,Kampala,,,,,
KASODO,11056452056,clinic,,,Pallisa,1.15104355,33.66010523,,,,,,
Morning Pharmacy,5789319890,doctors,,non operational,Obongi,3.44543314,31.57252494,,,,,,
Nyarinya Super Drug Shop,5789318195,doctors,Private,operational,Adjumani,3.18127168,31.65565824,,,,,1,
Kalamba Community HC 2 5,7651409928,clinic,,,Kalungu,-0.15099508,31.87596894,,,,,,
RUBAGA,11010338101,hospital,,,Kampala,0.30526703,32.55237394,,,,,,
MAKAWARI HEALTH CENTRE II,2164094,clinic,,,Tororo,0.77776245,34.10822608,,,,,,
PURANGA,11073166850,hospital,,,Pader,2.62015774,32.93489308,,,,,,
Barry PHARMACY and MEDICAL CENTRE,7942780419,hospital,,,Pakwach,2.46108414,31.49537614,"Arua - Pakwach Road, Kampala, 24583",,,,,
Busengo Health Centre II,3899934,clinic,government,,Kisoro,-1.24053797,29.63010613,,,,,2,
KASENSERO HEALTH CENTRE II,4496574,clinic,,,Kyotera,-0.91356596,31.76345799,,,,,,
LELABARO HC II,11073166735,hospital,,,Omoro,2.62169482,32.39432570,,,,,,
Dembe DS,3947997570,clinic,,,Mbale,1.10736143,34.22747609,"Nanyunza, mbale",,,,,
Future Health Centre,5215672042,clinic,IRC,,Yumbe,3.22125294,31.40638799,,,,,,
IMC Kololo,2249929669,clinic,International Medical Group,,Kampala,0.32691639,32.60109962,,,,,,
MAYANJA MEMORIAL FOUNDATION HOSPITAL,11007309068,hospital,,,Mbarara,-0.61138235,30.65138538,,,,,,
Bunagana Medical Drug Shop,8280279740,pharmacy,private,,Kisoro,-1.29417704,29.60039346,,,,,1,
Family Health Care Center,10102833334,doctors,,,Gulu,2.76615759,32.30303345,,,,,,
Ggaba Medical Clinic,5916788362,clinic,,,Kampala,0.25630255,32.63612508,"Ggaba Market Street, Kampala",,,,,
HEALTH CENTRE,11001694766,clinic,,,Kyotera,-0.78756081,31.49967052,,,,,,
Platinum Clinic,3079682999,clinic,,,Soroti,1.71547723,33.61714228,,,,,,
Rahma Clinic,4107802670,doctors,,,Kampala,0.29850283,32.60022304,"Kikubamutwe Road, Kampala",,,,,
Kamu Kamu Drug shop,3998182254,doctors,,,Namutumba,0.74927438,33.71507098,Bulange,,,,,
CLINIC,11056452333,clinic,,,Buyende,1.04175594,33.24679702,,,,,,
Zilaba Tom Drug Shop,2874472283,clinic,,,Kamuli,0.91847089,33.26554809,,,,,,
Nile Health Care,10023811279,doctors,,,Arua,3.02080056,30.91146946,,,,,,
Drug shop,8274342541,pharmacy,private,,Kisoro,-1.32076888,29.74929185,,,,,1,
Ambelechu Health Centre II,9652388,clinic,Government,operational,Yumbe,3.36653169,31.18737498,,,,True,4,
Luzira Health Center III,2760398,clinic,Action Against Hunger,operational,Yumbe,3.39491994,31.34812664,,,,True,13,
Family Medical Clinic,9992537231,doctors,,,Lira,2.26673362,32.85589104,,,,,,
Apharma Care Limited,9909133575,pharmacy,,,Lira,2.24305299,32.89510192,,,,,,
LWAKI,11056452418,clinic,,,Luuka,0.67576559,33.41093455,,,,,,
NALUWELER,11056452109,hospital,,,Bugiri,0.55532393,33.76414678,,,,,,
Frugal Pharmacy,3419477028,pharmacy,Frugal Pharmacies,,Kampala,0.35448858,32.57239412,"Gayaza Road, Kampala, 36188",,,,,
MUCHWINI HC II,11080473508,hospital,,,Kitgum,3.41386228,33.03031920,,,,,,
HEALTH CENTRE IV,11073118331,hospital,,,Buyende,1.33715139,32.98866273,,,,,,
LWANKOMI,11001694595,hospital,,,Masaka,-0.46233735,31.66612464,,,,,,
Arapsorowen Pharmacy,10212577741,pharmacy,,,Kapchorwa,1.40092284,34.44329459,,,,,,
Bukhalu Health Centre 3,1567616,doctors,,,Bulambuli,1.30586049,34.25552604,Bukhalu,,,,,
Venus Medical Centre,1124501,doctors,,,Kampala,0.37624607,32.55040772,"Lugoba Road, Kampala",,,,,
Nabulola Community Medical Centre,3999040346,doctors,,,Busia,0.47094079,34.07486627,"Plot 13-18, Adam Road, Dabani",,,,,
BENEDICTINE EYE HOSPITAL,6556574,clinic,,,Tororo,0.70363852,34.19656329,,,,,,
KISUBA HEALTH CENTRE II,11001734175,clinic,,,Bundibugyo,0.71206359,30.00293863,,,,,,
Omega Doctors Center,8544201718,clinic,,,Wakiso,0.12244414,32.56253457,,,,,,
Medicare Drug Shop,6750035909,doctors,Agnes Drug Shop,operational,Kanungu,-0.93179602,29.61038184,,,,,2,
BUDHAYA,11056452125,clinic,,,Bugiri,0.37963739,33.77720377,,,,,,
Lwazi Clinic,8302537,clinic,private,,Kampala,0.38273107,32.56036709,Kawempe_II,,,,3,
Wellport Pharmacy,10023486995,pharmacy,,,Arua,3.02321748,30.91109664,,,,,,
Salom Drug Shop,10102878054,doctors,,,Gulu,2.75936305,32.29367664,,,,,,
HEALTH CENTRE II,11073166803,hospital,,,Kalaki,1.97745680,33.28651257,,,,,,
TORORO,11056452428,hospital,,,Tororo,0.69526483,34.18783622,,,,,,
Canaan Drug Shop,10102653164,doctors,,,Gulu,2.78666928,32.31530355,,,,,,
Butagaya Health Centre II,4041886883,doctors,,,Jinja,0.59304869,33.11384235,Butagaya,,,,,
Perez Medical Centre,4102726454,doctors,,,Kampala,0.28382528,32.58301894,"Mobutu Road, Kampala",,,,,
KIKYO H/C II,1011715,clinic,,,Kasese,0.08223464,29.76387267,,,,,,
KYANGAMATA H/C II,11029992985,clinic,,,Kyenjojo,0.62832435,30.78281773,,,,,,
Kolir Medical Associates,3958445704,doctors,,,Bukedea,1.31749156,34.16326333,"Kolir Road, Kolir",,,,,
Century Dental Care,8539745119,dentist,,,Wakiso,0.38649739,32.65345307,,,,,,
Muganza Health Center II,9517901,clinic,government,,Kisoro,-1.29913058,29.71964958,,,,,4,
NAMITI H/C 11,11056452193,clinic,,,Buvuma,0.08614656,33.49141658,,,,,,
NYAKABAARE HEALTH CENTRE III,11007308972,hospital,,,Rwampara,-0.64423505,30.50498203,,,,,,
ATIPE HEALTH CENTRE II,11073166714,hospital,,,Oyam,2.30812095,32.44409417,,,,,,
Ashock Health Care,8963738679,clinic,private,,Kampala,0.34124794,32.57466754,,,,,4,
KABWOYA,11029992857,hospital,,,Kikuube,1.24601228,31.08505658,,,,,,
Medscape (U) Limited,4102726438,pharmacy,,,Kampala,0.28876532,32.58559939,Kampala,,,,,
KABAALE,11001694711,clinic,,,Kalungu,-0.09469577,31.81259647,,,,,,
Balaba Drug Shop,10147626091,pharmacy,private,operational,Bundibugyo,0.86705998,30.17402325,,,,,,
BUGANGARA HC IV HEALTH CENTRE,11001478368,hospital,,,Rukungiri,-0.71682216,29.85561922,,,,,,
Mutolere Hospital,3082180,hospital,private,,Kisoro,-1.26238674,29.72134860,,,,,75,
Darlla Pharmacy,4102724075,clinic,,,Kampala,0.27531975,32.60364697,"Lukuli Road, Kampala",,,,,
KAKASI HC II,6436420,hospital,,,Kitagwenda,-0.09322332,30.33085226,,,,,,
KYANGWALI CENTRE HEALTH III,11029992973,hospital,,,Kikuube,1.21231082,30.80072549,,,,,,
Doctor's clinic,7060880764,clinic,,,Kampala,0.35289200,32.56202554,,,,,,
KIBEHO HC II,8682623,clinic,,,Ntungamo,-1.03739785,30.38017323,,,,,,
BIHARWE HEALTH CENTRE III,11007308967,hospital,,,Mbarara,-0.52573497,30.73426765,,,,,,
Modern Herbal Research Clinic,5338522789,doctors,,operational,Arua,3.03336034,30.91359495,,,,,,
HEALTH CENTRE II,11010338487,clinic,,,Mukono,0.20059474,32.69362745,,,,,,
TOROMA HEALTH CENTRE III,11151161538,hospital,,,Katakwi,1.75195837,33.95741016,,,,,,
A & S Pharmacy,3996038157,doctors,,,Bugiri,0.56525028,33.75437733,"Bugiri-Tororo Road, Bugiri",,,,,
Khadir Medical Clinic & laboratory,10023811298,doctors,,,Arua,3.03378262,30.91322002,,,,,,
HEALTH CENTRE II,11001478468,clinic,,,Kanungu,-0.87332244,29.63898475,,,,,,
NAMASALE HEALTH CENTRE III,6828477,hospital,,,Amolatar,1.54534488,32.70152044,,,,,,
Safe Guard Nursing Home,5406376125,clinic,,,Kampala,0.29264195,32.57968017,"Kayemba Road, Kampala",,,,,
NYARUTOJO HC II,5551544,clinic,,,Kanungu,-0.83582230,29.82417292,,,,,,
SANTA MARIA MEDICAL CENTRE,11073166866,hospital,,,Oyam,2.44813067,32.38252675,,,,,,
BULIDHA,11056452035,clinic,,,Bugiri,0.43400334,33.72180869,,,,,,
HEALTH CENTRE II,11054959850,hospital,,,Moyo,3.58704565,31.61469119,,,,,,
KABAMBA,11029992847,clinic,,,Mubende,0.26970798,31.17540637,,,,,,
ASURET,11056452372,hospital,,,Soroti,1.62605028,33.59967280,,,,,,
MAKUTU HC III,11056451836,clinic,,,Bugweri,0.49956826,33.59210385,,,,,,
MANENGO,11056452167,clinic,,,Budaka,1.00757035,33.95486525,,,,,,
Home Care Clinic,3955215559,clinic,,,Sironko,1.15168192,34.40084846,"Bugoboni Road, Bugitimwa Sub County",,,,,
R4B Medical Clinic And Laboratory Services,4105119576,clinic,,,Kampala,0.24956266,32.61003968,"Salaama Road, Kampala",,,,,
ACET,11073118338,hospital,,,Omoro,2.64463299,32.60740206,,,,,,
KAMWOKYA MED CENTER,11010338272,hospital,,,Kampala,0.34310730,32.59014003,,,,,,
Kakanju health center iii,1117203,hospital,,,Bushenyi,-0.49277984,30.19409967,,,,,,
ST FRANCIS MBIRIZI,11001694782,clinic,,,Lwengo,-0.38893938,31.45996939,,,,,,
HEALTH CENTRE II,11073118346,hospital,,,Nakasongola,1.41476262,32.30474864,,,,,,
Guruguru Health Centre II,5450993,doctor,,,Amuru,2.91001645,32.07918064,,,,,,
HP1B,5215672022,clinic,MSF,,Obongi,3.49477623,31.65143963,,,,,,
Madonna Orthopaedic,10583475420,clinic,private,,Hoima,1.42245880,31.37432813,Hoima,,,,,
KWERA,11073166835,hospital,,,Dokolo,1.84145589,33.02978670,,,,,,
RAPHA MEDICAL CENTRE,4237226,clinic,,,Gomba,0.11111047,31.95514398,,,,,,
Marcer DrugShop,3955077842,pharmacy,,,Mbale,1.08400903,34.15784594,Mbale,,,,,
KASUSU HC III,11001734123,hospital,,,Kabarole,0.62360693,30.25565645,,,,,,
Nyabicence Health Center II,8274304200,clinic,government,,Kisoro,-1.12664685,29.64560117,,,,,0,
EBIA TRADING CENTRE,11054940378,hospital,,,Arua,3.11201503,30.89716549,,,,,,
KAKUUTO H/CENTRE IV,11001694609,hospital,,,Kyotera,-0.85912911,31.48084804,,,,,,
KYEWALYANGA,11001694611,clinic,,,Masaka,-0.29831533,31.80317505,,,,,,
SCOUL,11010338538,hospital,,,Buikwe,0.39279128,32.94021667,,,,,,
ST MARY MATERNITY AND GENERAL NURSING HOME,11001694739,hospital,,,Bukomansimbi,-0.16413388,31.61853639,,,,,,
KASAALU HEALTH CENTRE II,11001694790,clinic,,,Ssembabule,-0.13862264,31.53125840,,,,,,
Maawa Clinic,616348965,doctors,,,Kampala,0.32094412,32.64480362,,,,,,
BUFULUMBI,11056438799,hospital,,,Iganga,0.60622379,33.48089285,,,,,,
MAWOGOLA HC IV,11001694767,hospital,,,Ssembabule,-0.08380214,31.46024515,,,,,,
Malembo C Health Post,5639737530,pharmacy,AAH;UNICEF;WFP,operational,Kikuube,1.11537923,30.68116913,,,,,4,
Social Drug Shop,10147626098,pharmacy,private,operational,Bundibugyo,0.84629348,30.17309135,,,,,,
DRABETH,11010338199,clinic,,,Kampala,0.38251213,32.57702085,,,,,,
KOLOLO POLY CLINIC,11010338090,clinic,,,Kampala,0.34100453,32.58847187,,,,,,
ST LUKE H/CENTRE,11010338455,hospital,,,Mityana,0.39556846,32.05289348,,,,,,
Max Care,10102721847,doctors,,,Gulu,2.74893077,32.28954529,,,,,,
Bed Kigen Health Care,10102653170,doctors,,,Omoro,2.74154673,32.26077197,,,,,,
Amazon Drug Shop,10147626110,pharmacy,private,operational,Bundibugyo,0.79938408,30.14414654,,,,,,
Nyanza Health Centre,3966436781,doctors,,,Budaka,1.05959850,34.10236688,"Kamonkoli, Kamonkoli",,,,,
Mazima Herbal Medicine Research,4100092153,pharmacy,,,Kampala,0.29385557,32.57799759,"Kayemba Road, Kampala",,,,,
Muna Clinic,4107802667,doctors,,,Kampala,0.30089754,32.57542183,"Mutesi Road, Kampala",,,,,
SIRIPI HC III,11054940355,hospital,,,Arua,3.16199422,31.27262195,,,,,,
Otupa Family Health Care,5789318233,doctor,Private,operational,Adjumani,3.46509499,31.95107993,,,,,1,
NASUTI HC II,11056451860,clinic,,,Iganga,0.74960664,33.50868657,,,,,,
MAWUNDO HEALTH UNIT,11056451851,clinic,,,Luuka,0.58842498,33.40955262,,,,,,
AID POST D,11056452427,clinic,,,Kaliro,1.08852998,33.41237313,,,,,,
St. Edward Clinic,10994531306,clinic,,,Wakiso,0.38704825,32.64484276,,,,,,
Bibia Health Centre III,3479188,doctor,,,Amuru,3.47247157,32.06778435,,,,,,
Pii Wan Medical Centre,10102769132,doctors,,,Gulu,2.77119117,32.29549409,,,,,,
Bupomboli HC III,3529932,hospital,public,operational,Bundibugyo,0.67827195,30.06938039,,,,,,
Comfort Home,7060880755,clinic,,,Kampala,0.35270399,32.56032586,,,,,,
Katwe Martyrs Health Centre II,4107802660,clinic,,,Kampala,0.29390217,32.57096827,"Lubiri Ring Road, Kampala",,,,,
MARACHA HOSPITAL,11054940379,hospital,,,Maracha,3.23623509,30.92173134,,,,,,
RHINO CAMP HEALTH CENTRE,11066741303,hospital,,,Madi Okollo,2.97317585,31.39731760,,,,,,
LOCOPIO Health Center,4502479525,clinic,,,Yumbe,3.52892779,31.32145534,,,,,,
KAKATSI HEALTH CENTRE II,3427757,hospital,,,Ibanda,-0.02778546,30.44814484,,,,,,
KOLIR,11056452191,hospital,,,Bukedea,1.32072638,34.16554145,,,,,,
Mutagana Pharmacy,11536786029,pharmacy,,,Wakiso,0.44642297,32.58039859,,,,,,
Save The Children,5299223124,doctors,Save the children,operational,Arua,3.09027715,31.08205703,,,,,,
MUBEEZI HC,11010338145,clinic,,,Kampala,0.38224894,32.56062920,,,,,,
Kabaare clinic,9620240517,clinic,,,Bushenyi,-0.50633480,30.15248277,,,,,,
katakwi general hospital,2375869,hospital,government,,Katakwi,1.91782852,33.96184855,,,,,,
KIBUMBIRO HC II,2397552,clinic,,,Mpigi,0.33394663,32.26332393,,,,,,
KK Health Care,8579021417,pharmacy,,,Wakiso,0.27160606,32.53684152,Nalumunye Road,,,,,
St John,3799252134,pharmacy,,,Kampala,0.32675982,32.57474759,,,,,,
Jk Clinic,4048658315,clinic,,,Mayuge,0.33258860,33.52643374,Kigandalo,,,,,
Konge Parent School Health Clinic,639120102,doctors,,,Kampala,0.27127808,32.61007128,,,,,,
OCEA,11054940346,hospital,,,Madi Okollo,3.07337932,31.28211320,,,,,,
NAMBOGWE,11010338345,clinic,,,Kampala,0.30267166,32.58049322,,,,,,
Nuero Pharmacy,8566377218,pharmacy,,,Wakiso,0.40669677,32.64161313,,,,,,
May Medical Center,4064824709,doctors,,,Kampala,0.32484598,32.57396933,"Bombo Road, Kampala",,,,,
Mk Medical Center,7060880763,clinic,,,Kampala,0.35855062,32.55642768,,,,,,
EREMI,11054959869,hospital,,,Moyo,3.64075797,31.82898888,,,,,,
Lasan,8411703417,pharmacy,,,Wakiso,0.39807339,32.47837532,,,,,,
KATETE HEALTH CENTRE III,3026515,hospital,,,Kanungu,-0.78478657,29.75098047,,,,,,
River Oli Health Centre IV,8453954430,doctors,,,Arua,3.03030288,30.90693519,,,,,,
Buwenge Dental Clinic,8559407019,dentist,,,Jinja,0.65084233,33.16996497,,,,,,
HEALTH CENTRE III,11010338179,hospital,,,Mityana,0.35049737,32.01955254,,,,,,
Tororo Health Center III,3990269138,doctor,,,Tororo,0.70222457,34.17747359,Western Division,,,,,
KARITA HC II,11151230031,hospital,,,Nakapiripirit,1.84011076,34.74155086,,,,,,
SNM Community Centre,11294835977,clinic,,,Wakiso,0.45975565,32.52879674,,,,,,
Mambo Medical Centre,9791940921,clinic,,,Wakiso,0.48134508,32.38070636,,,,,,
Spark drug shop,10026621790,clinic,,,Mbale,1.05442636,34.16477006,,,,,,
Platinum,3799704451,pharmacy,,,Kampala,0.33001929,32.57551697,"Buganda Road, Kampala",,,,,
Ombacalu Health Centre III,5306806506,clinic,Governement;Riki,operational,Arua,3.01938997,31.03646183,,,,True,,
DISTRICT HOSPITAL,11056451888,clinic,,,Jinja,0.62960234,33.18129907,,,,,,
Jangukuru Health Centre III,8632128805,clinic,government,,Zombo,2.40922497,30.89549666,,,,,2,
BIKIRA MARIA,11001694525,clinic,,,Kyotera,-0.62502196,31.57108174,,,,,,
Grace Drug Shop,5559514974,pharmacy,Private,operational,Yumbe,3.41279829,31.11360325,,,,,1,
Chapman Doctor's Clinic,4107802636,doctors,,,Kampala,0.25563744,32.63110726,"Ggaba Road, Kampala",,,,,
OKUM H/C II,11056452060,clinic,,,Bukedea,1.24741985,34.21044297,,,,,,
KYOGO,11001478467,hospital,,,Rukiga,-1.21213145,30.17164363,,,,,,
THETA,11010338448,clinic,,,Kampala,0.34104518,32.58418109,,,,,,
MADI OPEI HC III,11080417481,hospital,,,Lamwo,3.60290530,33.09025274,,,,,,
IVUNAMBA,11056452355,clinic,,,Jinja,0.50256052,33.16948603,,,,,,
Moli Health Center II,2136341,clinic,Ministry Of Health,operational,Yumbe,3.41173823,31.22902314,,,,,5,
Agape Medical Centre,8591761718,clinic,,,Wakiso,0.43859025,32.60220000,,,,,,
Abacus Pharma Ug Limited,9903650394,pharmacy,,,Lira,2.23820984,32.89292614,,,,,,
Lukaya HC III,9197869,clinic,government,,Kalungu,-0.14631974,31.87662809,,,,,,
Kanginima Hospital,3966680775,clinic,,,Butebo,1.17768577,33.99993893,"Nakaloke Road, Kanginima",,,,,
Osba Pharmacy,8482859018,pharmacy,,,Kampala,0.39572469,32.59378960,,,,,,
CHEPTAKOYO H/C II,11151230020,hospital,,,Amudat,1.66159056,34.94442142,,,,,,
HEALTH CENTRE III,11056452357,clinic,,,Namutumba,0.82167198,33.65192483,,,,,,
Primecare Medical Center,8637483517,clinic,,,Kampala,0.36183088,32.60795426,Kisaasi Road,,,,,
Pal Dental Clinic,9587979588,dentist,,,Kampala,0.35969517,32.63566173,,,,,,
KIZIBA HC II,11001694733,clinic,,,Rakai,-0.83713281,31.26142088,,,,,,
RUBANDA,11001478396,hospital,,,Rubanda,-1.12353750,29.86065247,,,,,,
KIBIMBA,11056452080,clinic,,,Bugiri,0.52698806,33.85597865,,,,,,
AAR Entebbe,5858224885,clinic,,,Wakiso,0.06600795,32.47620474,Berkeley Road,,,,,
West Nile Pure Pharmacy Limited,10023486994,pharmacy,,,Arua,3.02807723,30.90984019,,,,,,
St Joseph's Hospital,4157374689,hospital,,,Kitgum,3.30230334,32.89245458,"Madi opei Road, Kitgum",,,,,
KABAHANGO H/C II,11001734173,clinic,,,Bunyangabu,0.59045919,30.25463193,,,,,,
Beem Medical Center,9909133571,doctors,,,Lira,2.22755133,32.89507266,,,,,,
Yat Kwo Health Care Pharmacy,10102876415,pharmacy,,,Gulu,2.76697633,32.29256839,,,,,,
Divine Drug Shop,5789318236,doctor,Private,operational,Adjumani,3.46776496,31.95163666,,,,,0,
Kawanda clinic,9753651368,clinic,,,Wakiso,0.41602499,32.53679467,,,,,,
Doctors clinic,8983600617,doctors,,,Ntungamo,-0.76150014,30.16687894,,,,,,
Kabuhoro Drug Shop,8280279741,pharmacy,private,,Kisoro,-1.32428048,29.62450384,,,,,1,
Drug shop,5215671199,pharmacy,Refugee,,Arua,3.26232494,31.28269499,,,,,,
MARIE STOPES,11010338497,hospital,,,Kampala,0.29927514,32.60310642,,,,,,
Charity Medical Centre,10102653158,doctors,,,Gulu,2.77657755,32.29989442,,,,,,
KIWANGA HEALTH CENTRE,11010338466,hospital,,,Mukono,0.36948917,32.69374187,,,,,,
Drasiku,5559514979,pharmacy,Private,operational,Yumbe,3.33939109,31.06379647,,,,,1,
Silvertory Drug Shop,10147626113,pharmacy,private,operational,Bundibugyo,0.79849492,30.14367808,,,,,,
BWAMBARA HC III,2709023,hospital,,,Rukungiri,-0.60253701,29.81592438,,,,,,
MAFUBIRA,11056452334,clinic,,,Jinja,0.47371663,33.21163452,,,,,,
MOLLEB MARTENITY,11010338077,clinic,,,Kampala,0.35655765,32.61275332,,,,,,
KAZO HEALTH CENTRE IV,9648577,hospital,,,Kazo,-0.04912646,30.75741176,,,,,,
KINONI HEALTH CENTRE III,11029979776,hospital,,,Kiruhura,-0.07928237,31.05855896,,,,,,
RAMOGI,11066739670,hospital,,,Nebbi,2.59432137,31.26137453,,,,,,
KITANGA,11001478398,hospital,,,Rukiga,-1.11482602,30.06693363,,,,,,
LOKOPO HEALTH CENTRE III,6696740,hospital,,,Napak,2.48125955,34.34281820,,,,,,
KYAMUHUNGA,11007308982,hospital,,,Bushenyi,-0.45389787,30.11577900,,,,,,
KYANGO,11001694582,clinic,,,Kyotera,-0.52015916,31.65640977,,,,,,
Healing Home Paramedics Centre,10102817897,doctors,,,Gulu,2.78739599,32.29289947,,,,,,
Butaha Drug Shop,8274342560,pharmacy,private,,Kisoro,-1.33154876,29.67374718,,,,,1,
Ayavugazi,5406574329,clinic,Government,operational,Madi Okollo,2.88221166,31.21362668,,,,True,,
ABALA HEALTH CENTRE II,11073166791,hospital,,,Lira,2.53090883,32.97718556,,,,,,
Matu Clinic,5588620743,pharmacy,,operational,Yumbe,3.68714326,31.32300666,,,,,1,
NTONWA HEALTH CENTRE II,9413499,clinic,,,Kamwenge,0.43812380,30.70361059,,,,,,
LUSALIRA H/L II,11010338254,hospital,,,Mityana,0.30206539,31.84205216,,,,,,
KAWETE,11056452331,clinic,,,Iganga,0.71242787,33.46969605,,,,,,
Zion Drug store,8478602469,hospital,Otim Moses,,Kalaki,1.91622892,33.29984466,,,,,,
NAWANGOMA H/C II,11056452166,clinic,,,Jinja,0.53259715,33.18566369,,,,,,
St Bakhita Medical Center,10102878044,doctors,,,Gulu,2.78849687,32.32225290,,,,,,
PALOGA H/C III,8935955,hospital,,,Lamwo,3.59276144,32.89271098,,,,,,
YWAM,11056452445,clinic,,,Buvuma,0.31889609,33.33985433,,,,,,
RWENZORI SAAD ISLAMIC DISPENSARY,11001734048,clinic,,,Kasese,0.03826812,29.77368302,,,,,,
Drug Shop,5639737536,pharmacy,Private,operational,Kikuube,1.18774313,30.78309316,,,,,1,
Test and Know Clinical Laboratory,9147833043,clinic,private,,Kampala,0.37326262,32.57046226,Kanyanya,,,,2,
ST JOSEPH RUBINDI HEALTH CENTRE III,11007309011,hospital,,,Mbarara,-0.32404584,30.56970817,,,,,,
Clinic,5215671213,clinic,Refugee,,Yumbe,3.40186996,31.37160669,,,,,,
Abacus Pharmaceuticals Dreams Shop,3958426987,doctors,,,Kapchorwa,1.39743899,34.45148379,"Kapchorwa Road, Kapchorwa Town Council",,,,,
NAMALEMBA HEALTH UNIT,11056452186,clinic,,,Namutumba,0.92547154,33.66641244,,,,,,
RHINO CAMP,11066741304,hospital,,,Madi Okollo,2.97317585,31.39727258,,,,,,
Laz Opticals,4123943817,doctor,,,Kampala,0.31364918,32.57716493,"William Street, kampala",,,,,
MADI KILOCH HC II,8733333,hospital,,,Lamwo,3.43705727,32.73022754,,,,,,
Kiseitaka Health Centre ll,3998032256,clinic,,,Bugiri,0.60257766,33.75425848,"Kiseitaka-Kayango-Buwuni Road, Kapyanga",,,,,
BUSEGULA,11056452339,clinic,,,Jinja,0.66187258,33.21712366,,,,,,
BUKIRO HEALTH CENTRE IV,11007309000,hospital,,,Mbarara,-0.40447842,30.51749378,,,,,,
Life Link Hospital,7317916685,hospital,private,operational,Wakiso,0.37878286,32.64513714,,,,,,
NALUGAI HC III,8864292,clinic,,,Bukedea,1.19958852,34.16892950,,,,,,
Gift Medical Clinic,8458235519,clinic,,,Ibanda,-0.22453765,30.54885685,,,,,,
Annex Medical Center,3995680083,clinic,,,Butaleja,0.97000367,34.06256139,Kachonga,,,,,
Wellman's Pharmacy,9992523316,doctor,,,Lira,2.26033379,32.90044555,,,,,,
Green World International,4064824222,doctor,,,Kampala,0.31946170,32.57385416,"Bombo Road, kampala",,,,,
HEALTH CENTRE II,11029992887,clinic,,,Kazo,0.12290280,30.75824224,,,,,,
Medicare Clinic,8963738674,clinic,private,,Kampala,0.34882979,32.56771719,,,,,2,
MUGALIKE,11029992997,clinic,,,Kagadi,1.00251992,30.88264007,,,,,,
HEALTH CENTRE II,11056452169,clinic,,,Jinja,0.64701834,33.18124576,,,,,,
NYAKISHENYI CATHOLIC H/C III,11001478315,hospital,,,Rukungiri,-0.95844510,29.90937497,,,,,,
Royal Pharma (U) LTD Fort Portal,8575855419,pharmacy,,,Kabarole,0.65340485,30.27260223,,,,,,
MUKONO DISP,11010338035,hospital,,,Mukono,0.36081415,32.74672957,,,,,,
Pan Dental Surgery Ltd.,3429750685,dentist,,,Kampala,0.34103630,32.60140824,,,,,,
KASWA HEALTH CENTRE II,11001734075,hospital,,,Kabarole,0.64206137,30.34190456,,,,,,
Zombo District People Living With HIV/AIDS Network Forum,8632128752,doctors,private,,Zombo,2.41688829,30.98228992,,,,,0,
Obafia Health Centre II,5308494948,clinic,Ministry Of Health,operational,Arua,3.20149327,31.08530829,,,,,,
DIBOLYEC HC II,2056623,hospital,,,Lamwo,3.73230604,32.77118897,,,,,,
Adre Clinic,2779078725,clinic,,,Kampala,0.30470234,32.55369200,,,,,,
Agojo Health Center II,9950435,clinic,Medical teams international;Local government,operational,Adjumani,3.42427998,31.72353666,,,,True,5,
KALUNGAMI,11056452068,clinic,,,Iganga,0.78789970,33.45617822,,,,,,
KATHOLU,11001734071,clinic,,,Kasese,-0.02089646,29.77670755,,,,,,
HEALTH CENTRE III,11010338397,hospital,,,Mityana,0.37495493,32.16514737,,,,,,
MUHINDI HEALTH CENTRE II,8819459,hospital,,,Kasese,0.04579222,29.80883865,,,,,,
Uganda Red Cross,560551840,hospital,,,Mbale,1.07244687,34.17465249,"32, Maluku Road, mbale",,,,,
Point Of Grace Drug Shop,3958426958,clinic,,,Bukedea,1.22872050,34.08216926,"Kidongole Road, Kachumbala",,,,,
KASAKU,11010338230,clinic,,,Buikwe,0.37181397,32.89454695,,,,,,
ASWA RANCH HC II,6969615,hospital,,,Pader,3.09802572,32.57655833,,,,,,
KARUGUTU,11001734216,hospital,,,Ntoroko,0.79267445,30.22339157,,,,,,
ANANDA MARGA CLINIC,11010338165,clinic,,,Mukono,0.43458999,32.94838559,,,,,,
Mukorobi Drug Shop,3998656353,doctors,,,Namayingo,0.41928203,33.89828153,Buswale,,,,,
HEALTH CENTRE II,11001694656,clinic,,,Kyotera,-0.46247096,31.65514544,,,,,,
OTHEKO,11066741230,hospital,,,Zombo,2.48491750,31.01194702,,,,,,
BUSABAGA,11010338225,hospital,,,Buikwe,0.30653362,32.90309239,,,,,,
Oluko Italia Solidale Health Centre,5309760256,clinic,Italia Solidale;Italian Government,operational,Arua,3.01475017,30.97716908,,,,,,
Thalma Care Unit Pharmacy,10023487005,pharmacy,,,Arua,3.02582836,30.91299673,,,,,,
Namwera Drug Shop,1492311846,pharmacy,,,Kampala,0.30462808,32.61209358,,,,,,
Divine Medical Centre,10026850269,alternative,,,Mbale,1.14917095,34.19956309,Mbale,,,,,
hope clinic,5939552216,clinic,,,Kampala,0.37516766,32.57146708,,,,,,
Capital Medical Consultants,4117140717,clinic,,,Kampala,0.30798687,32.64068400,kampala,,,,,
ST MONICA HEALTH CENTRE II,11001694777,clinic,,,Kalungu,-0.01278068,31.80541913,,,,,,
HOSPITAL MAIN,11010338306,hospital,,,Mityana,0.39711567,32.04198762,,,,,,
Faith Drugstore.,5789319871,doctors,,non operational,Obongi,3.41208323,31.55828324,,,,,1,
Lubago II Medical Centre,4123569163,doctors,,,Kampala,0.29581098,32.59474120,"Gogonya Road, kampala",,,,,
KIBIRO,11029992930,clinic,,,Hoima,1.68411374,31.26403637,,,,,,
Tropical medical centre,11016746405,laboratory,,,Wakiso,0.40609386,32.51196638,,,,,,
HC 11,11066739667,hospital,,,Madi Okollo,2.68394495,31.24769836,,,,,,
KARUSANDARA HEALTH CENTRE III,5079071,hospital,,,Kasese,0.21254264,30.18996873,,,,,,
Adravu West,5354389863,clinic,Idi,operational,Arua,2.90739744,30.88121389,,,,,,
Dawa Clinic,7580010,clinic,,,Kampala,0.34535214,32.58757576,,,,,,
MARIE MEDICAL CENTRE,11056452254,clinic,,,Iganga,0.61679119,33.47495343,,,,,,
St. Elizabeth Kibanga Ihu HC III,4263456,clinic,private_non_profit,,Mpigi,0.23376512,32.22571123,,,,,,
KIAMARA A HEALTH CENTRE II,11001734199,clinic,,,Kabarole,0.65052114,30.36044407,,,,,,
MWERA,11010338330,hospital,,,Mityana,0.31500998,32.12074424,,,,,,
HEALTH CENTRE III,11056451903,clinic,,,Jinja,0.49111427,33.21947176,,,,,,
Doxs Drug Shop,5789319876,doctors,,non operational,Obongi,3.41472495,31.58403497,,,,,1,
Morobi Drug Shop,5789319885,doctors,,non operational,Obongi,3.43003852,31.57969708,,,,,0,
BUSANDHA HC II,11056452019,clinic,,,Luuka,0.92597386,33.39559952,,,,,,
KYABASARA H/C II,11029992862,clinic,,,Kagadi,1.06909017,30.98437718,,,,,,
HEALTH CENTRE II,11054940380,hospital,,,Moyo,3.64887350,31.71822496,,,,,,
Lisa Medical Centre,6023673,clinic,,,Kampala,0.30969225,32.55690168,,,,,,
NDIBULA MARTENITY,11010338186,clinic,,,Kiboga,0.83217316,31.89605978,,,,,,
NABILATUK HEALTH CENTRE IV,4769848,hospital,,,Nabilatuk,2.05479427,34.57599227,,,,,,
Bulanga Medical Care Clinic,4050080852,clinic,,,Luuka,0.56784515,33.41130528,Waibuga,,,,,
HASYULE,11056451935,clinic,,,Busia,0.31295265,34.01862856,,,,,,
Ebeneza Drug Shop,5309760254,pharmacy,,,Arua,3.01355826,30.96269496,,,,,,
MAKONGE,11010338499,clinic,,,Buikwe,0.24786164,33.00816625,,,,,,
BUNYIRO,11056452399,clinic,,,Iganga,0.67681819,33.47496793,,,,,,
KABASANDA,11010338443,clinic,,,Butambala,0.27163129,32.22498452,,,,,,
KALUNGU HEALTH CENTRE III,1043471,hospital,,,Kalungu,-0.16795427,31.75741824,,,,,,
ARINYAPI,11054940385,hospital,,,Adjumani,3.47122283,32.00810990,,,,,,
HEALTH CENTRE II,11029992805,clinic,,,Ntoroko,1.12691289,30.46931083,,,,,,
Patients Drugshop,10583475409,clinic,private,,Hoima,1.42733330,31.36141464,Hoima,,,,,
Arise and Shine Medical Clinic,1498577443,doctors,,,Kampala,0.30118093,32.62153546,,,,,,
Polah Medical Centre,613003516,doctors,,,Kampala,0.30897686,32.63430898,,,,,,
APUUTON HEALTH CENTRE 2,11151161542,hospital,,,Katakwi,1.85097949,34.13392558,,,,,,
Life Saving Drug Shop,10023811294,doctors,,,Arua,3.02543525,30.91619996,,,,,,
Lira Friends Medical Clinic,9909142410,doctors,,,Lira,2.21191933,32.90137150,,,,,,
KANONI H/C II,11001694648,clinic,,,Gomba,0.17036683,31.90550677,,,,,,
Drug shop,5215672036,pharmacy,Refugee,,Yumbe,3.52102995,31.33646322,,,,,,
KANGO,11066741241,hospital,,,Zombo,2.64420517,30.84496459,,,,,,
BIRA HEALTH CENTRE,11056452298,clinic,,,Tororo,0.68294435,34.07674357,,,,,,
SSUNGA,11001694773,hospital,,,Masaka,-0.31135648,31.86389448,,,,,,
LYDDA,7317917185,clinic,private,,Wakiso,0.37850516,32.64784273,,,,,,
Pearl Clinic,4102222550,doctors,,,Kampala,0.34298232,32.54353254,kampala,,,,,
INDE,11066741257,hospital,,,Madi Okollo,2.88215710,31.21335469,,,,,,
NYARUGANDO H/C II,9695117,clinic,,,Rukungiri,-0.91530806,29.94386164,,,,,,
Mirambi HC III,4821564,hospital,Government,,Bukomansimbi,-0.29177610,31.63393026,,,,,,
KALIIRO,11001654300,hospital,,,Lyantonde,-0.28868746,31.16388905,,,,,,
Felister Pharmacy,9909163227,pharmacy,,,Lira,2.24055526,32.89531339,,,,,,
RYAMIYONGA HEALTH CENTRE II,7350775,hospital,,,Rwampara,-0.81983030,30.63976722,,,,,,
Kwapa Health Centre III,2876809,clinic,,,Tororo,0.75309719,34.23879392,Kwapa,,,,,
HEALTH CENTRE III,11010338310,hospital,,,Mpigi,0.35206244,32.32189499,,,,,,
KAKIRI,11010338336,clinic,,,Wakiso,0.41924884,32.38971029,,,,,,
LUKAYA HEALTH CENTRE III,919786901196,hospital,,,Kalungu,-0.14523546,31.87553409,,,,,,
KYANDALO,11056452041,hospital,,,Mayuge,0.38960155,33.62189423,,,,,,
KISOLHOLHU HEALTH CTR,11001734009,clinic,,,Kasese,0.07682119,29.73712443,,,,,,
AmuriaHC4,4068294644,hospital,,,Amuria,2.03207872,33.64116087,,,,,,
NAKAPELMO HC II,11080473497,hospital,,,Kotido,3.03452878,34.24673049,,,,,,
KABAMBIRO HEALTH CENTRE II,11007308986,hospital,,,Kamwenge,0.15470533,30.50798325,,,,,,
Kimbejja General Clinic,8465326618,clinic,,,Wakiso,0.38056745,32.64265358,,,,,,
LOZOO HC 111,11066739698,hospital,,,Arua,2.72623509,30.92857869,,,,,,
Bufumbo Health Center,3947997562,hospital,,,Mbale,1.11198078,34.23921226,mbale,,,,,
Mother Florence Medical center,8562022418,clinic,,,Kampala,0.33404118,32.55982822,,,,,,
LWANDA,11001694729,hospital,,,Rakai,-0.67200312,31.48009216,,,,,,
KIBUUKA HC II,5124638,clinic,,,Rakai,-0.53897393,31.31801993,,,,,,
HEALTH CENTRE III,11001478316,hospital,,,Kanungu,-0.98217268,29.84655847,,,,,,
Mit Pa Mungu Drug Shop,8632128754,pharmacy,private,,Zombo,2.41770939,30.98605717,,,,,1,
The Herbal Research Clinic,616288170,doctors,,,Kampala,0.30822089,32.59688554,,,,,,
Princeton Children's Medical Centre,7103395,clinic,,,Kampala,0.33961246,32.58929606,,,,,,
KARUNGU,11007308970,hospital,,,Buhweju,-0.34258837,30.47706375,,,,,,
okecho,3990563797,doctors,,,Tororo,0.80200065,33.97408847,tororo,,,,,
MASJD NOOR HEALTH CENTRE 11,11066741288,doctors,,,Arua,3.03660908,30.91365429,,,,,,
Bugoyozi Health centre II,6079962,doctors,,,Bugiri,0.48886960,33.78298854,Kapyanga,,,,,
Saint Josephs clinic,4100092184,clinic,,,Kampala,0.28772446,32.57383572,"Salama Road, Kampala",,,,,
KAIRA BUKOLWA,11056451868,clinic,,,Jinja,0.67196389,33.11326626,,,,,,
KAHENGYE HEALTH CENTRE II,5150914,clinic,,,Rukungiri,-0.83032101,30.04438924,,,,,,
BK Consultation Clinic,8963738648,clinic,private,,Kampala,0.34115390,32.57571780,,,,,6,
Aroma medical center,8963738631,clinic,private,,Kampala,0.34016014,32.57378526,,,,,12,
APOI HEALTH CENTRE 111,3298663,hospital,,,Apac,1.73383519,32.49801688,,,,,,
KYENZIGE HC IV,11029992996,hospital,,,Kagadi,0.98262572,30.85030185,,,,,,
Kibugga HC II,6266797,clinic,Ministry of Health,,Butambala,0.16397723,32.16434396,,,,,,
MAJI A,11054940354,hospital,,,Adjumani,3.26444095,31.61474148,,,,,,
God’s Mercy Clinic,8274342544,clinic,private,,Kisoro,-1.31884833,29.67816863,,,,,3,
Busolwe hospital,3995681787,clinic,,,Butaleja,0.84985529,33.92924244,"Butaleja road, Busolwe Town Council",,,,,
Dan Drug Shop,3995680085,pharmacy,,,Butaleja,1.00526055,34.07477122,Nawoya,,,,,
Buyoga Health Centre II PHC project,4050456350,doctors,,,Luuka,0.92093676,33.36248547,Bukooma,,,,,
KAMONKOLI HC III,6803466,clinic,,,Budaka,1.06801284,34.09853878,,,,,,
New Life Medical Centre,10583475437,clinic,private,,Hoima,1.43195675,31.35672706,Hoima,,,,,
Health post,5215671212,clinic,Médecins sans frontières,operational,Arua,3.24521663,31.26253324,,,,,,
Health Care Drug,8632128756,pharmacy,private,,Zombo,2.41761274,30.98596773,,,,,1,
ST CATHERINE,11010338383,hospital,,,Kampala,0.31457614,32.57617193,,,,,,
Politex Drug shop,3995681812,pharmacy,,,Butaleja,0.90340282,33.84256049,"Busaba Road, Namayonfu",,,,,
Ask Morobi Drug Store.,5789319888,doctors,,non operational,Obongi,3.43017908,31.57549146,,,,,1,
RUTEETE HEALTH CENTRE III,11001734047,hospital,,,Kabarole,0.55401585,30.29887002,,,,,,
Musaasizi Drug Shop,4102726442,clinic,,,Kampala,0.28622267,32.59692904,"Ggonya Road, Kampala",,,,,
NYAKATSIRO,11007308931,hospital,,,Mitooma,-0.51892635,30.03327693,,,,,,
Suka Drug Centre and cosmetics,8512515217,pharmacy,,,Wakiso,0.39556988,32.66734080,,,,,,
LAMIA HEALTH CENTRE II,11054959896,hospital,,,Moyo,3.61371158,31.74694723,,,,,,
NDAGIRE UC,11010338432,hospital,,,Kyankwanzi,0.90500083,31.70997616,,,,,,
Basil's Dental Clinic,2096282400,dentist,,,Kampala,0.34060446,32.59057832,,,,,,
KOPOTH HEALTH CENTRE III,7115334,hospital,,,Kaabong,3.36450888,34.12237239,,,,,,
Maxi Health Center,8556962917,clinic,,,Wakiso,0.38363313,32.65010744,,,,,,
KAGOMA,11056451830,hospital,,,Jinja,0.59492356,33.19588417,,,,,,
Jazz Pharmacy,10102769138,pharmacy,,,Gulu,2.76978913,32.29751975,,,,,,
IBAHWE,11054959827,hospital,,,Obongi,3.52964277,31.70327785,,,,,,
People's Clinic,3956448780,clinic,,,Manafwa,0.89210796,34.26408505,Khabutoola,,,,,
CEMETRY,11010338121,clinic,,,Mityana,0.39721609,32.04311105,,,,,,
KIMULI- KIDONGO HEALTH CENTRE II,11007309050,hospital,,,Kamwenge,0.16556643,30.48124490,,,,,,
Ogoni Medicare Clinic,10023482349,doctors,,,Arua,3.03592797,30.91313344,,,,,,
God's Will Drug Shop,10020565435,doctors,,,Arua,3.11177598,30.89695779,,,,,,
New Life Care Clinic,10198909188,clinic,private,,Lira,2.24025569,32.88714255,Lira,,,,4,
BULOWOOZA HEALTH CENTRE II,11056452133,clinic,,,Iganga,0.60840744,33.44103572,,,,,,
Kampala Independent Hospital,8406022,hospital,,,Kampala,0.35885907,32.61646759,,,,,,
ATARI H/UNIT II,11056451852,clinic,,,Bulambuli,1.49804865,34.44340615,,,,,,
MSF,5587487427,clinic,Médecins sans frontières,,Yumbe,3.47166054,31.24884182,,,,,,
TOROMA HEALTH CENTRE II,11151161559,hospital,,,Katakwi,1.78053915,33.96773708,,,,,,
PACHORO,11066741305,hospital,,,Pakwach,2.72090043,31.44204025,,,,,,
Ray Of Hope Medical Care Drug Shop,10102878064,doctors,,,Gulu,2.77787993,32.27061769,,,,,,
NYAMABUGAH/C III,11029992875,hospital,,,Kyenjojo,0.70884485,30.51216523,,,,,,
AMACH HEALTH CENTRE 4,3638022,hospital,,,Lira,2.10873902,33.00630220,,,,,,
Sophies Clinic,4102222556,doctors,,,Kampala,0.34256583,32.54407418,kampala,,,,,
BUHUNGAMUYAGHA HEALTH CENTRE II,2755114,clinic,,,Kasese,0.07055446,29.75907395,,,,,,
Alesta Medical Centre,10020547609,doctors,,,Arua,3.01358056,30.90333047,,,,,,
HEALTH CENTRE II,11073166709,hospital,,,Kalaki,1.91061279,33.39538042,,,,,,
BULERA HEALTH CENTRE II,11010338269,hospital,,,Mityana,0.50243412,32.01990156,,,,,,
YOYO CLOSED,11054940396,hospital,,,Yumbe,3.38859579,31.36240764,,,,,,
GERMANY HEALTH UNIT,11001694696,hospital,,,Rakai,-0.56717753,31.26249032,,,,,,
Elizabeth Medical Center,4102724081,clinic,,,Kampala,0.28935549,32.58420464,"Namasole Kiyembe Road, Kampala",,,,,
AID POST A,11001694721,clinic,,,Ssembabule,-0.15533607,31.39866893,,,,,,
KIHANGA,11001478350,hospital,,,Rukiga,-1.17685294,30.04051504,,,,,,
BUKOTO,11001694575,hospital,,,Masaka,-0.39549075,31.63336540,,,,,,
Jey Pharmacy,8442100818,pharmacy,,,Mbarara,-0.52384527,30.73334396,,,,,,
MORUKATIPE,11056452038,clinic,,,Tororo,0.70161102,34.23636820,,,,,,
PARABEK OGIL HC II,11080473467,hospital,,,Lamwo,3.40985942,32.49806709,,,,,,
BUTUNDUZI HEALTH CENTRE III,9315853,hospital,,,Kyenjojo,0.49077808,30.83771886,,,,,,
BUKUUKU H/C IV,11001730391,hospital,,,Kabarole,0.66182556,30.17876850,,,,,,
Sumaya Health Centre,3958349277,hospital,,,Kapchorwa,1.39039827,34.41892613,Kapteret,,,,,
PAMINYA,11066739688,hospital,,,Nebbi,2.43999578,31.12922242,,,,,,
TEGOT LATORO HEALTH CENTRE II,11066741279,hospital,,,Nwoya,2.56585123,31.64551698,,,,,,
KISNYI,11010338286,hospital,,,Kampala,0.30745722,32.57270165,,,,,,
Kwagala Drug Shop,3967508366,pharmacy,,,Kaliro,1.15268264,33.52212368,,,,,,
ST MARY'S DOMICILIARY CLINIC,11001694704,clinic,,,Lwengo,-0.37163661,31.25751709,,,,,,
Kagano Health Center III,1166581,clinic,government,,Kisoro,-1.26000058,29.76729014,,,,,12,
Jobecal Medical clinic,4102399357,doctors,,,Kampala,0.29090070,32.60562862,"John Kinyingi Road, kampala",,,,,
Lutindo Pharmacy,8591804919,pharmacy,,,Wakiso,0.43566589,32.60169809,,,,,,
KAPUJAN HEALTH CENTRE III,4008537,hospital,,,Katakwi,1.72771397,33.90461062,,,,,,
NAMBIESO HC III,4503325,hospital,,,Kwania,1.86807908,32.79410133,,,,,,
KYABI HC III,11001694661,hospital,,,Ssembabule,-0.00495618,31.49832816,,,,,,
Nyabihuniko Health Center,8274342522,clinic,government,,Kisoro,-1.31463835,29.72708827,,,,,9,
G&S Drug Shop,5789318221,doctors,Private,operational,Adjumani,3.29917497,31.86781167,,,,,2,
Memar Medical Center,10102769172,doctors,,,Gulu,2.77644009,32.29985042,,,,,,
KISIIZI H/C III,3272346,hospital,,,Rukungiri,-0.99526865,29.93587788,,,,,,
Mobile Clinic,5215672044,clinic,IRC,,Yumbe,3.24847904,31.36076269,,,,,,
RWAITENGYA HEALTH CENTRE II,11029992885,clinic,,,Kyenjojo,0.48649978,30.68567122,,,,,,
Nacol Medical Centre,5030668,clinic,,,Luwero,0.83540019,32.49339569,,,,,,
St. Luke Hospital,10963260469,hospital,,,Kampala,0.31161137,32.65417878,,,,,,
Ariku Drug Shop,6007027159,doctors,private,operational,Yumbe,3.33715999,31.30280326,,,,,3,
KYAMPISI,11010338151,hospital,,,Mukono,0.50406750,32.71484683,,,,,,
Hope Clinic Namakwekwe,3955091323,clinic,,,Mbale,1.08888973,34.17996872,mbale,,,,,
Africa Medical and Laboratory Centre,3994599470,clinic,,,Wakiso,0.20977427,32.53985658,,,,,,
HEALTH CENTRE II,11056438783,clinic,,,Bulambuli,1.23567077,34.33963827,,,,,,
One stop Pharmacy,8437888218,pharmacy,,,Kampala,0.29513632,32.57701557,,,,,,
MPUGWE,11001654297,hospital,,,Masaka,-0.26984661,31.81018156,,,,,,
ALENGA H/C III,9292306,hospital,,,Apac,1.84852133,32.35047745,,,,,,
Universal health care,4097455475,clinic,,,Kampala,0.34417892,32.56088015,"Nanfumbambi road, kampala",,,,,
Samaritan Brothers Care Drug Shop,10023482323,doctors,,,Arua,3.03947310,30.88819158,,,,,,
Apuuton Pharmacy,3079717666,pharmacy,,,Soroti,1.71366196,33.61590854,,,,,,
Prime Dental Clinic,8519458421,dentist,,,Wakiso,0.24268983,32.55655945,,,,,,
HEALTH CENTRE,11056452180,clinic,,,Tororo,0.77932844,33.95776262,,,,,,
Grace Pharmacy,4043797790,clinic,,,Jinja,0.47053394,33.22901682,"Wanyama Road, Bugembe Town Council",,,,,
Access Pharmacy,8461429417,pharmacy,,,Kampala,0.34978809,32.60392734,Kiira Road,,,,,
LOMUNGA H/C II,9555692,hospital,,,Obongi,3.35361015,31.55883938,,,,,,
KAPWANYI,11056452424,clinic,,,Pallisa,1.26475975,33.82068003,,,,,,
RACKOKO HC II,11073118403,hospital,,,Pader,2.70124813,32.94791604,,,,,,
HEALTH CENTRE IV,11001694629,hospital,,,Lwengo,-0.38906594,31.46000526,,,,,,
LABANUKA HEALTH CENTER III,11001694700,hospital,,,Bukomansimbi,-0.16927584,31.61819776,,,,,,
KASASIRA,11056452220,clinic,,,Kibuku,1.09101706,33.70639672,,,,,,
Seeta Dental Clinic,3394179122,dentist,,,Mukono,0.36838343,32.71260945,,,,,,
St. James Drug Shop,3995629938,pharmacy,,,Butaleja,0.90899414,34.08608478,,,,,,
MORULEM L HC III,11151161580,hospital,,,Abim,2.54384454,33.70154754,,,,,,
KIWALAZI H/C III,11056452154,hospital,,,Luuka,0.74158365,33.29257688,,,,,,
Joint Clinic,3079713523,clinic,,,Soroti,1.71530992,33.61830937,,,,,,
NAKATOOGO,11001694803,clinic,,,Kyotera,-0.51662946,31.52468128,,,,,,
Ogoso Clinic,3966680782,doctors,,,Butebo,1.17170863,33.93333080,Petete,,,,,
Marina Dental Care,4114253413,clinic,,,Kampala,0.33851930,32.58292573,Kampala,,,,,
KYANYARUHUMA CLINIC,11029992955,clinic,,,Kagadi,0.90008258,30.85819300,,,,,,
Lirimva Health Center III,5354389873,clinic,IDI,operational,Madi Okollo,2.78642662,31.03049492,,,,True,,
KIYUNI,11029992816,hospital,,,Kyankwanzi,0.93738415,31.49098427,,,,,,
ST. CATHERINE HEALTH CENTRE II,11054959863,hospital,,,Moyo,3.71107225,31.78713829,,,,,,
IHANDIRO,11001734113,hospital,,,Kasese,0.05297493,29.77856347,,,,,,
Abramontz Dental Care,9123576786,dentist,,,Mbale,1.08674120,34.17843097,,,,,,
Kyosiima Maternity and Nursing Home,3923193,clinic,,,Kampala,0.36865224,32.62547705,,,,,,
KYETUME H/C III,8853487,hospital,,,Lwengo,-0.39254594,31.40138676,,,,,,
APARANGA H/C II,1561065,hospital,,,Nwoya,2.55457488,31.90216130,,,,,,
Subuo Pharmacy,9909257634,pharmacy,,,Lira,2.24207348,32.89358915,,,,,,
KIBUDIRE HEALTHCENTRE II,11056452126,clinic,,,Jinja,0.61330960,33.13684757,,,,,,
FAMILIES,11010338505,clinic,,,Kampala,0.34265308,32.63598469,,,,,,
ADUMI HC IV,11054959853,hospital,,,Arua,3.03856576,30.83342246,,,,,,
Mult Care Medical Centre,4105119567,clinic,,,Kampala,0.27605182,32.58155596,"Salaama Road, Kampala",,,,,
IHUNGA,11007309003,hospital,,,Kitagwenda,-0.04198022,30.31022608,,,,,,
KOKORIO HEALTH CENTRE II,2575485,hospital,,,Katakwi,1.71073810,33.93447518,,,,,,
KAMUKUMBI HEALTH CENTRE II,5103592,clinic,,,Kasese,0.01099584,29.74293862,,,,,,
Noble Care Medical Clinic and Lab Services,10198909181,clinic,private,,Lira,2.27124518,32.89803424,Lira,,,,3,
ST NICHOLAS,11010338507,clinic,,,Kampala,0.29509274,32.60493837,,,,,,
HEALTH CENTRE TWO,11056451844,clinic,,,Sironko,1.22235704,34.26522357,,,,,,
Ama Taulu Pharmacy,10020547603,pharmacy,,,Arua,3.01334746,30.91390097,,,,,,
SUUBI HEALTH CENTRE II,11056438789,clinic,,,Iganga,0.56982118,33.44849185,,,,,,
KISASI HEALTHCENTRE II,11056452278,clinic,,,Jinja,0.58970859,33.28378745,,,,,,
Merick Clinic,4104720701,doctors,,,Kampala,0.31052382,32.55826902,"Albert Cook Road, kampala",,,,,
Save Lifedrug Shop.,5789319895,doctors,,non operational,Obongi,3.47290206,31.63639286,,,,,1,
KIBOGA EPIC CENTRE,11010338331,hospital,,,Kiboga,0.92675439,31.78449832,,,,,,
KITONGO,11010338206,hospital,,,Mityana,0.28771264,32.06241994,,,,,,
Super Medic Pharmacy,4124066949,pharmacy,,,Kampala,0.31419526,32.57650494,kampala,,,,,
RAMBIA HCII,11001734180,clinic,,,Bunyangabu,0.56561858,30.14731289,,,,,,
Beijing Clinic,8457794517,clinic,,,Kampala,0.30247502,32.60917919,,,,,,
SIGULU,11056452014,clinic,,,Namayingo,0.12022889,33.77782638,,,,,,
Mbale medical care and laboratory,3955091328,clinic,,,Mbale,1.09084707,34.17768155,"Kiteso lane, mbale",,,,,
Life Guard Drug Shop.,5789319884,doctors,,non operational,Obongi,3.43001949,31.57950228,,,,,0,
LWAKI HC II,3456285,clinic,,,Luuka,0.67544892,33.41080874,,,,,,
Jmail Pharmacy,9147833038,pharmacy,private,,Kampala,0.38036125,32.57445548,Kanyanya,,,,4,
KAMAKA H/CII,11054940391,hospital,,,Maracha,3.24415917,30.85903789,,,,,,
Ediofe Family Centre Medical Centre,10020565452,doctors,,,Arua,3.01419017,30.90308597,,,,,,
Cilio Health Centre,5308494960,clinic,Ministry Of Health;CUAAM; IDI,operational,Arua,3.19757163,31.03134166,,,,True,,
God Cares Medical Clinic,4105119533,clinic,,,Kampala,0.25988363,32.60109183,"salaama Road, Kampala",,,,,
God's Mercy Clinic,4102222532,doctors,,,Kampala,0.33822509,32.53813586,kampala,,,,,
KABINGO HEALTH CENTRE II,11029992808,clinic,,,Kazo,0.17057060,30.66661856,,,,,,
ST LUCIA H/CENTRE,11001478338,clinic,,,Ntungamo,-0.81940827,30.15864522,,,,,,
UGANDA MUSLIM SUPREME COUNCIL HEALTH CENTRE 11,11029979792,hospital,,,Hoima,1.42945869,31.34777535,,,,,,
Bulangira Health Centre,3968719061,doctors,,,Kibuku,1.12695363,33.89897136,Bulangira,,,,,
Buwembe Health Centre 2,3997958547,doctors,,,Busia,0.46349942,33.97697822,"Buwembe Road, Buyanga",,,,,
AMUDAT HOSPITAL,8874034,hospital,,,Amudat,1.95352286,34.94331275,,,,,,
RUBAYA HEALTH CENTRE II,5167469,hospital,,,Ibanda,-0.22232105,30.47202573,,,,,,
MSF Health Centre II,5215672060,clinic,MSF,,Yumbe,3.31155822,31.25006667,,,,,,
K & D FAMILY CLINIC,11010338247,clinic,,,Kiboga,0.80056643,32.07214454,,,,,,
ACABA HEALTH CENTRE II,11073166748,hospital,,,Oyam,2.39314295,32.46758923,,,,,,
ARIBA HEALTH CENTRE II,11073166806,hospital,,,Oyam,2.52768356,32.55404228,,,,,,
Ezotuku,5354389837,doctors,,operational,Arua,2.87153328,30.88877999,,,,,,
ELIOFE HEALTH CENTRE III,9073817,hospital,,,Maracha,3.14732229,30.84099903,,,,,,
BUTEMA,11029993008,clinic,,,Hoima,1.34058026,31.41753852,,,,,,
Warr Islamic Health Centre,8632128749,clinic,private,,Zombo,2.59996004,30.88902013,,,,,1,
DISPENSARY,11010338210,hospital,,,Mityana,0.49311529,32.00980296,,,,,,
Christen Pharmacy,3221361113,pharmacy,,,Luwero,0.84144472,32.49338379,,,,,,
Rehema Medical centre and maternity home,10029317693,clinic,,,Mbale,1.03876595,34.18404375,,,,,,
ST FRANCIS HEALTH CENTRE II,11007309071,hospital,,,Mbarara,-0.60567955,30.67514824,,,,,,
HEALTH CENTRE II,11001694674,clinic,,,Ssembabule,-0.31917973,31.37333345,,,,,,
KALUSEGE,11001734152,clinic,,,Bundibugyo,0.65576846,30.05011140,,,,,,
Life Care Drug Shop.,5789319891,doctors,,non operational,Obongi,3.45262138,31.56960116,,,,,0,
BUWUMBA HEALTH CENTRE II,1502654,clinic,,,Busia,0.45610264,34.02873655,,,,,,
BUSAMUZI H/UNIT II,11056451988,clinic,,,Buvuma,0.25549302,33.35220029,,,,,,
KISEKE HEALTH CENTRE II,6029272,clinic,,,Hoima,1.52985948,31.32429194,,,,,,
KYEBANDO,11029992909,hospital,,,Kibaale,0.91235495,31.08730494,,,,,,
ST THEREZA,11010338124,clinic,,,Wakiso,0.42491149,32.38048072,,,,,,
LWANIKA,11056452183,clinic,,,Mayuge,0.35306282,33.44462293,,,,,,
Bunambali Health Centre,3953786379,hospital,,,Namisindwa,0.95755134,34.37091425,Tsekululu,,,,,
ATOOT H/C II,1435507,clinic,,,Ngora,1.39107033,33.77879926,,,,,,
KANZIRA HEALTH CENTRE II,3017575,clinic,,,Gomba,0.23164668,32.09099854,,,,,,
BUSOWOBI,11056451834,clinic,,,Iganga,0.60922216,33.53482369,,,,,,
Uganda Police Clinic Health Centre II,5581884793,clinic,government,operational,Yumbe,3.46966162,31.24639162,,,,,5,
Kims medical center,4116600477,doctor,,,Kampala,0.31115037,32.58112957,"Entebbe Road, Kampala",,,,,
KIJUBWE HEALTH CENTRE II,11001478441,clinic,,,Ntungamo,-1.10516102,30.09730235,,,,,,
Erikks Drug Shop,1596065822,pharmacy,,,Kampala,0.30537415,32.61321742,,,,,,
Bethel Health Medical Consults,4086729074,clinic,,,Kampala,0.36996526,32.57652112,"Gayaza road, kampala",,,,,
NAWANYAGO HEALTH CENTRE II,5135753,clinic,,,Luuka,0.92742117,33.30730380,,,,,,
Umoja Medical Clinic,5581884789,doctors,private,operational,Yumbe,3.46503992,31.24780665,,,,,6,
SIRIPI*,11054959894,hospital,,,Arua,3.19809676,31.27437913,,,,,,
AGULE,11056452336,hospital,,,Pallisa,1.28439787,33.70578082,,,,,,
Community Health Center,8781353118,clinic,,,Sheema,-0.57877473,30.40933093,,,,,,
KAMULI HEALTH CENTER II,11056452412,clinic,,,Tororo,0.78872707,34.13675917,,,,,,
Khan medical center,10979272104,clinic,,,Kampala,0.28943454,32.60631526,,,,,,
Dembe Medical Centre and Laboratory,3986158990,clinic,,,Tororo,0.69124168,34.18112986,"School Street, Tororo",,,,,
Higher Life Pharmacy,8412039117,pharmacy,,,Mbale,1.07485105,34.17721434,Kumi Road,,,,,
KIBALYA H/C II,11001734066,clinic,,,Kasese,0.16951959,30.00758145,,,,,,
RAKAI AIDS INFORMATION NETWORK,11001694712,hospital,,,Kyotera,-0.53812325,31.62102456,,,,,,
Bubutya Drug Shop,3998182232,doctors,,,Namutumba,0.75742846,33.73594846,"Bulange- Bubutya Road, Bulange",,,,,
KYEMBOGO H CENTRE II,11007285468,hospital,,,Ibanda,-0.01063081,30.47394753,,,,,,
Weej Medical Centre,9580506,doctors,,,Kampala,0.28849526,32.62729785,"Bukasa Road, kampala",,,,,
BUGAYA HEALTHCENTRE III,11056451905,hospital,,,Buvuma,0.05266496,33.27447138,,,,,,
KATAKWI HEALTH CENTRE IV,11151161594,hospital,,,Katakwi,1.91720734,33.96304540,,,,,,
Peace Medical Clinic,10023482339,doctors,,,Arua,3.05312504,30.85260302,,,,,,
ALOWA HC III,11151230014,hospital,,,Kapelebyong,2.07244664,33.79883285,,,,,,
Agape Health Care Network,10020547614,doctors,,,Arua,3.09883549,30.88621169,,,,,,
Adreen Pharmacy,8591792117,pharmacy,,,Wakiso,0.43698243,32.60217578,,,,,,
NGOMBA H/L,11007308989,hospital,,,Kazo,0.14873566,30.63119815,,,,,,
KANSAMBWE HEALTH CENTRE II,3405095,clinic,,,Mukono,-0.08645325,32.58925164,,,,,,
Alangi Health Centre,8632128787,clinic,government,,Zombo,2.58409327,30.80870993,,,,,16,
Martha Maternity Home,3958426651,doctors,,,Bukedea,1.21113702,34.12195078,"Lira-Mbale Road, Kachumbala",,,,,
MULANGA HEALTH CENTRE III,11056452189,clinic,,,Butaleja,0.85626367,33.85037242,,,,,,
NSINZE HC IV,1691317,hospital,,,Namutumba,0.81555394,33.61002579,,,,,,
Viva Pharmacy,8408959117,pharmacy,,,Kampala,0.29052259,32.57509292,Mobutu Road,,,,,
BUGONGI,11007308957,hospital,,,Sheema,-0.63289173,30.25566349,,,,,,
Namirembe Clinic,11010338244,hospital,,,Kampala,0.31510143,32.55774758,,,,,,
Bunapongo Health Centre Three,3953399777,clinic,,,Mbale,1.03241842,34.19739595,"Busano Road, mbale",,,,,
Kajjansi Medicare,4824896521,clinic,,,Wakiso,0.20834499,32.54075780,,,,,,
OGUA HEALTH CENTRE II,11054940395,hospital,,,Arua,3.14138472,31.02377682,,,,,,
KARUJANGA,11001478372,hospital,,,Kabale,-1.43282587,29.98394667,,,,,,
KAPUJAN HEALTH CENTRE III,400853701438,hospital,,,Katakwi,1.72778639,33.90453879,,,,,,
Abuga Drug Shop,10102653181,doctors,,,Gulu,2.76505193,32.25006510,,,,,,
City Care Medical Clinic,10020547589,doctors,,,Arua,3.00012819,30.91208604,,,,,,
Maracha Clinic,5332973057,clinic,,operational,Arua,3.01781325,30.89832329,,,,,,
Tamba Dental Clinic,2783762,clinic,,,Kampala,0.32020593,32.57408928,"Bombo Road, Kampala",,,,,
Rushaga Human Drugshop,8274304195,pharmacy,private,,Kisoro,-1.11860668,29.70981652,,,,,2,
MASODDE,11010338131,clinic,,,Kyankwanzi,0.95658809,31.74331258,,,,,,
Wisdom Health Care Clinic,10023486991,doctors,,,Arua,2.98812598,30.93257560,,,,,,
WANDEGEYA CLINIC,11010338321,clinic,,,Kampala,0.33198393,32.57378803,,,,,,
High Way Health Services,9909142416,doctor,,,Lira,2.24198597,32.89855602,,,,,,
BUKOTEKA HC 3,11056452092,hospital,,,Bugweri,0.60983295,33.57710695,,,,,,
Tripple M Medical Clinic,4104666147,clinic,,,Kampala,0.32812884,32.54751202,"Masiro Road, kampala",,,,,
Niam Pharmacy,10102769155,pharmacy,,,Gulu,2.76746483,32.29884778,,,,,,
Peace Retail Pharmacy,3946191126,pharmacy,,,Mbale,1.07303544,34.17769429,"Plot 32, Naboa Road, mbale",,,,,
Kabula Prison HC II,7651409923,clinic,,,Lyantonde,-0.34505223,31.14792840,,,,,,
Trinity Health Care Onduparaka,10023487000,doctors,,,Arua,3.03816854,30.88953947,,,,,,
Isaac Memorial Medicare Clinic,3958426630,doctors,,,Bukedea,1.21107743,34.11925448,Kachumbala,,,,,
Dr stex's home,9751197247,doctor,,,Wakiso,0.42400599,32.53030490,,,,,,
Fresco Medical Services,3530942372,doctor,,,Kampala,0.34232309,32.59333404,,,,,,
Redeemer Medical Clinic,10102878063,doctors,,,Gulu,2.78828917,32.32312948,,,,,,
IBANDA HOSPITAL,1811258,hospital,,,Ibanda,-0.13043352,30.44821064,,,,,,
ST ANDREW H/C III,11001694737,hospital,,,Kyotera,-0.62531885,31.57126472,,,,,,
Good Hope Medical Care,10102817911,doctors,,,Gulu,2.76976164,32.29640864,,,,,,
HEALTH CENTRE III,11029993060,hospital,,,Hoima,1.47919406,31.45436089,,,,,,
Kwo Piretek Drug Shop,10102721867,doctors,,,Gulu,2.76574394,32.31732845,,,,,,
KYABIGANDO HC II,11001694608,clinic,,,Rakai,-0.49102408,31.22340015,,,,,,
ONGINO HOSPITAL,11056451820,hospital,,,Kumi,1.55610766,34.00559479,,,,,,
MUSYENENE HEALTH CENTRE III,11001734132,hospital,,,Kasese,0.01347127,29.79609589,,,,,,
AMOLATAR HEALTH CENTRE IV,1076116,hospital,,,Amolatar,1.63772384,32.84377005,,,,,,
Bright Medical Clinic,3943740971,clinic,,,Mbale,1.06060215,34.20185588,"Bungokho Mutoton Road, mbale",,,,,
PANGIRA HEALTH CENTRE II,5684137,hospital,,,Lamwo,3.61324974,32.65299852,,,,,,
KIBAALE H C II,11001694557,clinic,,,Rakai,-0.77881103,31.34433743,,,,,,
Mobile Medical Team,5299222401,clinic,Medical team,operational,Arua,3.21796329,31.29662822,,,,,,
KATIRI,11001734035,clinic,,,Kasese,0.19844126,30.01257539,,,,,,
BUSAMUZI HEALTH CENTRE III,3691063,clinic,,,Buvuma,0.26305912,33.24523120,,,,,,
ACKSEN Drug Shop.,5789319861,doctors,,non operational,Obongi,3.51970996,31.69415993,,,,,2,
Roots Pharmacy,8512549239,pharmacy,,,Wakiso,0.39492162,32.66531992,,,,,,
NAJJEMBE,11010338082,hospital,,,Buikwe,0.39504425,33.00727760,,,,,,
OTENO HEALTH CENTRE II,4205219,hospital,,,Alebtong,2.43961004,33.13445186,,,,,,
NYAKAYOJO H/C III,11007308978,hospital,,,Mbarara,-0.67989711,30.60268434,,,,,,
UGANDA PHARMACUTICALS LTD,11056451835,clinic,,,Jinja,0.42209525,33.20925137,,,,,,
HEALTH CENTRE,11056452281,clinic,,,Tororo,0.64605032,34.10215616,,,,,,
Njovu Islamic Medical Center,8456544539,clinic,,,Luwero,0.71579840,32.52805117,"Gulu - Kampala Road, Wobulenzi",,,,,
Lilly's Drug Shop,10023811293,doctors,,,Arua,3.03258979,30.89817669,,,,,,
Joy Medical Centre,8378738,doctors,,,Kampala,0.27130297,32.59055812,"Luwafu Road, Kampala",,,,,
NAMUGODI HEALTH CENTRE 11,11056452229,clinic,,,Busia,0.48240833,34.02656589,,,,,,
Global Hope Drugshop,10020565441,doctors,,,Arua,3.11996627,30.89425823,,,,,,
OTUMBARI HEALTH CENTRE III,11054940404,hospital,,,Arua,3.10328746,31.08482340,,,,,,
KAKIBOGO HEALTH CENTRE,11029993062,clinic,,,Kagadi,0.92570556,30.80119932,,,,,,
MWENGE DISPENSARY,11029992856,clinic,,,Kyenjojo,0.77686827,30.53891197,,,,,,
PALOGA H/C III,893595501488,hospital,,,Lamwo,3.59218979,32.94403480,,,,,,
SERERE,11056452070,hospital,,,Serere,1.51924229,33.46005267,,,,,,
OKIDI HC II,11080473438,hospital,,,Kitgum,3.20818203,32.78426717,,,,,,
Aafiya Africa Limited,10020574719,pharmacy,,,Arua,3.02143055,30.91076480,,,,,,
Ariapi,5333865322,clinic,Kam & unicef,operational,Arua,3.02731766,30.98593982,,,,True,,
KINONI,11001694645,hospital,,,Lwengo,-0.35289652,31.55877124,,,,,,
Set Time Drug Shop,10102878049,doctors,,,Gulu,2.76674499,32.29269437,,,,,,
Mulisa Medical Centre,5566284564,clinic,,,Kampala,0.28992815,32.54168827,,,,,,
AZURU HEALTH CENTRE 111,11029992811,hospital,,,Hoima,1.43919444,31.34219719,,,,,,
KIKO HEALTH CENTRE II,11001730380,clinic,,,Kabarole,0.59235308,30.33839715,,,,,,
LWEGO,11001694735,hospital,,,Lwengo,-0.43709190,31.44118688,,,,,,
BULUMAGI,11056451982,clinic,,,Iganga,0.62902575,33.44125315,,,,,,
NAWAMPANDA,11056452012,clinic,,,Jinja,0.56832736,33.08041574,,,,,,
Samulon Pharmacy,3987508660,pharmacy,,,Tororo,0.69496727,34.17903900,tororo,,,,,
KANGAI HEALTH CENTRE 111,7361645,hospital,,,Dokolo,1.78658569,33.08917608,,,,,,
NAMULESA HEALTH CENTRE II,8841837,clinic,,,Buikwe,0.23937622,33.00651518,,,,,,
Sama medical center,8631094120,clinic,,,Wakiso,0.39202802,32.54963767,,,,,,
KIKOOBA HEALTH CENTRE II,11010338404,clinic,,,Kiboga,0.68224748,32.09514716,,,,,,
LWAMAGWA HC III,11001694580,hospital,,,Rakai,-0.56252733,31.25576343,,,,,,
AGANGA H/C II,11073166754,hospital,,,Apac,1.75940896,32.18725707,,,,,,
RUJUGU HEALTH CENTRE III,11029993039,hospital,,,Kikuube,1.39896139,31.19810130,,,,,,
BUNAWALE HC II,6189849,clinic,,,Butaleja,0.78568603,33.84109223,,,,,,
Peace Medical Centre,563092253,hospital,,,Mbale,0.98153775,34.20165454,,,,,,
BUKOMERO,11010338327,hospital,,,Kiboga,0.68819796,32.04002458,,,,,,
Namaitsu Health Center II,2689006,doctors,,,Bududa,1.03609992,34.32985994,,,,,,
MUBUKU CLINIC,2490390,clinic,,,Kasese,0.17600987,30.07872705,,,,,,
K.N Forward Clinic.,10198909183,clinic,private,,Lira,2.26735372,32.89805796,Lira,,,,2,
Rwamahwa Health Center 4,8313069994,hospital,Government,,Rukungiri,-0.78053594,29.92452300,Kakabada B,,,,,
Zion Drug shop,8478560317,clinic,,,Kalaki,1.91635004,33.29980057,Soroti-Dokolo road,,,,,
BALYEWUNYA MEDICAL CENTRE,11056452061,clinic,,,Budaka,1.01707928,33.94988925,,,,,,
Hope Medical Drug Shop,5594324682,pharmacy,Private,operational,Yumbe,3.60535826,31.23281663,,,,,1,
BOMBO,11029993022,clinic,,,Hoima,1.57092829,31.26173403,,,,,,
Kitovu General hospital,6576293544,hospital,,,Masaka,-0.34385614,31.75881994,,,,,,
Lloyds pharmacy,4825695421,pharmacy,,,Wakiso,0.19718339,32.53994149,,,,,,
Butoolo HC III,9444998,hospital,Government,,Mpigi,0.12498327,32.22938326,,,,,,
Salaam Medical Clinic,5193275995,clinic,Morish Marongo,operational,Arua,3.12607224,31.16198862,,,,True,,
AGWATA HEALTH CENTRE III,11073118387,hospital,,,Dokolo,1.98041217,33.04950873,,,,,,
LUBIMBIRI,11029992925,clinic,,,Mubende,0.39961583,31.13612945,,,,,,
LULYANGO H/UNIT II,11066741227,hospital,,,Nwoya,2.64446132,31.89344856,,,,,,
KEBISONI HEALTH CENTRE IV,3421724,hospital,,,Rukungiri,-0.85739514,30.01543144,,,,,,
MAMA NORAH,11010338025,clinic,,,Mityana,0.37567426,32.03667643,,,,,,
Maya Health Centre,4119308373,clinic,,,Kampala,0.33995059,32.58614094,kampala,,,,,
Neuro Pharmacy,8684522938,pharmacy,,,Kampala,0.36585126,32.58449340,Waliggo Road,,,,,
TAJAR H/C II,11056452020,clinic,,,Bukedea,1.39323286,34.23893172,,,,,,
Fukanga Herbal,3997879810,doctors,,,Busia,0.46527303,34.08791346,Busia,,,,,
HEALTH CENTRE II,11001478308,clinic,,,Kanungu,-0.88309632,29.72055625,,,,,,
PAROLINYA,11054959874,hospital,,,Obongi,3.48711006,31.65525340,,,,,,
Pacilo Health Centre II,3273873,doctor,,,Amuru,3.32119708,32.10620943,,,,,,
BUTAARE,11007309015,hospital,,,Buhweju,-0.30215701,30.42981354,,,,,,
BULESA,11056452224,clinic,,,Bugiri,0.48213717,33.82899270,,,,,,
Medaid Pharmacy,9147833049,pharmacy,private,,Kampala,0.36268994,32.57379499,Kanyanya,,,,13,
KIWANYI,11056452456,clinic,,,Iganga,0.80960539,33.43918542,,,,,,
KYEBE H/C III,8940584,hospital,,,Kyotera,-0.93051778,31.66761084,,,,,,
CLINIC,11056452071,clinic,,,Buyende,1.21646129,33.37436992,,,,,,
OSUKURU HEALTH CENTRE 111,9265201,clinic,,,Tororo,0.64734616,34.17185747,,,,,,
God's Care,7060880741,clinic,,,Kampala,0.36686379,32.55842467,,,,,,
Odravu Health Center III,5354389849,clinic,"CUAM, IDI,",operational,Arua,2.82820345,30.99611143,,,,,,
Namayemba Poly Care Clinic,3998033289,clinic,,,Bugiri,0.51341684,33.80266070,Kapyanga,,,,,
Mirembe Clinic & Maternity,609005342,doctors,,,Kampala,0.31354877,32.63576994,,,,,,
ANAKA,11066741300,hospital,,,Nwoya,2.59764144,31.94538736,,,,,,
Grogen Pharmacy,3191398203,pharmacy,,,Kampala,0.33557926,32.56356152,,,,,,
HEALTH CENTRE II,11010338092,clinic,,,Mukono,0.33996249,32.83004645,,,,,,
HEALTH UNIT,11056451994,clinic,,,Jinja,0.51962113,33.24932777,,,,,,
MPARO,11001478312,hospital,,,Rukiga,-1.16521216,30.06297787,,,,,,
Community Health Service Bokwe,3713675028,clinic,,,Masindi,1.82688865,31.70569879,,,,,,
Kikandwa Health Center,9206450,hospital,,,Mukono,0.64087349,32.84051687,,,,,,
Soki Pharmacy,4043797809,pharmacy,,,Jinja,0.46655153,33.23835292,"Iganga Road, Bugembe Town Council",,,,,
Iwololo Health Centre II,5726433,doctors,,,Jinja,0.61825249,33.08689244,"Butagaya Road, Butagaya",,,,,
Makaayi Medical Center,9147833050,clinic,private,,Kampala,0.36534709,32.57538176,Kanyanya,,,,3,
KALI HEALTH CENTRE 111,11054940392,hospital,,,Obongi,3.47137740,31.56661108,,,,,,
St. Francis Health Care Drug Shop,10023392516,doctors,,,Arua,3.11447286,30.91659726,,,,,,
BIHANGA HEALTH CENTRE II,11007308995,hospital,,,Ibanda,0.05067208,30.57077762,,,,,,
Rehema Medical Centre And Maternity Home,3946163777,clinic,,,Mbale,1.03842154,34.18354486,"Busano Road, Mbale",,,,,
KAYENJE,11001734203,doctors,,,Bundibugyo,0.67430697,30.04708452,,,,,,
God's Mercy,3955387758,clinic,,,Sironko,1.21894602,34.20306857,"Bukomola Street, Bukhulo Sub County",,,,,
Bulamu Health Clinic,4107802634,clinic,,,Kampala,0.30068514,32.57530499,"Mutesi Road, Kampala",,,,,
Nakwasi Health Centre III,5138302,doctors,,,Butaleja,0.90340986,34.00132287,Butaleja,,,,,
Nilkanth Pharmacy,3338683417,pharmacy,,,Kiboga,0.91091913,31.77479577,,,,,,
Jotham Medical Centre,3968883261,clinic,,,Kaliro,0.94719793,33.48255062,"Bulumba Road, Namugongo",,,,,
BUMUGUSHA HEALTH CENTRE II,11056438803,clinic,,,Bulambuli,1.26871843,34.32629219,,,,,,
KABASANDA H.C II,11010338188,clinic,,,Butambala,0.26203292,32.22985315,,,,,,
St Monica's Medical Centre,4114246936,clinic,,,Kampala,0.31417766,32.58226473,Kampala,,,,,
Reborn Hospital,11228505040,hospital,,,Wakiso,0.45799905,32.55763736,,,,,,
Bugoye Heath Centre III,4481153003,hospital,,,Kasese,0.30187772,30.09875317,,,,,,
Stemu,4086620653,clinic,,,Kampala,0.37305592,32.58635175,"Kitara Road, Kampala",,,,,
SANYU MEDICAL CENTRE,11056452376,clinic,,,Bugweri,0.77830594,33.62525336,,,,,,
NASINYI HEALTH CENTRE II,11056451884,clinic,,,Butaleja,1.01583784,34.09790955,,,,,,
ST ANTHONY'S HOSPITAL,6612822,hospital,,,Tororo,0.68396912,34.17980938,,,,,,
Life and Love Clinic,8526133918,clinic,,,Kampala,0.31148456,32.55378998,Mutesa 1 Road,,,,,
KAMEKE,11056452011,clinic,,,Pallisa,1.26416748,33.77587423,,,,,,
Pioneer Medical Center,8494034419,clinic,,,Nebbi,2.47851439,31.09239678,Oringi Road,,,,,
HEALTH CENTRE II,11007308925,hospital,,,Ibanda,-0.09851607,30.52734629,,,,,,
NYAKASHAKA,11007309026,hospital,,,Buhweju,-0.41234207,30.32219669,,,,,,
SEKANYONYI,11010334400,clinic,,,Mityana,0.49888723,32.14190435,,,,,,
Alpha Medical Clinic,4105119514,doctors,,,Kampala,0.28399183,32.57548729,"Salama Road, Kampala",,,,,
NYEU,11054959866,hospital,,,Adjumani,3.49026995,31.81850362,,,,,,
Generations Medical Centre,7834112885,hospital,,,Wakiso,0.25596945,32.53362388,,,,,,
Community Drug Shop,6210374902,clinic,Community,yes,Kyegegwa,0.38684499,31.09483826,,,,,4,
Victoria's Drug Shop,5338522804,doctors,,operational,Arua,3.03758197,30.93109837,,,,,,
God's Grace Human Drug Shop,8274342530,pharmacy,private,,Kisoro,-1.29932671,29.72140492,,,,,1,
BUHANAMA HEALTH CENTRE II,11001478510,clinic,,,Ntungamo,-0.75160941,30.29928803,,,,,,
NGORA HEALTH CENTRE IV,5145635,hospital,,,Ngora,1.47782102,33.79248289,,,,,,
RURAMA,11007309065,hospital,,,Mitooma,-0.51209376,29.95425905,,,,,,
ORI HEALTH CENTRE II,9971416,hospital,,,Moyo,3.63605816,31.79078676,,,,,,
Glory Drug Shop,10102833323,doctors,,,Gulu,2.77434118,32.32208912,,,,,,
SHOWER HEALTH CENTRE,11066741207,hospital,,,Nebbi,2.47019502,31.10866463,,,,,,
Bunabutye Health centre,3958420787,doctors,,,Bulambuli,1.42146010,34.35240022,"Moroto Road, Bunambutye",,,,,
Arman Pharmacy Uganda Limited,9909133574,pharmacy,,,Lira,2.24242225,32.89660504,,,,,,
HEALTH CENTRE IV,11056452303,hospital,,,Bulambuli,1.32789023,34.29184055,,,,,,
Mbale Orthpaedic & Rehabilitation center,9124073569,rehabilitation,Sinux Laboratories,,Mbale,1.07532446,34.17611799,,,,,,
KIBURARA HEALTH CENTRE II,4866673,clinic,,,Kasese,0.00991877,29.89555463,,,,,,
NYAMABUGA,11029992888,clinic,,,Kyenjojo,0.70747123,30.51324725,,,,,,
ST. JORDAN MEDICAL CENTRE,11029993045,clinic,,,Kakumiro,0.95781420,31.14917068,,,,,,
Kagamba HC III,7651409947,clinic,,,Butambala,0.14804457,32.11481203,,,,,,
Alfa Pharmacy,4102399334,doctors,,,Kampala,0.27651023,32.61463279,"Ggaba Lukuli Lane, kampala",,,,,
Seinna Pharmacy,8439872518,pharmacy,,,Kampala,0.37071284,32.62404584,,,,,,
SALAMA ROAD,11010338502,clinic,,,Kampala,0.28747585,32.57379792,,,,,,
MPONDWE MAT,11001734013,clinic,,,Kasese,0.03204490,29.75608857,,,,,,
NAMULESA PENTECOSTAL CH,11010338265,hospital,,,Buikwe,0.24654115,33.00956016,,,,,,
Remmy's Drug Shop,5338522784,doctors,,operational,Arua,3.00889826,30.91150995,,,,,,
Bukalisia Clinic,3947997563,doctors,,,Mbale,1.09628215,34.23905099,"Bufumbo Road, mbale",,,,,
ALERO HEALTH UNIT III,11080417486,hospital,,,Nwoya,2.68717592,32.02548860,,,,,,
UGANDA PRISONS,11066739680,hospital,,,Arua,3.01673324,30.90870159,,,,,,
Kavule Health Centre II,3998032250,doctors,,,Bugiri,0.51706045,33.63758406,Buwunga,,,,,
Kibale Health Centre,3966678680,doctors,,,Pallisa,1.21424914,33.78502786,"Palissa-kumi Road, Kibale Subcounty",,,,,
KISOGA,11010338364,hospital,,,Mukono,0.25225702,32.81525297,,,,,,
Life Care Medical And Dental Clinic,10102721857,doctors,,,Gulu,2.77744013,32.27060655,,,,,,
Reception,5215671201,doctors,MTI,operational,Arua,3.25343995,31.27724164,,,,,,
NAMAKWA,11010338407,clinic,,,Mukono,0.33310383,32.78941685,,,,,,
AKOKORO HEALTH CENTRE III,11073166828,hospital,,,Apac,1.69663974,32.39222897,,,,,,
ProFam - The Family Clinic,613003379,doctors,,,Kampala,0.31081778,32.63749963,,,,,,
Amwonyu Health Centre II,8632128746,clinic,government,,Zombo,2.47061428,30.78906015,,,,,3,
OLUVU,11054959867,hospital,,,Maracha,3.19757666,30.87419204,,,,,,
Amibella Pharmacy,4104666100,pharmacy,,,Kampala,0.32512485,32.53950823,"Sentema Road, kampala",,,,,
NDAIGA HEALTH CENTRE II,6298028,clinic,,,Kagadi,1.02153603,30.58664305,,,,,,
ST PADRO PIO HC III,11010338243,hospital,,,Mityana,0.57247766,32.19378087,,,,,,
Pribern Pharmacy,4107809620,pharmacy,,,Kampala,0.36867713,32.60302604,"Kisaasi Road, kampala",,,,,
KABINGO,11001734168,clinic,,,Kasese,0.06648304,29.83432818,,,,,,
Ocodri HC III,4857212122,hospital,,,Arua,3.07640644,31.06641942,,,,,,
Abacan Drug Shop,8603079517,pharmacy,,,Adjumani,3.36634243,31.78729905,,,,,,
LOBE,11054940353,hospital,,,Yumbe,3.56491918,31.12465035,,,,,,
Ayago Health Center III,9992537238,hospital,,,Lira,2.26286462,32.92343367,,,,,,
Silence Medical Clinic,4105119587,doctors,,,Kampala,0.24654786,32.61312958,"Salama Road, Kampala",,,,,
Panyadoli Health Center III,5649379821,clinic,"REAL MEDICINE FOUNDATION, GOVERNMENT",,Kiryandongo,1.93992473,32.16968047,,,,,,
KASALIZI HEALTH CENTRE III,11029992832,hospital,,,Kibaale,0.91193292,31.08723252,,,,,,
ST. MARY'S HEALTH CENTRE II,11029992903,clinic,,,Kyenjojo,0.63810972,30.64979064,,,,,,
MAYO CLINIC,7856326,hospital,,,Kampala,0.32462839,32.57422892,,,,,,
KABULUBUTU,11010338540,clinic,,,Kassanda,0.55280894,31.72512645,,,,,,
St. Francis Drug Shop,3967544980,clinic,,,Kaliro,0.91848095,33.43250588,"Bulumba Road, Namugongo",,,,,
Kisoko Clinic,3990269119,doctors,,,Tororo,0.73986033,34.11124994,"Kisoko Peta Road, Kisoko",,,,,
Faith Drug Shop,3995996368,pharmacy,,,Bugiri,0.45294527,33.65558613,Nankoma,,,,,
Galimagi Health Center 3,3966680762,doctors,,,Butebo,1.17242084,33.93513148,Petete,,,,,
Citizens medical center,4086729077,doctor,,,Kampala,0.36607757,32.58480336,"kitala taso road, kampala",,,,,
FROSA CLINIC,11010338456,clinic,,,Kampala,0.32312627,32.56025444,,,,,,
BUYENDE HEALTH CENTRE III,3379159,clinic,,,Buyende,1.15698775,33.16105577,,,,,,
RAKAI PROJECT,11001694559,hospital,,,Kyotera,-0.62088340,31.55801385,,,,,,
Nteko Health Center III,4086457,clinic,Government,operational,Kisoro,-1.07063738,29.60816114,,,,,9,
BUBAARE,11001478340,hospital,,,Rubanda,-1.22017330,29.90984704,,,,,,
KACHUMBALA MISSION DISPENSARY,11056451821,clinic,,,Bukedea,1.20898882,34.12137444,,,,,,
Claud's Drug Shop,5639737535,pharmacy,,operational,Kikuube,1.18807438,30.78287003,,,,,3,
Budwale,3946173167,doctors,,,Mbale,1.07234645,34.25047175,"Wanganha Road, Mbale",,,,,
Excellent Drug Shop,6750035915,doctors,Excellent,operational,Kanungu,-0.96753444,29.61447330,,,,,1,
Banda Dental Clinic,4118807641,clinic,,,Kampala,0.30962637,32.57872723,"Entebbe Road, Kampala",,,,,
NORTH KIGEZI DIOSESE MATERNAL & CHILD HEALTH III,11001478417,hospital,,,Rukungiri,-0.79282783,29.92769303,,,,,,
KABIRIZI,11001734183,clinic,,,Kasese,0.05937895,29.92220464,,,,,,
NANYEWA HC II,11001694753,clinic,,,Lwengo,-0.53474158,31.40195698,,,,,,
KIYOORA HEALTH CENTRE II,3598780,clinic,,,Ntungamo,-0.84448441,30.33792215,,,,,,
KALANGAALO,11010338198,clinic,,,Mityana,0.59994222,31.93101575,,,,,,
Rapha Chemists,4104858703,doctors,,,Kampala,0.29015379,32.60604872,"Ggaba Road, kampala",,,,,
KKONGE,11010338213,hospital,,,Kampala,0.27170279,32.60967255,,,,,,
Abb,10020574717,pharmacy,,,Arua,3.01377007,30.90022078,,,,,,
Trendz Pharmacy,3946191136,pharmacy,,,Mbale,1.07404085,34.17764333,"Republic Street, mbale",,,,,
MPEEFU HEALTH CENTRE II,11029992871,clinic,,,Kagadi,1.02838069,30.68823859,,,,,,
BUZIIKA B HEALTH .C. II,11056452312,clinic,,,Buikwe,0.39036464,33.18440180,,,,,,
KAWEERI,11029993013,clinic,,,Mubende,0.58327715,31.39273404,,,,,,
Good Hope Drug Shop,3998182249,doctors,,,Namutumba,0.75587043,33.74456933,"Bubutya- Kigalama Road, Bulange",,,,,
Mass Community Clinical And Diagnostic Center,10023811291,doctors,,,Arua,3.02945463,30.90318806,,,,,,
BUWAMBO,11010338390,hospital,,,Wakiso,0.50141597,32.54592860,,,,,,
Onguvu,5496024019,clinic,Government;IDIA,operational,Arua,2.67483323,30.86050498,,,,True,4,
ANGELINA MEDICAL CENTRE,11029992981,clinic,,,Hoima,1.54866604,31.13729302,,,,,,
Daluk Pharmacy,4104666108,pharmacy,,,Kampala,0.33031886,32.53106849,"Sentema Road, kampala",,,,,
Ady Pharmacy,8412333418,pharmacy,,,Wakiso,0.34490740,32.66016245,Kirinya Road,,,,,
Alifa Drug Shop.,5789319860,doctors,,non operational,Obongi,3.51977492,31.69434668,,,,,1,
Kochi Save Life Drug Shop,5596495810,pharmacy,Kochi save life Drug Shop,operational,Yumbe,3.56286662,31.44382492,,,,,3,
HEALTH CENTRE 11,11073166722,hospital,,,Kalaki,1.84741098,33.39181476,,,,,,
KIRUMBA,11001694679,hospital,,,Kyotera,-0.50120030,31.59225250,,,,,,
Migoro,5948762059,clinic,Action Against Hunger,operational,Yumbe,3.38582323,31.30678667,,,,,22,
Dentist,3792248394,dentist,,,Mukono,0.36593709,32.75508155,Mukono,,,,,
Clinic,8336695396,doctors,private,,Kisoro,-1.04904677,29.59295385,,,,,1,
BUKAKATA,11001694615,hospital,,,Masaka,-0.28621831,32.01126786,,,,,,
Elohim medical Centre,10102833339,doctors,,,Gulu,2.77385578,32.32140188,,,,,,
NGOMOROMO HEALTH CENTRE II,4121880,hospital,,,Lamwo,3.68653088,32.58901912,,,,,,
KAMBUGU,11010338167,clinic,,,Kiboga,0.80037733,31.79937209,,,,,,
Family Care Dispensary,3997958671,doctors,,,Busia,0.46844039,33.99582182,"Buwembe Road, Buyanga",,,,,
Glory Drug Shop,3954783321,clinic,,,Bududa,1.05135993,34.34034923,"Bushika Buteza Road, Bushika",,,,,
Médecins Sans Frontières,8457794519,clinic,Médecins sans frontières,,Kampala,0.30045598,32.58911627,,,,,,
Bukassa Medical Center,662373280,doctors,,,Kampala,0.29104956,32.63026890,,,,,,
GGAVU HEALTH CENTRE II,11010338075,clinic,,,Mukono,0.63224432,32.82351435,,,,,,
St.Zeno Drug Shop,8280279747,pharmacy,private,,Kisoro,-1.31318426,29.65142223,,,,,1,
Shifa Pharmacy,6610926538,pharmacy,,,Ibanda,-0.13375854,30.49354894,,,,,,
MINAKULU H/C III,6627943,hospital,,,Oyam,2.44602027,32.38096075,,,,,,
ST. FRANCIS H/C 111,11056438797,clinic,,,Buikwe,0.43257079,33.16527848,,,,,,
HABULEKE,11056452159,clinic,,,Busia,0.55315092,34.00429258,,,,,,
KISOMORO HC III,1586386,hospital,,,Bunyangabu,0.53836432,30.16334814,,,,,,
Kihunde Hospital,10583475446,clinic,private,,Hoima,1.42900406,31.34086942,Hoima,,,,,
Ethical Medical Center,7060880747,clinic,,,Kampala,0.37779488,32.55835644,,,,,,
HEALTH CENTRE 11,11001694681,clinic,,,Rakai,-0.67251148,31.48006936,,,,,,
KASENDA HEALTH CENTRE III,3414787,hospital,,,Kabarole,0.44257325,30.27854818,,,,,,
Romaro Pharmacy,8591753125,pharmacy,,,Wakiso,0.43853267,32.60277299,,,,,,
UPMB Optical Centre,3715780129,clinic,Uganda Protestant Medical Bureau,,Kampala,0.33935992,32.58807616,,,,,,
Rosh Pharmaceuticals,4003310807,pharmacy,,,Kampala,0.33001602,32.61412150,,,,,,
Progress Chain Pharmacy,10102769127,pharmacy,,,Gulu,2.76891867,32.29885876,,,,,,
Abhis Drug Shop,10020574720,doctors,,,Arua,3.07202313,30.93919705,,,,,,
Phiona Maternity Home,4102726455,clinic,,,Kampala,0.27082998,32.60022346,"Boston Lane, Kampala",,,,,
HIMUTU HEALTH CENTRE III,11056451932,hospital,,,Butaleja,0.90830238,34.03965256,,,,,,
LEMUSUI HC II,11151161549,hospital,,,Nakapiripirit,1.89274853,34.76115949,,,,,,
Mirembe Clinic,8231001,clinic,,,Kampala,0.28395897,32.57578242,"Salaama Road, Kampala",,,,,
LWAKALOLO HEALTH CENTRE II,8807310,clinic,,,Rakai,-0.57406561,31.37580410,,,,,,
Community Based Medical Centre,3966436760,doctors,,,Budaka,1.07417413,34.09366889,"Kamonkoli, Kamonkoli",,,,,
Alpha Drugshop,5559514996,pharmacy,Scenario Daniel,operational,Yumbe,3.37573502,31.26444306,,,,,2,
Mutyaba Medical Clinic,4114246933,clinic,,,Kampala,0.31409736,32.58235643,Kampala,,,,,
IRIRI HC III,11151161570,hospital,,,Napak,2.11794805,34.22749696,,,,,,
Community Care,3966532494,pharmacy,,,Budaka,1.10136904,34.01158592,"Market Street, Iki-Iki",,,,,
HAMURWA,11001478504,hospital,,,Rubanda,-1.13200414,29.90437919,,,,,,
NABWENDO,11010338240,hospital,,,Kiboga,0.66295527,31.97471908,,,,,,
MAY DOMMICILIARY,11010338039,clinic,,,Mukono,0.38216822,32.83574337,,,,,,
Bwiriza Healthy Outpost,6210374900,clinic,AHA,yes,Kyegegwa,0.40303162,31.06925167,,,,,2,
Imbabazi Drug Shop,8336695374,pharmacy,private,,Kisoro,-1.21214176,29.60229665,,,,,1,
MATYRES MATERNITY HOME,11010338510,hospital,,,Mukono,0.50755219,32.75306856,,,,,,
NGORA DIPENSERY,11056452013,clinic,,,Ngora,1.49062572,33.80608764,,,,,,
KIBUGA HEALTH CENTRE 11,11010338534,hospital,,,Butambala,0.16406574,32.16437104,,,,,,
MAGALA,11010338139,clinic,,,Mityana,0.40179948,32.03764395,,,,,,
Life Medical Clinic,4041781326,clinic,,,Jinja,0.46371199,33.22926912,"Wanyama Road, Bugembe",,,,,
DIVINE MERCY HOSPITAL COVECO,11056452390,clinic,,,Tororo,0.68909793,34.17962196,,,,,,
Lungujja-Kosovo community Health Center,3397440,clinic,,,Kampala,0.31542028,32.54269544,Makamba Road,,,,,
Yahs Medical Associates,4099839988,doctors,,,Kampala,0.32748620,32.57402767,"Bombo Road, Kampala",,,,,
MORIKISWA H.C II,11056452074,clinic,,,Tororo,0.74369429,34.08152930,,,,,,
KIKYO HEALTH CENTRE,11001734160,clinic,,,Bundibugyo,0.74526674,30.12359429,,,,,,
PAJULE HC IV,3514358,hospital,,,Pader,3.03645167,32.91826606,,,,,,
St. Moses Drug Shop,5789318224,doctors,Private;None,operational,Adjumani,3.47003998,31.72521999,,,,,1,
Private Clinic,5215672054,clinic,Refugee,,Yumbe,3.45826500,31.35346582,,,,,,
HEALTH CENTRE II,11056451929,clinic,,,Bulambuli,1.26892480,34.25802946,,,,,,
Ecopharm Pharmaceuticals and Medical Supplies,4100092119,pharmacy,,,Kampala,0.29024138,32.57541915,"Mobutu Road, Kampala",,,,,
Okuyo Center Drug Shop,5566724181,pharmacy,,,Yumbe,3.30815492,31.33451493,,,,,,
Remies For Human Drugs,10583475429,pharmacy,private,,Hoima,1.42634716,31.34705928,Hoima,,,,,
Vision For Africa Clinic,10878049892,clinic,,,Mukono,0.47310827,32.75444428,,,,,,
fiona clinic,10128061636,clinic,,,Masaka,-0.34471402,31.73920352,,,,,,
KABAALE,11029992853,clinic,,,Hoima,1.44644605,31.03713850,,,,,,
Aywee Health Centre III,9901536385,hospital,,,Gulu,2.75746120,32.31675487,,,,,,
Ms International Medical Centre,3997879829,clinic,,,Busia,0.46384300,34.06239073,Busia,,,,,
LATEKODONG H/U III,11066739694,hospital,,,Amuru,2.80555564,31.85970210,,,,,,
CRK Pharmacy,4107802635,doctors,,,Kampala,0.25305389,32.63507114,"Ggaba Road, Kampala",,,,,
GRACE MEDICAL CENTER,8438961817,hospital,,,Kiryandongo,1.80842038,32.00805902,Kigumba Masindi road,,,,,
Cure Children's Hospital of Uganda,560551837,hospital,,,Mbale,1.07405586,34.17175680,,,,,,
Bamukisa Drugshop,3996068272,pharmacy,,,Bugiri,0.71907052,33.67485520,"Nabukalu Road, Nabukalu",,,,,
Nawampiti Health Center II,3968780686,doctors,,,Kaliro,1.12776382,33.35919138,Nawaikoke,,,,,
Lameka Community Health Services,4048902039,hospital,,,Mayuge,0.45347433,33.48227259,"Bugadde road, Mayuge",,,,,
Lifeway Pharmaceuticals LTD,4124066942,pharmacy,,,Kampala,0.31507344,32.57644275,kampala,,,,,
Family Health Clinic,4100116597,clinic,,,Kampala,0.35325032,32.56265049,kampala,,,,,
Alinda Family Clinic,4105119512,clinic,,,Kampala,0.24966995,32.60926712,"Salaama Road, Kampala",,,,,
BOBI HC III,7779720,hospital,,,Omoro,2.55635126,32.35837614,,,,,,
PANYANGA H/C II,9858490,hospital,,,Moyo,3.56948263,31.88717245,,,,,,
Zarin Pharmaceuticals,8575855421,pharmacy,,,Kabarole,0.65342052,30.27356732,,,,,,
Virika Pharmacy,3829265588,pharmacy,,,Kabarole,0.65416308,30.27539935,,,,,,
HEALTH CENTRE 111,11073166834,hospital,,,Dokolo,1.84140158,33.02877969,,,,,,
Amuca Health Centre III,9903650387,hospital,,,Lira,2.26680822,32.85402330,,,,,,
KIKYO,11001734182,clinic,,,Bundibugyo,0.74870105,30.13822322,,,,,,
NAIGOBYA LUTHERN HC II,11056451928,clinic,,,Luuka,0.80246585,33.36225229,,,,,,
PACHARA,11054959812,hospital,,,Adjumani,3.45218016,31.79634539,,,,,,
Glorious Clinic,7060880760,clinic,,,Kampala,0.35421474,32.56196544,,,,,,
Atugonza drug shop,10734483249,pharmacy,,,Hoima,1.43007267,31.35968536,,,,,,
HEALTH CENTRE II,11007309046,hospital,,,Ibanda,-0.24137161,30.45862725,,,,,,
NAKULYAKO HEALTHCENTRE II,11056451906,clinic,,,Jinja,0.67537306,33.16843075,,,,,,
BUGOYE,11001734213,hospital,,,Kasese,0.31056104,30.09369176,,,,,,
AMOR HC II,7020252,hospital,,,Pakwach,2.47283163,31.50744608,,,,,,
HEALTH CENTRE II,11029992827,clinic,,,Kamwenge,0.33031609,30.49722156,,,,,,
ST JOSEPH YERYA H/C III,11001734040,hospital,,,Bunyangabu,0.48584004,30.19173597,,,,,,
HEALTH CENTRE II,11007285503,hospital,,,Kazo,-0.12523950,30.78516449,,,,,,
HEALTH CENTRE II,11010338057,clinic,,,Mukono,0.66923885,32.82726977,,,,,,
Anzoa Medical Bureau,5789318220,doctors,,operational,Adjumani,3.28997826,31.94026166,,,,,1,
NAMALEMBA,11056452373,clinic,,,Bugweri,0.75803464,33.60745606,,,,,,
Gasovu Health Centre III,3236323,clinic,government,,Kisoro,-1.13090813,29.61349337,,,,,11,
Wati Land,5308494950,doctors,Wati Land Indépendant Médical Drug Shop,operational,Arua,3.20348666,31.03259668,,,,,,
APALABABOWO HC III,11073166837,hospital,,,Kole,2.42858063,32.80159684,,,,,,
Wisdom Health Care Clinic,5308494947,clinic,,operational,Arua,2.98794048,30.93228475,,,,,,
Ronapold Pharmacy,3797010721,pharmacy,,,Kampala,0.31522926,32.58970392,,,,,,
HOSPITAL QUARTERS,11001478488,hospital,,,Kanungu,-0.81007905,29.80539612,,,,,,
Medi-safe clinic,8439861823,clinic,,,Kampala,0.37047538,32.62412857,,,,,,
Asaba Domiciliary Clinic,4102724060,clinic,,,Kampala,0.28738600,32.59140847,Kampala,,,,,
Tanganyika Central,5333865326,doctors,,operational,Arua,3.03999822,30.91372168,,,,,,
Kica Ber Drug Shop,10102721869,doctors,,,Gulu,2.75578876,32.30324123,,,,,,
KAGULU HEALTH CENTRE II,11056452251,clinic,,,Namutumba,0.89074129,33.75893784,,,,,,
Life Link,7317941985,pharmacy,Life Link,operational,Wakiso,0.37853400,32.64518667,,,,,,
Molete Drug Shop,5789319867,doctors,,non operational,Obongi,3.39672993,31.54065669,,,,,1,
Frugal Pharmacy,4089998426,pharmacy,,,Kampala,0.36093896,32.56192118,"Bombo Road, kampala",,,,,
KABWOHE,11007308964,hospital,,,Sheema,-0.57365045,30.32227615,,,,,,
HOSPITAL,11054940358,hospital,,,Yumbe,3.43982406,31.18697860,,,,,,
Bulisa General Hospital,12785529901,hospital,,,Buliisa,2.05766742,31.43571945,Hoima-Bulisa Road,,,,,
Mbn Clinical Laboratories,3947840409,clinic,,,Mbale,1.07282087,34.18202874,"Plot 28, Nkokonjeru Terrace, mbale",,,,,
Senarod Children's Clinic,7060880762,clinic,,,Kampala,0.36105245,32.56183183,,,,,,
Family Hope Centre,4102531658,clinic,,,Kampala,0.34616158,32.61222593,kampala,,,,,
Medicare-Jinja,4038263115,clinic,,,Jinja,0.42961575,33.20976376,"47-49, Tariq Mansion, Main Street, Jinja Central Division",,,,,
Health Centre - Luru,5215671220,clinic,MTI,,Obongi,3.43506699,31.58353700,,,,,,
Oberabic Health Centre II,6082807,doctors,,,Amuru,2.91467603,31.96643214,,,,,,
Home Land Drug Shop,5985108817,clinic,,,Yumbe,3.39365997,31.33519663,,,,,,
BUYANJA H/C III,3827933,hospital,,,Rukungiri,-0.83445195,29.96657903,,,,,,
IBANDA H/C III,11001478447,hospital,,,Rukungiri,-1.00166647,30.00675667,,,,,,
Om Drug Shop,3990606480,pharmacy,,,Tororo,0.70455273,33.95164308,"Tororo Buwesa Road, Nabuyoga",,,,,
KABUSHAHO,11007309004,hospital,,,Bushenyi,-0.59198226,30.18482283,,,,,,
Kisakye Medical Center,8591866418,clinic,,,Wakiso,0.43930129,32.60023277,,,,,,
Safe Script,3948101180,pharmacy,,,Mbale,1.07050386,34.17938944,"Cathedral Road, mbale",,,,,
BUGABULA HEALTH CENTRE II,11056452033,clinic,,,Luuka,0.76094844,33.36215883,,,,,,
Kampala West Medical Clinic,7388721,clinic,,,Kampala,0.30724600,32.56215060,"Lubaga Road, kampala",,,,,
Reception Center HC MRF-ACF,4472557234,clinic,MRF,,Adjumani,3.37913707,31.88247959,,,,,,
Medical Team International,5299223125,doctors,Medical Team International,operational,Arua,3.25344322,31.27756828,,,,,,
NYALAKOT HEALTH CENTRE 11,11056452168,clinic,,,Tororo,0.65123285,34.22143072,,,,,,
clinic,5215671216,clinic,Refugee,,Yumbe,3.39401494,31.33524323,,,,,,
MUHUNGYE,11007308990,hospital,,,Mitooma,-0.53522823,30.00133660,,,,,,
IKONIA HC 3,1519360,hospital,,,Luuka,0.68659652,33.26064149,,,,,,
KASHAASHA,11001478435,hospital,,,Rubanda,-1.34169841,29.86662634,,,,,,
Kathile Health Center 3,5135222,hospital,,,Kaabong,3.64577773,34.07858608,,,,,,
Rutaka Health Centre III,4830326,clinic,government,,Kisoro,-1.15921507,29.65418323,,,,,14,
Kam clinic,1343013838,pharmacy,,,Kampala,0.28973754,32.61777693,,,,,,
Africa Affordable Medicines Ltd (Community Pharmacy),4005082506,pharmacy,,,Kampala,0.36645065,32.63331195,,,,,,
Malido Drug Shop.,5789319873,doctors,,non operational,Obongi,3.40763663,31.55210327,,,,,1,
Central Market Cell,5496024016,clinic,Ministry Of Health,operational,Arua,3.02329996,30.91022995,,,,,10,
KATENDE,11056451880,clinic,,,Jinja,0.47483787,33.23201713,,,,,,
Ken Alpha Pharmacy,9909142413,pharmacy,,,Lira,2.24398950,32.88644467,,,,,,
TUSUBIRA HEALTH CARE,11010338409,hospital,,,Kampala,0.30297692,32.52486605,,,,,,
Senda Health care,3990563783,doctors,,,Tororo,0.81827320,33.95050096,tororo,,,,,
Christ's Medical Care,10198909170,clinic,private,,Lira,2.25775116,32.90343915,Lira,,,,3,
NTINDA MEDICAL CENTER,11010338435,clinic,,,Kampala,0.35504573,32.61331868,,,,,,
Arua Police Health Center III,10020547597,hospital,,,Arua,3.01713826,30.91119294,,,,,,
KOJJA,11010338410,hospital,,,Mukono,0.20792572,32.79636586,,,,,,
HEALTH CENTRE IV,11001694651,hospital,,,Bukomansimbi,-0.26244263,31.63746658,,,,,,
Rela Dental Clinic,4202959934,dentist,,,Kampala,0.34360594,32.59241002,,,,,,
Sungeogil Pharmacy,10023487009,pharmacy,,,Arua,3.01403662,30.90356164,,,,,,
Ebenezer Seventh Adventist Health Center III,10147636120,hospital,private,operational,Bundibugyo,0.79755808,30.14482447,,,,,,
Jupiter Drug Shop,3958426991,doctors,,,Kapchorwa,1.39729792,34.45101424,"Kapchorwa Road, Kapchorwa Town Council",,,,,
JINJA DIVISION CENTRAL CLINIC,11056452369,clinic,,,Jinja,0.42127869,33.20869423,,,,,,
Verse Pharmacy,8519458417,pharmacy,,,Wakiso,0.20883575,32.54092485,,,,,,
AMWONYO,11066739695,hospital,,,Zombo,2.47090103,30.78927347,,,,,,
Amulam Pharmacy,9909133578,pharmacy,,,Lira,2.24287219,32.89675927,,,,,,
Gatete Human Drug Shop,8274304186,pharmacy,private,,Kisoro,-1.25993956,29.62962794,,,,,1,
OPD,5215671211,clinic,MSF,operational,Arua,3.26734494,31.29170000,,,,,,
BOMBO HEALTH CLINIC,11029992894,clinic,,,Hoima,1.56259039,31.26157024,,,,,,
Nkumba University Clinic,2483662557,clinic,,,Wakiso,0.09431280,32.50753898,,,,,,
Corner Stone,10020547587,doctors,,,Arua,3.03106085,30.90353079,,,,,,
God cares Drug Shop,9032325485,pharmacy,private,,Kisoro,-1.33841496,29.73871825,,,,,2,
Innocents Drug Shop,10102721883,doctors,,,Gulu,2.75496758,32.29778135,,,,,,
Akugoba medical clinic,8512569520,clinic,,,Wakiso,0.39377565,32.66320517,,,,,,
MASSAJJA,11010338531,hospital,,,Wakiso,0.26290983,32.58681225,,,,,,
PAKWACH MISSION HC III,1084283,hospital,,,Pakwach,2.46144113,31.48801817,,,,,,
ADILANG HC II,11080473412,hospital,,,Agago,2.74007420,33.48234007,,,,,,
BURAMA HC II,4053796,clinic,,,Rukungiri,-0.64032305,29.83949814,,,,,,
Kamokya Med-care center,8456416419,clinic,,,Kampala,0.34855746,32.59321242,,,,,,
Malembo Health Centre II,5639737528,clinic,AAH;UNHCR,operational,Kikuube,1.13052994,30.70627662,,,,True,9,
BORO HEALTH CENTRE II,5761352,hospital,,,Pakwach,2.32855234,31.36322848,,,,,,
Amahoro Clinic,8336695372,doctors,private,,Kisoro,-1.29440402,29.69805369,,,,,1,
RWENZORI TEA FACTORY,11007285479,hospital,,,Bushenyi,-0.40864414,30.10919887,,,,,,
BUBEKE,11010338340,clinic,,,Kalangala,-0.32448204,32.57660133,,,,,,
Itanda Falls Modern Clinic,4041952344,doctors,,,Jinja,0.52583723,33.15340569,"Buwagi Road, Budondo",,,,,
Vine pharmacy,609005137,pharmacy,,,Kampala,0.29873199,32.60317968,,,,,,
HAJJI AND HAJJI HERBAL RESEARCH CLINIC,11001694747,clinic,,,Ssembabule,-0.24370438,31.49014877,,,,,,
Morning Glory,5566720996,pharmacy,,,Yumbe,3.32821323,31.08709322,,,,,,
Katwe Dental Clinic,4107802658,clinic,,,Kampala,0.29751218,32.57453016,"Kiyemba road, Kampala",,,,,
IVUKULA,11056438787,clinic,,,Namutumba,0.94469007,33.59933375,,,,,,
Saint Thereza Domiciliary Clinic,4100092186,clinic,,,Kampala,0.29045134,32.58194840,"Kayemba Road, Kampala",,,,,
KKONGE,11010338171,hospital,,,Mpigi,0.26967386,32.31793739,,,,,,
Health Care Drug Shop,10020565422,doctors,,,Arua,3.11766980,30.87130816,,,,,,
KAMASASA HEALTH CTR,11001734202,doctors,,,Kasese,0.05112932,29.73006745,,,,,,
ST ANDREWS H/C III,11001694613,hospital,,,Kyotera,-0.62605135,31.57108484,,,,,,
MAANYI HEALTH CENTRE 111,7996330,hospital,,,Mityana,0.26534285,31.96688745,,,,,,
Ministry Of Health Makuutu Health Centre 3,4048895496,hospital,,,Bugweri,0.50257443,33.59212657,Makuutu,,,,,
Pagirinya Health Center III,1179098,clinic,Medical teams international,operational,Adjumani,3.36961665,32.00264666,,,,True,8,
BULALU HEALTH CENTRE II,11056452129,clinic,,,Luuka,0.86666796,33.32280236,,,,,,
Atlas Pharmacy,8487895120,pharmacy,,,Kampala,0.36437948,32.62392430,,,,,,
First Diagnostic and Ortho Center,9147833029,clinic,private,,Kampala,0.38183957,32.55634822,Kawempe_II,,,,2,
Global Health Drug Shop,5789318245,doctors,Private,operational,Adjumani,3.37329329,32.00313163,,,,,1,
RMF-ACF Reception Health Centre,4502308295,clinic,Real Medecine Foundation,,Yumbe,3.47820798,31.37239744,,,,,,
KALEGERO HC II,6985238,clinic,,,Lwengo,-0.39249297,31.18570572,,,,,,
BUKUYA,11010338508,hospital,,,Kassanda,0.67396859,31.83513223,,,,,,
TONGOLO HEALTH C II,11056452429,clinic,,,Buikwe,0.39022768,33.23619349,,,,,,
Lancet Laboratories,4114253407,doctors,,,Kampala,0.33742772,32.58070268,"Kiira Road, Kampala",,,,,
Dabani Hospital,7394918,hospital,,,Busia,0.43325492,34.04865874,"Dabani Road, Busia",,,,,
LWANSINGA,11001694628,clinic,,,Rakai,-0.86135048,31.28160534,,,,,,
BWAISE CLINIC,11010338358,hospital,,,Kampala,0.35076827,32.56308442,,,,,,
KUMI HOSPITAL,11056452105,clinic,,,Kumi,1.52785319,33.97574826,,,,,,
OPETA HEALTH CENTRE II,7158823,clinic,,,Katakwi,1.67094862,34.11544332,,,,,,
Good Life Clinic,4123943807,doctor,,,Kampala,0.31366896,32.57712143,"William Street, kampala",,,,,
Montana Bay Medical Center,9909273839,doctors,,,Lira,2.21837918,32.90143595,,,,,,
HEALTH CENTRE III,11029993057,clinic,,,Hoima,1.40582399,31.40653266,,,,,,
Namayemba Safe Motherhood Health Centre II,1384910,clinic,,,Bugiri,0.52807838,33.77915172,Kapyanga,,,,,
Paul's Drug Shop Mayuge,3996035393,pharmacy,,,Bugiri,0.40669325,33.79968328,Budhaya,,,,,
KANGULUMIRA,11056452400,clinic,,,Kayunga,0.58526442,33.03121087,,,,,,
KACHEERA,11001694667,hospital,,,Rakai,-0.54635713,31.16118874,,,,,,
MAHYORO HC III,7272596,hospital,,,Kitagwenda,-0.05684426,30.25742503,,,,,,
ST METICHILDA H/C III,11001694616,hospital,,,Bukomansimbi,-0.15145223,31.60352465,,,,,,
Luka Pharmacy,8442099723,pharmacy,,,Wakiso,0.38489125,32.62590905,,,,,,
Kez medical center,4086729088,clinic,,,Kampala,0.37994082,32.58444059,kampala,,,,,
BUKWAYA H/U II,11056452395,clinic,,,Iganga,0.55260006,33.50524278,,,,,,
Bryna Pharmacy,4107802633,doctors,,,Kampala,0.25383500,32.63372953,"Ggaba Road, Kampala",,,,,
Klinics Of St. Theresa (Adekis),3968727724,doctor,,,Pallisa,1.28060364,33.70689787,"Agule Road, Agule Subcounty",,,,,
KAGOTE SDA,11001730394,clinic,,,Kabarole,0.66145508,30.27474833,,,,,,
Kingdom Drug Shop Gadania,5594324678,pharmacy,Private,operational,Yumbe,3.53766165,31.25493169,,,,,1,
Royal Pharma,10023482324,pharmacy,,,Arua,3.02078330,30.91107878,,,,,,
Sseremba Medical Center,4104858704,doctors,,,Kampala,0.29696350,32.60075035,"Kabalagala Street, kampala",,,,,
OLUVU HEALTH CENTRE,11054940341,hospital,,,Maracha,3.19724206,30.87413873,,,,,,
WARR ISLAMIC,11066739676,hospital,,,Zombo,2.60953167,30.88597255,,,,,,
Mukisa Medical Centre,8402159317,clinic,,,Kampala,0.27658256,32.56870399,,,,,,
KIGWERA H/L III,11066741226,hospital,,,Buliisa,2.16966892,31.39873489,,,,,,
BALONGO,11001694583,clinic,,,Masaka,-0.30457116,32.03920902,,,,,,
Busitema Clinic,3999155357,clinic,,,Busia,0.54607433,34.02093602,Busitema,,,,,
KYANAMUKAKA,11001694539,hospital,,,Masaka,-0.50922606,31.71089549,,,,,,
KARIRO HEALTH CENTRE II,1507788,hospital,,,Mbarara,-0.38221466,30.54451678,,,,,,
Prince Pharmacy,4104858702,pharmacy,,,Kampala,0.29810126,32.60122585,"Tank Hill Road, kampala",,,,,
HEALTH UNIT,11056452017,clinic,,,Budaka,1.08912702,34.09414289,,,,,,
PAKIA HEALTH CENTRE III,5558751,hospital,,,Pakwach,2.52293328,31.44369718,,,,,,
CWERO HC III,9857656,hospital,,,Gulu,2.93025799,32.52527047,,,,,,
Novell Phama,4121413938,pharmacy,,,Kampala,0.31536479,32.57647585,kampala,,,,,
MPOMA HEALTH CENTRE II,2167190,clinic,,,Mukono,0.40251437,32.77972737,,,,,,
RWIMI PRISONS,11001734010,clinic,,,Bunyangabu,0.36824102,30.22254047,,,,,,
KIBIRI,11010338304,clinic,,,Wakiso,0.23136295,32.59868463,,,,,,
KATALINA H/C,11056452447,clinic,,,Buikwe,0.23687807,33.12395377,,,,,,
Madi,5333865327,doctors,,operational,Arua,3.03939322,30.91328993,,,,,,
KARUGORORA,11001446293,hospital,,,Sheema,-0.69653586,30.20530418,,,,,,
OUR LADY OF ASSUMPTION BULO PARISH HEALTH CENTRE 1,11001694548,hospital,,,Butambala,0.12083624,31.99431965,,,,,,
ZAGIRA HEALTH CENTRE II,11056452275,clinic,,,Namutumba,1.03005422,33.65296963,,,,,,
Cure Medical Clinic,1611407818,clinic,,,Kampala,0.30172936,32.62085376,,,,,,
Bumugisha Health Centre,3959794716,doctors,,,Bulambuli,1.27024729,34.32591106,Sisiyi,,,,,
BAZADDE CLINIC,6782469,hospital,,,Kampala,0.30281457,32.53664748,,,,,,
Mamvuli Drug Shop,5559514972,pharmacy,Mamvuli Drug Shop,operational,Yumbe,3.42368822,31.14733328,,,,,3,
EMESCO,11029992956,clinic,,,Kibaale,0.76592905,31.07697458,,,,,,
HEALTH CENTRE,11056452086,clinic,,,Tororo,0.88527067,34.10527280,,,,,,
RUBONGI BARRACKS,11056452172,hospital,,,Tororo,0.70350499,34.15323489,,,,,,
Noelle pharmacy,5951652063,clinic,,,Kampala,0.25633943,32.63554782,Kampala,,,,,
Iganga Municipality Medical Centre,4069755426,clinic,,,Iganga,0.61602709,33.47959038,Northern Division,,,,,
Town Care Pharmacy,8481522623,pharmacy,,,Kampala,0.37944067,32.55713394,Bombo Road,,,,,
BWAISE HEALTH CENTER,11010338127,clinic,,,Kampala,0.35355727,32.56034069,,,,,,
Al Hifz Pharmacy,8441981617,pharmacy,,,Lwengo,-0.35338376,31.55377680,,,,,,
KASANGA PHC,11001734207,hospital,,,Kasese,0.05427639,29.78975213,,,,,,
Glorious Drug Shop,10147626095,pharmacy,private,operational,Bundibugyo,0.78051666,30.15424665,,,,,,
SSENYA HEALTH CENTRE II,11001694605,clinic,,,Lwengo,-0.35558317,31.68245804,,,,,,
KITOOMA,11001478376,hospital,,,Kabale,-1.34540254,30.03218267,,,,,,
RWENSINGA HEALTH CENTRE II,11007309063,hospital,,,Rwampara,-0.70802485,30.42929579,,,,,,
Jabok Pharmacy,8440864518,pharmacy,,,Mukono,0.36929002,32.71483853,Seeta,,,,,
KIRYARUGONJO HEALTH CENTRE III,11029992883,hospital,,,Kagadi,1.08832513,30.93630714,,,,,,
RUKUNYU HEALTH CENTRE IV,11029993009,hospital,,,Kamwenge,0.25861126,30.44923206,,,,,,
ST FRANCIS HEALTH CENTRE III,11001734174,hospital,,,Kasese,0.00633995,29.97557499,,,,,,
KIBINGO HEALTH CENTRE II,11001478477,clinic,,,Ntungamo,-0.77068117,30.26201102,,,,,,
PAKWINYO HEALTH CENTRE II,11066739668,hospital,,,Pakwach,2.71050276,31.43714312,,,,,,
Cure Medical Center,8474482117,doctors,,,Kampala,0.28675149,32.56883215,,,,,,
Multicure care,8684522628,clinic,,,Kampala,0.37735508,32.57634275,Gayaza Road,,,,,
Zoe pharmacy,4102532095,pharmacy,,,Kampala,0.34093245,32.60177286,"Naguru drive, kampala;kampala",,,,,
SIITA SAVELIFE CLINC (H/U),11056451926,clinic,,,Budaka,1.07148085,34.08876246,,,,,,
KAWOOLO HOSPITAL,11010338317,hospital,,,Buikwe,0.36794724,32.94509679,,,,,,
St. John XIII Hospital Aber,10228187241,hospital,,,Oyam,2.23410640,32.38776594,,,,,,
HEALTH CENTRE 2,11073118356,hospital,,,Lira,2.29807867,33.04388883,,,,,,
Pan Dental Surgery,1469075465,dentist,,,Kampala,0.32438799,32.57523500,,,,,,
BWABOGO,11007285493,hospital,,,Bushenyi,-0.54208915,30.19681222,,,,,,
WALUKUBA HEALTH CENTRE IV,11056452047,hospital,,,Jinja,0.43790478,33.22505478,,,,,,
Modern Time Clinic,9853606117,clinic,,,Kampala,0.30012004,32.58185268,Kevina Road,,,,,
IMC Kitgum House,3942914048,clinic,International Medical Group,,Kampala,0.31622586,32.59305015,,,,,,
Allah Kharim Medicare Drug Shop,10020547607,doctors,,,Arua,3.00128800,30.91223683,,,,,,
BETHANIA HEALTH CTR,11029993059,clinic,,,Kakumiro,1.13516873,31.14917269,,,,,,
Martha Medical Services,2362924,clinic,,,Nakasongola,1.05453633,32.46637553,,,,,,
HEALTH CENTRE III,11073166715,hospital,,,Kole,2.35326940,32.75831957,,,,,,
Health Center II,8453954425,hospital,,,Koboko,3.42931810,31.06404977,Moyo Road,,,,,
NAMUNSAALA HEALTH CENTRE II,11056452448,clinic,,,Iganga,0.67390355,33.49006609,,,,,,
Active Life Medical Centre,8402167917,clinic,,,Kampala,0.27679605,32.56861816,,,,,,
HEALTH CENTRE II,11056452049,clinic,,,Jinja,0.50030763,33.17627127,,,,,,
Kpc Clinic,4086729490,clinic,,,Kampala,0.38224408,32.58102882,"kizanyiro road, Kampala",,,,,
Buseta Health Centre 3,8942471,doctors,,,Kibuku,1.09075244,33.75444045,"Tirinyi Pallisa Road, Buseta",,,,,
Dream Smile Dental Clinic,4100092118,clinic,,,Kampala,0.28894143,32.57317406,"Salama Road, Kampala",,,,,
APUTI H/CENTRE III,11073166756,hospital,,,Amolatar,1.72304089,32.91307733,,,,,,
Hope Medical Drug Shop.,5789319887,doctor,,non operational,Obongi,3.42985253,31.57516322,,,,,2,
God's Mercy Clinic and Drug shop,3968713199,doctors,,,Kibuku,1.01667134,33.88001963,Kadama,,,,,
KAKINGA HEALTH CENTRE II,11007308936,hospital,,,Ibanda,0.05523452,30.51680797,,,,,,
TEO[ISTA,11010338511,clinic,,,Kampala,0.32065142,32.63460217,,,,,,
Kyosiima Dental Services,8487788421,dentist,,,Kampala,0.36854076,32.62544612,,,,,,
Family Care Hospital,9129161288,hospital,,,Arua,3.00565279,30.91197590,,,,,,
Health Centre,4090324308,clinic,,,Luwero,0.58387562,32.53267094,,,,,,
KISOJJO,11029992877,clinic,,,Kyankwanzi,0.95161704,31.59084736,,,,,,
Buyinja Health Centre IV,3912000,doctors,,,Namayingo,0.34273615,33.87548527,"Main Street Namayingo, Namayingo Town Council",,,,,
Royal Pharma,5333996539,pharmacy,,,Kabale,-1.25911805,29.99210175,,,,,,
Wadi Trading Centre,5406574338,doctors,Private,operational,Arua,3.10079828,30.97990326,,,,,,
River Jordan Medical Centre,6387268,clinic,,,Kampala,0.27251583,32.58451485,"Salaama Road, Kampala",,,,,
NGORA,11056451858,clinic,,,Ngora,1.47736840,33.79346248,,,,,,
Divine Dental Clinic,8637388817,dentist,,,Kampala,0.35658129,32.61569755,Kigobe Road,,,,,
BUFUMIRA,11010338405,hospital,,,Kalangala,-0.35767446,32.39175505,,,,,,
St.Edwards Drug Shop,5589962350,pharmacy,AAFIA [A] Pharmacy,operational,Yumbe,3.71124467,31.30803130,,,,,0,
SANGA HEALTH CENTRE III,7181043,hospital,,,Kiruhura,-0.50352712,30.90824704,,,,,,
Kay's Dental,8461244817,dentist,,,Kampala,0.34218638,32.59237825,,,,,,
Jaana HC II,2445549,clinic,Ministry of Health,,Kalangala,-0.23056784,32.58057754,,,,,,
Byamukama Drug Shop,3998182246,doctors,,,Namutumba,0.75288740,33.72737042,"Bulange- Bubutya Road, Bulange",,,,,
BATA,11073118384,hospital,,,Dokolo,2.07264462,33.20975094,,,,,,
MIREMBE MC,11010338472,clinic,,,Kampala,0.37948903,32.55722405,,,,,,
KYETUME HC II,11001694693,hospital,,,Lwengo,-0.39965522,31.40568843,,,,,,
NAMINYA HEALTH CENTRE 11,11056451962,clinic,,,Buikwe,0.45893514,33.14079838,,,,,,
NGOGWE,11010338437,hospital,,,Buikwe,0.23702333,32.98249172,,,,,,
Kadanya Life Care Medical Services,11003109705,clinic,,,Kaabong,3.51287477,34.13304498,,,,,,
OLUJOBU,11054959875,hospital,,,Madi Okollo,3.07082267,31.40554058,,,,,,
LOKAALA HEALTH CENTRE11,11151161586,hospital,,,Nabilatuk,2.03629658,34.54207624,,,,,,
Rainbow Medical clinic,8457347217,clinic,,,Buikwe,0.39548665,33.00860973,,,,,,
ST.MARY'S IHUNGA DISPENSARY,11007308906,hospital,,,Kitagwenda,-0.04218817,30.31038768,,,,,,
Gilead Pharmacy,4038300544,pharmacy,,,Jinja,0.42987005,33.21020607,"Clive Road West, Jinja Central Division",,,,,
Okalibe,5332973059,doctors,,operational,Arua,2.99328822,30.90295169,,,,,,
MUGULUKA,11056452029,clinic,,,Jinja,0.61215885,33.19105854,,,,,,
IRONGO,11056452329,clinic,,,Luuka,0.69869018,33.30286466,,,,,,
KAWALA,11010338013,hospital,,,Kampala,0.34470313,32.55240814,,,,,,
PAJIMO HC II,11080473513,hospital,,,Kitgum,3.32511746,32.78763184,,,,,,
Lugazi health centre,4914240222,clinic,,,Buikwe,0.36389425,32.93690104,,,,,,
Rugazi Health Center IV,7376537,hospital,,,Rubirizi,-0.26193846,30.10321302,,,,,,
Aligoi Medical Centre,3958426613,doctors,,,Bukedea,1.22714084,34.16768588,"Aligoi Road, Kachumbala",,,,,
Faith Nutritional Health Consultancy Centre,3946117115,doctors,,,Mbale,0.91614717,34.16071356,"Mbale Tororo Road, Mbale",,,,,
KAMACARIKOL HEALTH CTR II,11080417493,hospital,,,Kaabong,3.61763557,34.09888897,,,,,,
Kochi Health Centre III,1907212,clinic,CUAM; IDI,operational,Yumbe,3.56302169,31.44348998,,,,,17,
God's Glory Drug Shop,8632128755,pharmacy,private,,Zombo,2.41778776,30.98561829,,,,,1,
Mulungi Drug Shop,9147833024,clinic,private,,Wakiso,0.39097165,32.55418829,Kawempe_II,,,,1,
brakline clinic,3381056741,clinic,,,Kampala,0.34764174,32.56636954,,,,,,
HEALTH CENTRE 11,11056451848,clinic,,,Tororo,0.66355693,33.91023748,,,,,,
KULIKULINGA,11054959806,hospital,,,Yumbe,3.34392905,31.24694684,,,,,,
Pell Pharmacy,3947925176,pharmacy,,,Mbale,1.07495557,34.17668578,mbale,,,,,
OKOLLO,11066741266,hospital,,,Madi Okollo,2.65540314,31.14750578,,,,,,
Namalu Health Centre III,3955215560,clinic,,,Sironko,1.15506209,34.38983925,"Namalu Road, Bugitimwa Sub County",,,,,
Soet Medical Center,8559320717,clinic,,,Kamuli,0.73860547,33.08335267,,,,,,
Doctor's Care Medical Centre,8458233919,clinic,,,Mbarara,-0.32075335,30.58293842,,,,,,
NANGUNGA HEALTH CENTRE II,11010338219,clinic,,,Buikwe,0.24821485,33.00944340,,,,,,
St Elvis Drug Shop,8280279744,pharmacy,private,,Kisoro,-1.31066776,29.63064509,,,,,1,
Health Line Pharmaceuticals Limited,4100092136,pharmacy,,,Kampala,0.28900873,32.57770975,"Mobutu Road, Kampala",,,,,
BUHUNGA HC IV,4513207,hospital,,,Rukungiri,-0.74628271,29.98641497,,,,,,
KISORO,11001478369,hospital,,,Kisoro,-1.28316548,29.63723075,,,,,,
Godnet Medical Clinic,4105119537,clinic,,,Kampala,0.26318493,32.61721433,"Lukuli Road, Kampala",,,,,
Doctor's Dental Clinic,4107802641,clinic,,,Kampala,0.25599007,32.63065086,"Ggaba Road, Kampala",,,,,
Info Vale Medical Center,4086620643,clinic,,,Kampala,0.37040355,32.58070159,"Kitara Road, Kampala",,,,,
BUNDIMURAGYA,11001734042,clinic,,,Bundibugyo,0.73603248,30.09660933,,,,,,
Delisha Pharmacy,9147833028,pharmacy,private,,Wakiso,0.38410076,32.55522019,Kawempe_II,,,,2,
MULAGI HC III,11056452449,clinic,,,Butaleja,0.87150197,33.90867300,,,,,,
AIA MEDICAL SERVICES,11010338018,hospital,,,Kampala,0.31595957,32.57106986,,,,,,
BULIKA HEALTH CENTRE II,9216596,clinic,,,Mukono,0.42514216,32.80054944,,,,,,
AYAYIA HEALTH C II,11066741269,hospital,,,Arua,2.97430698,31.08733537,,,,,,
KANONI,11001694692,hospital,,,Gomba,0.17000507,31.90519228,,,,,,
LEGU HEALTH CENTRE 11,11054959814,hospital,,,Obongi,3.47615642,31.61129149,,,,,,
MPIGI EPI CENTRE HC 111,11010338347,hospital,,,Butambala,0.19318824,32.20877819,,,,,,
Ecom Pharmacy,8460246121,pharmacy,,,Kampala,0.35404895,32.61128238,Bukoto Ntinda Road,,,,,
Child Care Drug Shop Achilaka,5589962351,pharmacy,Private,operational,Yumbe,3.56805167,31.24172164,,,,,1,
Abson Medical Center,9490476717,clinic,,,Wakiso,0.13878240,32.54324488,,,,,,
Am Homely Amuria Drug shop,9334672718,pharmacy,,,Amuria,2.02814208,33.64235035,,,,,,
St James,3948078600,clinic,,,Mbale,1.12576868,34.20829293,"Nankusi, Mbale",,,,,
Faith And Family Drug Shop,8274342559,pharmacy,private,,Kisoro,-1.34303767,29.70117076,,,,,2,
URC CLINIC,11010338158,hospital,,,Kampala,0.31088668,32.58519295,,,,,,
Lyamukisa Drug Shop,3966532519,pharmacy,,,Budaka,1.10074359,34.01254238,Kakolo Road,,,,,
KALUNGI,11001694657,clinic,,,Kalungu,-0.13216338,31.84819324,,,,,,
GURUGURU HC II,545099302041,hospital,,,Amuru,2.90736156,32.17319249,,,,,,
BUSHENYI,11007308915,hospital,,,Bushenyi,-0.54106052,30.20016993,,,,,,
KANARA HC II,11007308956,hospital,,,Kitagwenda,0.13176976,30.38142565,,,,,,
Busanza Health Centre IV,5696755,clinic,government,,Kisoro,-1.21418552,29.62199614,,,,,15,
Prime pharmacy,4126684800,doctors,,,Kampala,0.35634970,32.61326068,"Kisaasi Road, kampala",,,,,
HC2,11073166768,hospital,,,Lira,2.18922633,33.13206486,,,,,,
IDC International Diagnostics Centre,3259520887,clinic,International Medical Group,,Kampala,0.32356246,32.58642149,,,,,,
ST ANTHONY MITALA MARIA HEALTH CENTRE,11001694511,hospital,,,Mpigi,0.08290075,32.12079268,,,,,,
MWIZI HEALTH CENTRE IV,11007308913,hospital,,,Rwampara,-0.79049473,30.62023496,,,,,,
Morning Glory Medical Clinic,5559514980,pharmacy,Private,operational,Yumbe,3.41106994,31.11158329,,,,,3,
Vine Pharmaceuticals,3957035928,pharmacy,,,Kampala,0.32857526,32.56487513,,,,,,
NAWAIKOROT HEALTH CENTER III,11151161544,hospital,,,Napak,2.47009427,34.47388862,,,,,,
NICU HEALTH CENTRE II,11054940352,hospital,,,Arua,3.05062564,31.13031299,,,,,,
Bulamu Drug Shop,4100092109,doctors,,,Kampala,0.25632694,32.63647754,"Ggaba Town Street, Kampala",,,,,
Nori,5406574334,doctors,Private,operational,Arua,3.10070826,30.97883323,,,,,,
St. Bakita Drug Shop,5789318193,doctors,,operational,Adjumani,3.18041170,31.65691997,,,,,1,
ITOJO HOSPITAL,11001478388,hospital,,,Ntungamo,-0.78764505,30.27814149,,,,,,
Ngando HC III,8239649,clinic,government,,Butambala,0.07564965,31.92512436,,,,,,
BUBAARE HEALTH CENTRE III,4666615,hospital,,,Mbarara,-0.56547047,30.52275074,,,,,,
Noble Medical Centre,10102769151,doctors,,,Gulu,2.75594516,32.30401765,,,,,,
Imvepi Zone 03 Health Centre II,5309771350,clinic,MTI,operational,Arua,3.22796500,31.22813165,,,,,,
Jodesa Pharmacy,10023811304,doctors,,,Arua,3.01402153,30.90353633,,,,,,
TOKORA HEALTH CENTRE IV,4045149,hospital,,,Nakapiripirit,1.84108415,34.66592112,,,,,,
NYANGA HC II,11007309040,hospital,,,Kitagwenda,-0.10227468,30.27990840,,,,,,
Aduly Drug Shop,8963716766,pharmacy,private,operational,Kampala,0.35194803,32.58479892,,,,,3,
Crest Hill Medical Centre,4099298470,clinic,,,Kampala,0.36098715,32.55766728,"Jakana Road, Kampala",,,,,
Nawampiti Health Centre II,3967524079,doctors,,,Kaliro,1.19026818,33.43414647,Nawaikoke,,,,,
God's Will Clinic,8494034321,clinic,,,Nebbi,2.47836327,31.09203837,,,,,,
RWEBISHENGO,11029992948,clinic,,,Ntoroko,1.06924414,30.28725002,,,,,,
HEALTH CENTRE III,11073166721,hospital,,,Nakasongola,1.46982787,32.27148153,,,,,,
Pearl drug shop,9822478273,clinic,,,Kabale,-1.27228317,29.99157906,,,,,,
Mother Mary Drug Shop,10023811283,doctors,,,Arua,3.02568210,30.91318163,,,,,,
KYAKONDA HEALTH UNIT II,11001654283,clinic,,,Kyotera,-0.64375141,31.53910436,,,,,,
BUKURUNGO HC II,11007285477,hospital,,,Kitagwenda,-0.00171003,30.30470592,,,,,,
BUDHANA HEALTH CENTRE II,7015283,clinic,,,Luuka,0.82106202,33.31160020,,,,,,
God's Mercy,10102817916,doctors,,,Gulu,2.77742203,32.30262986,,,,,,
Medway Clinic,8632128763,doctors,private,,Zombo,2.41497999,30.99144330,,,,,0,
OMBOKODO,11054959858,hospital,,,Koboko,3.39005894,31.02406374,,,,,,
MORUKATIPE HEALTHCENTRE II,11056451815,clinic,,,Tororo,0.70520535,34.22387933,,,,,,
HEALTH CENTRE II,11010338324,clinic,,,Mityana,0.56136954,32.20085469,,,,,,
HEALTH CENTRE II,11007308932,hospital,,,Kiruhura,-0.16254886,30.94795119,,,,,,
KIGANDO HEALTH CENTRE II,11029992907,clinic,,,Kakumiro,0.96616677,31.23892444,,,,,,
KIBAALE,11056451920,hospital,,,Pallisa,1.21343249,33.78426326,,,,,,
SEMBABULE,11001694552,hospital,,,Ssembabule,-0.08315238,31.46057439,,,,,,
KAMOD HC III,9494537,hospital,,,Serere,1.56819612,33.36563338,,,,,,
BUSIME,11056452419,clinic,,,Busia,0.25244075,33.95228303,,,,,,
AROI HEALTH CENTRE,11054959883,hospital,,,Arua,3.11067728,30.89729407,,,,,,
BI Care Medical Clinic,8591741519,clinic,,,Wakiso,0.43673710,32.60367186,,,,,,
FUNGWE,11056452259,clinic,,,Tororo,0.65442937,33.91034359,,,,,,
KAJOJI HC II,11010338488,clinic,,,Mityana,0.61058808,32.17926232,,,,,,
Zee Pharmacy,9909257627,pharmacy,,,Lira,2.24090186,32.89582192,,,,,,
ALLIED MED,11010338233,hospital,,,Kampala,0.31950134,32.57375475,,,,,,
Kakira Health Centre,4041889632,clinic,,,Jinja,0.50565227,33.28100868,"Kadama Road, Kakira Town Council",,,,,
D'ACE Medicare,4040429573,clinic,,,Jinja,0.43569916,33.21174792,"Main Street, Jinja Central Division",,,,,
Georgina Eye Clinic,3813774126,clinic,,,Kampala,0.33634377,32.57924415,,,,,,
MATANDA HEALTH CENTRE II,11001478377,clinic,,,Kanungu,-0.65012568,29.74478239,,,,,,
Admoni's Drug Shop,10147626093,pharmacy,private,operational,Bundibugyo,0.65012669,30.04340998,,,,,,
Sentrin Drug Shop,9147833054,pharmacy,private,,Kampala,0.36667168,32.57180998,Kanyanya,,,,3,
Riyadh Pharmacy,9853606520,pharmacy,,,Wakiso,0.23249358,32.57762342,Ndejje Road,,,,,
Victory Medical Center,10102878018,doctors,,,Gulu,2.77059187,32.29732076,,,,,,
Green Belt Care Clinic,4100116598,clinic,,,Kampala,0.35438699,32.55930175,kampala,,,,,
K.H Dental Clinic,4114253396,doctors,,,Kampala,0.31481620,32.58221369,"Speke Road, Kampala",,,,,
WAIBUGA HC III,3298779,clinic,,,Luuka,0.62967275,33.38275627,,,,,,
Zia Angelina,7317910985,hospital,private,operational,Wakiso,0.38781754,32.65420493,,,,,,
Divine Care,10102653142,doctors,,,Gulu,2.76284682,32.30815345,,,,,,
KEREKEREN,11056452272,clinic,,,Budaka,1.14354879,34.03765272,,,,,,
KASHEESHE H/C II,11001478442,clinic,,,Rukungiri,-0.86653578,29.90857425,,,,,,
Quality Medical Center,8963738620,clinic,private,,Kampala,0.34427993,32.58634496,,,,,2,
Smart Pharmacy,8487804919,pharmacy,,,Kampala,0.36817824,32.62476417,,,,,,
Embaga Drug Shop,5573437714,pharmacy,Ministry Of Health,operational,Yumbe,3.42926663,31.20989665,,,,,1,
MINNESOTA INTERNATIONAL HEALTH VOLUNTEERS,11001694517,hospital,,,Ssembabule,-0.08183734,31.46172095,,,,,,
Health Care Pharmacy,9909163217,pharmacy,,,Lira,2.24299356,32.89446758,,,,,,
Mid Town Imaging Centre,9909273840,doctor,,,Lira,2.24504998,32.89632668,,,,,,
Golden Medical Care Drug Shop,10020565434,doctors,,,Arua,3.02739234,30.90623128,,,,,,
St. Luke clinic,8420615417,clinic,,,Mukono,0.40739205,32.69535270,,,,,,
Kabasa Memorial Hospital,6456022,clinic,,,Butaleja,0.95537297,34.03264763,Kachonga,,,,,
Value Medical Centre,3466160585,doctors,,,Wakiso,0.18528277,32.53850265,,,,,,
HEALTH UNIT,11056452280,clinic,,,Budaka,1.08404189,34.07340858,,,,,,
Kerith Health Center,3966649774,doctors,,,Pallisa,1.15325898,33.72919935,Pallisa Town Council,,,,,
PAMAKA,11066741277,hospital,,,Nebbi,2.37676429,31.11728064,,,,,,
PALUDA HEALTH CENTRE II,11080473430,hospital,,,Lamwo,3.37080688,32.41592243,,,,,,
Kisakye Dental Services,8591866419,dentist,,,Wakiso,0.43934596,32.60019714,,,,,,
Genesis Medical Clinic,5409895839,clinic,,operational,Arua,3.06546823,30.93867167,,,,,,
Butiru Chrisco Health Centre III,3955253045,hospital,,,Manafwa,0.81961187,34.29536414,"Lwakhakha Road, Butiru",,,,,
Biija Bigereke Drug Shop,4048658311,pharmacy,,,Mayuge,0.39059447,33.62248029,Kigandalo,,,,,
AKALO HEALTH CENTRE III,5802075,hospital,,,Kole,2.14609566,32.83963417,,,,,,
Akoboi Health Centre II,8846179571,hospital,Government of Uganda,,Serere,1.57094304,33.41943765,,,,,,
OMITO HEALTH CENTRE TWO,11056452170,clinic,,,Ngora,1.63377169,33.81625547,,,,,,
Medric Pharmacy,1583800245,pharmacy,,,Kampala,0.31077838,32.60976844,,,,,,
Health Center II,5215672043,clinic,IRC,,Yumbe,3.24955184,31.39115136,,,,,,
NYAKATARE HEALTH CENTRE III,7261667,hospital,,,Kanungu,-0.89468036,29.77065003,,,,,,
BIGODI,11029992879,hospital,,,Kamwenge,0.40050095,30.41029435,,,,,,
NSAMBYA RALWAYS,11010338081,hospital,,,Kampala,0.30543123,32.58533695,,,,,,
Trust Drug Shop,3953637078,clinic,,,Sironko,1.21455265,34.29916617,"Mutufu Budadiri Road, Buhugu",,,,,
Genesis Drug Shop,8632128751,pharmacy,private,,Zombo,2.41693163,30.98164996,,,,,1,
TORORO CEMENT HEALTH CENTRE II,11056452048,clinic,,,Tororo,0.65837884,34.14489456,,,,,,
Kkonge St. Luke HC III,3795535,clinic,private_non_profit,,Mpigi,0.27235146,32.31719568,,,,,,
MAZINGA,11001694565,clinic,,,Kalangala,-0.66071747,32.33447187,,,,,,
Grace Health Services,4104720693,doctors,,,Kampala,0.31061158,32.55834613,"Albert Cook Road, kampala",,,,,
Lite Medical Center,8457634818,clinic,,,Kampala,0.33257024,32.62324092,,,,,,
Drug Shop,5985770897,doctors,Private,operational,Kikuube,1.13547668,30.73260493,,,,,1,
Holly Care Clinic,4107569785,clinic,,,Kampala,0.24645054,32.62104939,"Lukuli Road, kampala",,,,,
HEALTH CENTRE II,11056451999,clinic,,,Bugweri,0.75340909,33.62607655,,,,,,
Bacton Pharmacy,8591753121,pharmacy,,,Wakiso,0.43783102,32.60232447,,,,,,
ABOKE HEALTH UNIT IV,11073166755,hospital,,,Kole,2.34839063,32.68205137,,,,,,
Alpha and Omega Maternity Clinic,8963716786,clinic,private,,Kampala,0.34904370,32.58684427,,,,,2,
Drug Shop,8453953926,pharmacy,,,Madi Okollo,3.05846800,31.31632243,Eden III;Eden IV,,,,,
Nakivale Health Centre III,8484333,clinic,MTI,operational,Isingiro,-0.77770336,30.94437329,,,,,,
KASANJE,11010338486,clinic,,,Wakiso,0.15081177,32.39978928,,,,,,
COMBONI,11007308923,hospital,,,Bushenyi,-0.44291188,30.11966963,,,,,,
HEALTH CENTRE II,11001478401,clinic,,,Kanungu,-1.00007601,29.72663498,,,,,,
Kyanja Community Health Center,4105542220,clinic,,,Kampala,0.37966262,32.60190948,kampala,,,,,
MPUNGE,11010338155,clinic,,,Mukono,0.12254590,32.72192979,,,,,,
HEALTH CLINIC,11054959829,hospital,priate,,Arua,3.27047164,31.22506018,,,,,,
KAPIR HEALTH CENTRE THREE,11056452050,clinic,,,Ngora,1.60339567,33.78913122,,,,,,
Palorinya Health Centre III,3321010,clinic,MTI,,Obongi,3.48558665,31.65474998,,,,,,
Health Plus Pharmacy,8626240417,pharmacy,,,Kampala,0.34408815,32.56939315,,,,,,
Swadiki Drug Shop,5559514989,pharmacy,Private,operational,Yumbe,3.36224669,31.20620995,,,,,1,
Buyanga Health Center,4050642035,doctors,,,Bugweri,0.64351412,33.62082495,Iganga,,,,,
KYABUGIMBI,11007309052,hospital,,,Buhweju,-0.41495278,30.26609896,,,,,,
P. Mariam Physiotherapy Service Clinic,8963738642,clinic,private,,Kampala,0.34298618,32.57657845,,,,,3,
KIBANDA,11001694588,hospital,,,Rakai,-0.86940901,31.34452476,,,,,,
Zaam Medical Center,4107571623,clinic,,,Kampala,0.29635053,32.57575032,"Kayemba Road, kampala",,,,,
NAGALAMA,11010338212,hospital,,,Mukono,0.52435665,32.78182075,,,,,,
LWABAKOBA,11001694764,clinic,,,Rakai,-0.67166566,31.29850652,,,,,,
BULO HEALTH CENTRE II,11001694506,hospital,,,Butambala,0.11332832,31.99898335,,,,,,
MUGARAMA,11029992999,hospital,,,Kibaale,0.86427174,30.98998644,,,,,,
Nyamatambo Health Centre II,8274342532,clinic,government,,Kisoro,-1.32993047,29.80101574,,,,,3,
HAAMA,11056452277,clinic,,,Namayingo,-0.12199345,33.69883884,,,,,,
HEALTH UNIT II,11073166788,hospital,,,Apac,1.88986188,32.54358686,,,,,,
KISIIJA HEALTH UNIT,11029992852,clinic,,,Kakumiro,0.94044254,31.15820268,,,,,,
Amigo,6288776636,doctors,Sentama Innocent,operational,Isingiro,-0.77742835,30.95020324,,,,,,
KICUZI HEALTH CENTRE II,2359472,hospital,,,Ibanda,-0.18828776,30.38650936,,,,,,
Revelation Drug Shop,3967544970,doctors,,,Kaliro,0.91844130,33.43170725,"Kamuli Road, Namugongo",,,,,
HEALTH CENTRE II,11001478341,clinic,,,Kanungu,-0.90082002,29.66920679,,,,,,
SESE MED CENTER,11010338005,hospital,,,Kampala,0.31229517,32.56581458,,,,,,
ST KALEMBA NAZIGO,11056451983,hospital,,,Kayunga,0.63835439,32.99539667,,,,,,
Afoyu Drug Shop,8632128742,pharmacy,private,,Zombo,2.34013496,30.93161998,,,,,0,
PAMOLO HC II,11080473457,hospital,,,Kitgum,3.37440498,32.91653780,,,,,,
Family Medical Clinic,10020565448,doctors,,,Arua,3.02218232,30.90815258,,,,,,
Mucheva,5333865330,doctors,Private,operational,Arua,3.04134830,30.90905162,,,,,,
Poyameri health centre Three,3990909865,hospital,,,Tororo,0.62005493,34.08203816,Magola,,,,,
HEALTH CENTRE 111,11073166716,hospital,,,Nakasongola,1.50277964,32.51230417,,,,,,
Jinja Dental Clinic,4041833889,doctor,,,Jinja,0.42927829,33.21167006,"40, Iganga Road, Jinja",,,,,
Wefeeko Medical Clinic,4041833908,doctor,,,Jinja,0.42903538,33.21173485,"40, Iganga Road, Jinja",,,,,
DR. GANAFA,11001730382,clinic,,,Kasese,0.17617533,30.07849085,,,,,,
MUVUBUKA AGUNJUSE,11010338142,clinic,,,Wakiso,0.28928559,32.45461882,,,,,,
NAKASEKE,11010338120,hospital,,,Nakaseke,0.71706255,32.39968148,,,,,,
ST KAROLI LWANGA,11001478461,clinic,,,Rukungiri,-0.80420065,29.93164149,,,,,,
PIONEER CLINIC,11010338223,clinic,,,Kampala,0.35614149,32.61310385,,,,,,
BWENGURE HEALTH CENTRE II,4970187,hospital,,,Mbarara,-0.25523595,30.59705422,,,,,,
Etoleni,5354389869,doctors,,operational,Arua,2.95063967,30.93221903,,,,,,
OBALANGA HEALTH CENTRE III,5364213,hospital,,,Kapelebyong,2.20215969,33.59266997,,,,,,
SIKUDA HEALTH CENTRE,11056451958,clinic,,,Busia,0.49263458,34.05612107,,,,,,
Princess Drug Shop,9147833047,pharmacy,private,,Kampala,0.37306388,32.56850743,,,,,1,
KYEGEGWA,11029993034,hospital,,,Kyegegwa,0.48405855,31.05345505,,,,,,
The New Hope Hospital Iganga,4048796768,clinic,,,Iganga,0.62231176,33.48002976,Iganga,,,,,
KITAASA,11001694530,hospital,,,Bukomansimbi,-0.15118091,31.60400988,,,,,,
PANGU H/UNIT II,11080473510,hospital,,,Nwoya,2.73956055,32.11721378,,,,,,
Concord Pharmacy,11112014905,pharmacy,,,Wakiso,0.40002604,32.47821506,,,,,,
Kameruka Health Centre 3,5734169,doctors,,,Budaka,1.15274726,33.98289685,Kameruka,,,,,
Cure Health Centre,4041781312,clinic,,,Jinja,0.46686333,33.23774247,Bugembe,,,,,
Ayivuni Health Center III,10020547595,hospital,,,Arua,3.09698100,30.82602895,,,,,,
St Grace Joint Medical Care,3996085585,doctors,,,Namutumba,0.83592574,33.68639725,"Mbale Jinja Road, Namutumba Town Council",,,,,
Armos & Sons Pharmacy,8575591619,pharmacy,,,Kampala,0.24780338,32.62656753,Wavamuno Road,,,,,
MAYIRYE,11010338117,hospital,,,Mityana,0.27174344,32.14571937,,,,,,
GABA COMMUNITY,11010338046,clinic,,,Kampala,0.25859223,32.63536417,,,,,,
Mdn pharmacy,8489483018,pharmacy,,,Gulu,2.77708893,32.29716787,,,,,,
Abacus Pharmacy,10020574718,pharmacy,,,Arua,3.02538362,30.90882137,,,,,,
Chanika Medical Clinic,6759234865,clinic,Private,operational,Kisoro,-1.33839837,29.73859302,,,,,2,
Universal Clinic,8457717819,clinic,,,Rukiga,-1.21803650,30.12093345,,,,,,
wandegeya clinic,7967254382,clinic,,,Kampala,0.33227285,32.57378962,,,,,,
LIRA REGIONAL REFERRAL HOSPITAL,11073118391,hospital,,,Lira,2.25248883,32.90210449,,,,,,
PAROMBO,11066739700,hospital,,,Nebbi,2.30025956,31.20260179,,,,,,
Mega Drug Shop,5594324679,pharmacy,Private,operational,Yumbe,3.60652670,31.23267162,,,,,1,
NTINDA POLYCLINIC,11010338415,clinic,,,Kampala,0.35520968,32.61429919,,,,,,
Hidden Treasure Pharmacy,8591839918,pharmacy,,,Wakiso,0.43824710,32.60226244,,,,,,
Chris Medicine Drug Shop,10020547591,doctors,,,Arua,3.11491324,30.82181269,,,,,,
Clinic,2317185023,pharmacy,,,Kampala,0.25794347,32.62698965,,,,,,
KYEIZOBA,11007285467,hospital,,,Bushenyi,-0.56577247,30.26978147,,,,,,
Kituti Community Health Centre,3968701694,clinic,,,Kibuku,1.05205345,33.76733777,Buseta,,,,,
Life Healing,6750035916,doctors,Individual,operational,Kanungu,-0.97059375,29.61523664,,,,,1,
Sure Faith Medicare,4041781340,clinic,,,Jinja,0.46878438,33.24237414,"Iganga Highway, Bugembe",,,,,
ISAB MEDICAL CENTRE,10128402885,clinic,,,Masaka,-0.34446332,31.73943084,,,,,,
J-Plus Pharmacy,9126196862,pharmacy,,,Mbale,1.07533418,34.17741333,"14, North Road",,,,,
First Clinic Care,10198909174,clinic,private,,Lira,2.23692707,32.88665916,Lira,,,,3,
LWEMIYAGA,11029993054,clinic,,,Ssembabule,0.08226884,31.09848230,,,,,,
Aqua pharmacy,8244489418,pharmacy,,,Mukono,0.36972529,32.71349734,,,,,,
Life Care Medical,8632128762,doctors,private,,Zombo,2.41242493,30.98600327,,,,,1,
AMUCA OTHORDOX HC III,11073118393,hospital,,,Lira,2.27455184,32.83272522,,,,,,
OJE HEALTH CENTRE II,11054959898,hospital,,,Arua,3.04932619,30.81220460,,,,,,
Shalom Drug Shop,8462816418,pharmacy,,,Kampala,0.37347535,32.62195774,,,,,,
HEALTH CENTRE III,11029979791,hospital,,,Ssembabule,0.08197623,31.09811416,,,,,,
Layibi Health Center III,10102721861,hospital,,,Gulu,2.75762247,32.31643284,,,,,,
Family First Aid Drug Shop,5308494955,pharmacy,Private,,Arua,3.07864324,30.88521667,,,,,,
MASIYOMPO HEALTH CENTRE,11056452407,clinic,,,Sironko,1.13795253,34.39210513,,,,,,
Nation Clinic,4100092170,clinic,,,Kampala,0.29498235,32.57650729,Kampala,,,,,
HEALTH CENTRE TWO,11056452260,clinic,,,Sironko,1.27208486,34.30537305,,,,,,
JEVIS,11001694694,clinic,,,Kalungu,-0.12553002,31.75864786,,,,,,
St joseph general clinic,9045988,clinic,private,,Kampala,0.34766387,32.57211425,,,,,1,
Sun Rise Drug Store.,5789319879,doctors,,non operational,Obongi,3.43011664,31.58380664,,,,,1,
Jarinah Pharmacy,8481522624,pharmacy,,,Wakiso,0.41604528,32.53683364,Gulu - Kampala Road,,,,,
St Denis Medical Centre Oreku,5308494964,clinic,Private,operational,Arua,3.07139993,30.91507167,,,,,,
KIZINGA H/L,11056451822,clinic,,,Jinja,0.54388053,33.13428447,,,,,,
Rubangatwero Drug Shop,10102878058,doctors,,,Gulu,2.75736564,32.31585969,,,,,,
Life Care,6351698906,doctors,Ministry Of Health,operational,Yumbe,3.48997164,31.33761665,,,,,1,
MUKONO HL 11,11010338454,clinic,,,Mukono,0.31846425,32.74083433,,,,,,
BURORA HEALTH CENTRE II,11029992889,clinic,,,Kagadi,1.09401208,30.88463656,,,,,,
Barakala Drug Shop,6351698907,doctors,Ministry Of Health,operational,Yumbe,3.48967828,31.33759662,,,,,1,
BUREMBA H/C,11007285475,hospital,,,Kazo,0.11186978,30.71118942,,,,,,
BUSARU,11001734053,hospital,,,Bundibugyo,0.67119217,30.05087407,,,,,,
HEALTH CENTRE III,11056452134,hospital,,,Busia,0.49999079,33.98608784,,,,,,
URHB,11056451892,clinic,,,Bugiri,0.57360779,33.74532379,,,,,,
Advanced Skin Clinic,4104857862,doctors,,,Kampala,0.29884842,32.59742190,"Ggaba Road, kampala",,,,,
GAGAMA HOSPITAL,11056452149,clinic,,,Kumi,1.33889852,33.80936086,,,,,,
Jenk Pharmacy,8515853017,pharmacy,,,Wakiso,0.39232927,32.66039589,,,,,,
HEALTH CENTRE II,11073118363,hospital,,,Kaberamaido,1.61407095,33.00328857,,,,,,
Kamwizi Health Center III,12124589201,hospital,,,Rukiga,-1.22307243,30.21629227,,,,,,
ONGAKO HC III,7957017,hospital,,,Omoro,2.69192209,32.24566812,,,,,,
WAKA,11054959878,hospital,,,Obongi,3.42103954,31.50906069,,,,,,
NYABUSWA HEALTH CENTRE II,11001734033,clinic,,,Kabarole,0.62899474,30.15885033,,,,,,
ST PAUL,11001734162,hospital,,,Kasese,0.17590526,30.07864122,,,,,,
Genepa Pharmacy,10116714225,pharmacy,,,Masaka,-0.34240255,31.73769822,,,,,,
NYENDO,11001694736,clinic,,,Masaka,-0.32197434,31.76122027,,,,,,
NYAKATOKYE HEALTH CENTRE II,11007308933,hospital,,,Ibanda,-0.10229840,30.46276624,,,,,,
KAKUNDI,11001694533,clinic,,,Rakai,-0.60999187,31.24725982,,,,,,
ADUKU HEALTH CENTRE IV,2223376,hospital,,,Kwania,1.99255738,32.71895723,,,,,,
Yangani Health Center II,6007027156,clinic,AAH,operational,Yumbe,3.33530826,31.29875664,,,,True,6,
Oak Pharmacy,5683947638,pharmacy,,,Kampala,0.32994142,32.57332459,,,,,,
Okungedi Health Centre II,7941188,doctors,,,Amuru,2.87792532,31.93908895,,,,,,
Old St Drug shop,10102769148,doctors,,,Gulu,2.81837433,32.34068982,,,,,,
Bar New life Care Clinic,9992537237,doctor,,,Lira,2.24024522,32.88731085,,,,,,
MUHANGO H/C III,11001734059,hospital,,,Kasese,0.13038080,29.98986144,,,,,,
NAMUTAMBA HEALTH CENTRE III,7532504,hospital,,,Mityana,0.50368327,32.08684623,,,,,,
IKIIKI,11056451865,clinic,,,Budaka,1.10083688,34.00443968,,,,,,
NYAKINONI'S HC II,11001478473,clinic,,,Kanungu,-0.75337983,29.74679035,,,,,,
Pay Clinic,5789319886,doctors,,non operational,Obongi,3.43023658,31.58087482,,,,,2,
Joy General Clinic Eddwaliro,5526068176,clinic,,,Wakiso,0.20899995,32.54398064,"Muchanga Road, Kajjansi",,,,,
BULAGA,11010338452,hospital,,,Kiboga,0.76793442,31.90928625,,,,,,
EWANGA H/C 3,8176124,hospital,,,Madi Okollo,3.17734694,31.46483307,,,,,,
Ruby Pharmacy,864964241,pharmacy,,,Kampala,0.28246456,32.58403734,,,,,,
KABIRIZI HEALTH CTRE,11001734070,clinic,,,Kasese,0.02022775,29.93235278,,,,,,
DOKOLO HC IV,8421951,hospital,,,Dokolo,1.91719158,33.17351278,,,,,,
KANGOLE HC III,1158112,hospital,,,Napak,2.44225193,34.48583526,,,,,,
Ronela Medical Centre,8442086118,clinic,,,Wakiso,0.37852134,32.62584158,,,,,,
Wi Anaka health centre,1647108220,hospital,,,Nwoya,2.57863346,31.77598918,,,,,,
Bunagana Healthcare Clinic,8280279736,clinic,private,,Kisoro,-1.29411334,29.60178167,,,,,6,
BBAALE HEALTH CENTRE II,11001694671,clinic,,,Rakai,-0.67161143,31.29856042,,,,,,
NAMUTAMBA,11010338128,hospital,,,Mityana,0.50295958,32.08679250,,,,,,
Step by Step Drug Shop,4041858634,pharmacy,,,Jinja,0.64958865,33.26470856,Buyengo,,,,,
ROTINA M. CENTRE,11010338258,hospital,,,Mpigi,0.22283948,32.32613515,,,,,,
BUBUGO,11056451965,clinic,,,Jinja,0.59961306,33.07603946,,,,,,
LOKUNG HC II,11080473447,hospital,,,Lamwo,3.56636598,32.70364668,,,,,,
IZIRANGOBI HEALTH CENTRE II,11056451833,clinic,,,Namutumba,0.90398855,33.65033017,,,,,,
DIBOLYEC HC II,205662302295,hospital,,,Lamwo,3.65736914,32.74080793,,,,,,
KIKONDA,11029979768,clinic,,,Kyankwanzi,1.27332672,31.48646509,,,,,,
BUKOOVA HEALTH III CENTRE,11056451925,clinic,,,Luuka,0.89451968,33.35120678,,,,,,
God Is Able Drug Shop.,5789319874,doctors,,non operational,Obongi,3.41223670,31.55262999,,,,,1,
AVOGERA H/C II,11066741247,hospital,,,Buliisa,2.20212625,31.51086992,,,,,,
Wilbert Pharmacy,9900048020,pharmacy,,,Mbarara,-0.61797354,30.65975119,,,,,,
St.Pitia Drug Shop,5789319872,doctors,,non operational,Obongi,3.41211499,31.55757497,,,,,1,
Kwewayo Vet Pharmacy,10130151686,pharmacy,,,Masaka,-0.34492935,31.73786443,,,,,,
RUSHAKA HEALTH CENTRE II,7864183,clinic,,,Kanungu,-0.64013043,29.77887108,,,,,,
ST. ANTHONY HEALTH CENTRE,11056451904,clinic,,,Ngora,1.46934398,33.76854250,,,,,,
RWENKOBWA MATERNETY AND HEALTH CENTRE,11007309008,hospital,,,Ibanda,-0.00227036,30.43064745,,,,,,
KARURUMA H/C II,11001478509,clinic,,,Ntungamo,-0.87310233,30.11332872,,,,,,
Malcom Health Center,7312254585,dentist;doctor;hospital;laboratory;pharmacy,,operational,Wakiso,0.36734206,32.63741413,,,,,,
Life Embassy Medical Centre,8963738681,clinic,private,,Kampala,0.34787492,32.57196958,,,,,4,
HEALTH UNIT II,11056452314,clinic,,,Ngora,1.42493582,33.79176322,,,,,,
PETTA HEALTHCENTRE III,11056451942,hospital,,,Tororo,0.78519636,34.07997613,,,,,,
BUKEERI,11001694699,hospital,,,Masaka,-0.44491683,31.76956060,,,,,,
RWANJURA,11001478386,hospital,,,Rukiga,-1.11359966,30.05134253,,,,,,
Joy Arzt Clinics,8349251258,dentist,,,Wakiso,0.07658910,32.47964744,,,,,,
KATONGA,11010338517,clinic,,,Kampala,0.35331637,32.56065744,,,,,,
Impact Clinical Laboratory,8963738662,clinic,private,,Kampala,0.34152664,32.57512327,,,,,5,
INTRACARE MED CENTER,11010338096,clinic,,,Kampala,0.30545587,32.64386292,,,,,,
Masiira Health Centre,3959785083,doctor,,,Bulambuli,1.28610652,34.37775548,Masiira,,,,,
Amedeo Medical Center,10583475445,clinic,private,,Hoima,1.42108869,31.36956235,Hoima,,,,,
KYANAMUYONJO HEALTH CENTRE III,2035766,hospital,,,Kiboga,0.75174662,32.00059753,,,,,,
Smile Pharmacy,3714651034,pharmacy,Smile Pharmacy and Health Services Limited,,Kampala,0.33830874,32.56316682,"Sir Apollo Kaggwa Road, Kampala",,,,,
Victory Medical Clinic,9909257629,doctors,,,Lira,2.24561642,32.91822658,,,,,,
MBN Lab,10845494093,laboratory,,,Hoima,1.42501318,31.36012793,,,,,,
ZAK Pharmacy,3632456932,pharmacy,,,Wakiso,0.40044002,32.54574403,,,,,,
First Line Health Care,10020565447,doctors,,,Arua,3.01217667,30.90257534,,,,,,
KYEIKUCU HEALTH CENTRE II,1968580,hospital,,,Ibanda,-0.11778724,30.42963685,,,,,,
MAZINGA,11001654284,clinic,,,Masaka,-0.36090023,31.80405716,,,,,,
Health Center II,5215672055,clinic,MTI,,Yumbe,3.38841793,31.36170666,,,,,,
GBARI HEALTH CENTRE II,11054940361,hospital,,,Moyo,3.77928183,31.80773614,,,,,,
Hema Medical Centre,4119308365,clinic,,,Kampala,0.33976937,32.58541675,"Tufnell Drive, kampala",,,,,
PADIBE HEALTH CENTRE IV,7127898,hospital,,,Lamwo,3.47250803,32.82790177,,,,,,
St Hillary medical Clinic,10642627905,clinic,,,Kikuube,1.37882655,30.98499845,,,,,,
Ishaka Adventist Hospital,7551819,hospital,,,Bushenyi,-0.54401464,30.13806707,,,,,,
MUKONGORO HEALTH CENTRE II,11056451890,clinic,,,Kumi,1.32369106,33.88855266,,,,,,
GILAM PHARMACY,8412881818,pharmacy,,,Kiryandongo,1.80975696,32.00812339,Masindi Kigumba Road,,,,,
Ibulanku Health Center,4050642038,doctors,,,Bugweri,0.62341113,33.62316836,"Nakivumbi Road, Buyanga",,,,,
MUGUSU,11001734228,clinic,,,Kabarole,0.61130356,30.21287069,,,,,,
Hope Pharmacy,4828109525,pharmacy,,,Wakiso,0.19228358,32.53947948,,,,,,
Ayiko's Drug Shop,5588620747,pharmacy,,operational,Yumbe,3.57916037,31.27142803,,,,,1,
Jeremiah Traditional Healer,4223820627,doctors,,,Rubanda,-1.26635918,29.92638193,,,,,,
Jarina Pharmacy,8457781318,pharmacy,,,Kampala,0.30907744,32.60936686,,,,,,
Madungha Health Centre 2,4604156,doctors,,,Butaleja,0.92316014,33.82576567,"Buhadiyo Road, Namayonfu",,,,,
Life Care Drug Store.,5789319869,doctors,,non operational,Obongi,3.42113166,31.55632163,,,,,1,
KAM Imaging Centre,10583475465,clinic,private,,Hoima,1.43472789,31.34894144,Hoima,,,,,
HEALTH CENTRE III,11056452416,clinic,,,Iganga,0.75467199,33.43589032,,,,,,
Comfort Drug Shop,8280279738,pharmacy,private,,Kisoro,-1.33358003,29.63720669,,,,,2,
Hem Pharmacy,4100092137,doctors,,,Kampala,0.26610435,32.62467188,"Ggaba Road, Kampala",,,,,
OMATENGA HEALTH CENTRE II,11056452341,clinic,,,Kumi,1.57453938,33.91640673,,,,,,
BUKOTO CLINIC,11010338376,clinic,,,Kampala,0.35134587,32.59783554,,,,,,
Agenorwoth Drug Shop,5350681489,pharmacy,,,Madi Okollo,2.81478998,31.33181168,,,,,,
NYANGAHIKA CLINIC,11007308954,hospital,,,Kitagwenda,-0.09913943,30.28754766,,,,,,
City medicals,8686697919,doctor,,,Kampala,0.33447813,32.58814849,,,,,,
NAMIGAVU HC II,3198022,clinic,,,Mityana,0.60294764,32.14611299,,,,,,
KAMPALA HC II,11029992850,clinic,,,Ssembabule,0.01091336,31.07169457,,,,,,
ST JOSEPH'S KITOVU HOSPITAL,10093119791,hospital,,,Masaka,-0.34300554,31.75973785,,,,,,
Avila Clinic,9137157879,clinic,,,Zombo,2.41686667,30.88074996,,,,,,
Bukalasi Health 3,3954783288,doctors,,,Bududa,1.02984635,34.46061646,"Mbale Manafwa, Bukalasi",,,,,
Nyarugote health centre II,1517937,hospital,,,Bushenyi,-0.53985915,30.13865179,,,,,,
Attawudah Drug Shop,3995996357,pharmacy,,,Bugiri,0.44831058,33.67479083,Nankoma,,,,,
Kyakatimba Drug Shop,10147626096,pharmacy,private,operational,Bundibugyo,0.84577598,30.17326880,,,,,,
Dental clinic,10727225807,clinic,,,Kampala,0.34427079,32.57685882,,,,,,
Itia Health Centre II,5306806505,clinic,Governement,operational,Arua,3.17318666,30.97625495,,,,,,
Lubula Pharmacy LTd,10248766909,pharmacy,,,Masindi,1.68239545,31.72109358,Kijumjumbwa Road,,,,,
ST.FRANCIS HOSPITAL,11010338181,hospital,,,Buikwe,0.23604592,32.92303478,,,,,,
MIREMBE HEALTH CENTRE,11001694797,clinic,,,Kyotera,-0.58258238,31.46365416,,,,,,
CANAAN MEDICAL CLINIC,12565988003,clinic,,,Luwero,0.71925836,32.52608645,,,,,,
MUNU HEALTH CENTRE II,6237118,hospital,,,Moyo,3.56061508,31.58319007,,,,,,
St.Jude Domiciliary,4107809627,doctors,,,Kampala,0.36909849,32.60028515,"Kisaasi-Kikaya Road, kampala",,,,,
Unity Drug Shop,5573437708,pharmacy,Private,operational,Yumbe,3.41023166,31.11196492,,,,,1,
BUTENDE,11001694593,hospital,,,Masaka,-0.24748101,31.82094518,,,,,,
SINGABADDA,11010338489,clinic,,,Kampala,0.36007487,32.56611205,,,,,,
Nswanjere HC III,8407711,clinic,private_non_profit,,Mpigi,0.35188667,32.32095823,,,,,,
EREMI HEALTH CENTRE II,11054940365,hospital,,,Moyo,3.64586398,31.81184059,,,,,,
Madawa clinic,3954021735,clinic,,,Sironko,1.15844830,34.28851352,"Buyobo Road, Buyobo",,,,,
Esther Clinic,6007027157,doctors,MSF,operational,Yumbe,3.37987492,31.30862994,,,,,3,
AIDS INFORMATION CENTRE B,11056452353,clinic,,,Jinja,0.42512397,33.20383247,,,,,,
Rural Charity Medical Innitiative,8560535017,hospital,,,Buikwe,0.46399136,33.15353192,,,,,,
BUTEBA,11056451977,clinic,,,Busia,0.53824932,34.12335843,,,,,,
KIRUHURA HEALTH CENTRE III,11007308945,hospital,,,Kiruhura,-0.20788708,30.84309593,,,,,,
Mwebaze Clinic,6006852137,clinic,,,Kampala,0.25380499,32.63244107,Kampala,,,,,
Health side Medical laboratory,3997879811,doctors,,,Busia,0.51158447,34.07721279,Busia,,,,,
Cabana Sister's Pharmacy,9622031917,pharmacy,,,Wakiso,0.13779535,32.53897664,,,,,,
Etori,5354389871,doctors,,operational,Arua,2.95096825,30.93228667,,,,,,
HEALTH PROMOTION HALL,11001654301,doctors,,,Lwengo,-0.38480693,31.32008959,,,,,,
Yasmin Medical Care,10023486989,pharmacy,,,Arua,3.02120004,30.91086437,,,,,,
ALANGO HEALTH CENTRE II,11073166810,hospital,,,Otuke,2.46644588,33.18837264,,,,,,
ABALORERA HEALTH CENTRE III,11151161587,hospital,,,Amuria,1.95942078,33.81889083,,,,,,
NAKASEETA,11010338271,clinic,,,Mityana,0.44945973,32.08156077,,,,,,
Ambayo Drug Shop,5789318189,doctors,Private,operational,Adjumani,3.19289663,31.66127999,,,,,2,
Dr MATOVU'S MEDICAL CENTRE,9754751995,clinic,,,Wakiso,0.43344494,32.52520325,,,,,,
KIRYANGA HC III,2797143,hospital,,,Kagadi,1.08371902,31.06595816,,,,,,
BUGAMBO,11056452066,clinic,,,Luuka,0.96861294,33.39518194,,,,,,
KADIC,11010338348,hospital,,,Kampala,0.35012915,32.60415826,,,,,,
ANYIRIBU,11066741280,hospital,,,Madi Okollo,2.55983822,31.11368707,,,,,,
GBOROKOLONGO HEALTH CENTRE,11054959900,hospital,,,Koboko,3.42935489,31.06406763,,,,,,
KUBWIA,11056451966,clinic,,,Ngora,1.39733388,33.74092312,,,,,,
ST AMBROSE CHARITY HEALTH CENTRE,11029992866,clinic,,,Kagadi,0.94519835,30.81728185,,,,,,
Quick Service Drug Shop,3996035396,pharmacy,,,Bugiri,0.40520153,33.80042994,Budhaya,,,,,
BUSH FIRE HEALTH CLINIC,11056451814,clinic,,,Namutumba,0.75000067,33.72764627,,,,,,
HEALTH CENTRE 2,11073166749,hospital,,,Lira,2.08574595,32.88696887,,,,,,
RWABUKUBA HC II,11001478433,clinic,,,Rukungiri,-0.66785978,29.94074365,,,,,,
BISEREKO,11029992952,clinic,,,Kikuube,1.35634520,31.39264678,,,,,,
KIKALO,11056451878,clinic,,,Namutumba,1.02989153,33.65246630,,,,,,
PRESBITAREAN MISSION CLINIC,11151161535,hospital,,,Nakapiripirit,1.85530606,34.61549676,,,,,,
MiC Medical Imaging Consultants,3799704430,clinic,,,Kampala,0.32971654,32.57542409,"Buganda Road, Kampala",,,,,
KIMWANYI HEALTH CENTRE III,11001694668,hospital,,,Lwengo,-0.33298380,31.68668436,,,,,,
Omega Drug Shop,8274304201,pharmacy,private,,Kisoro,-1.16634170,29.66816249,,,,,1,
Family Drug Shop,5559514995,pharmacy,Private,operational,Yumbe,3.37539019,31.26404886,,,,,2,
AKIM MEDICALS LTD,8456753717,pharmacy,,,Kiryandongo,1.80248775,31.97879495,College road Kididima Kigumba,,,,,
Eye Care Center,4114252285,doctors,,,Kampala,0.33832970,32.58707628,Kampala,,,,,
God'S Care Branch,5559514993,pharmacy,Glo Wonder,operational,Yumbe,3.33570774,31.23208187,,,,,0,
BUCENCE HC II,3659739,clinic,,,Rukungiri,-0.80807301,29.89281627,,,,,,
HEALTH UNIT,11029992858,clinic,,,Kamwenge,0.28828848,30.46648135,,,,,,
He Cares Medical Centre,8963738646,clinic,private,,Kampala,0.34123109,32.57624954,,,,,9,
HEALTH CENTRE,11073166843,hospital,,,Lira,2.24754946,33.04009426,,,,,,
Plus Medic Pharmacy,8963716800,pharmacy,private,,Kampala,0.33158788,32.57482764,,,,,3,
ATAMA HERBAL CENTRE,11073166812,hospital,,,Dokolo,1.89962370,33.14758772,,,,,,
St Mary Level 3 Hospital,8407970618,hospital,,,Kiryandongo,1.81758239,32.01707669,Gulu - Kampala Road,,,,,
ANGAL,11066741268,hospital,,,Nebbi,2.40856180,31.19376928,,,,,,
Life Savers Clinic,3998182458,doctors,,,Namutumba,0.94261923,33.60909540,"Ivukula Road, Ivukula",,,,,
MK Clinic,8474481718,clinic,,,Kampala,0.27603657,32.56506574,,,,,,
Rippon Drug Shop,5789318202,doctors,,operational,Adjumani,3.19527826,31.78734163,,,,,2,
KAKO,11001694514,clinic,,,Masaka,-0.30111036,31.80599732,,,,,,
Victoria Clinic,1322227678,hospital,,,Jinja,0.42723638,33.20879808,,,,,,
Life Pharmacy (A) Limited,4124066941,pharmacy,,,Kampala,0.31522624,32.57630134,kampala,,,,,
Kagoma HC III,2156571,clinic,,,Kikuube,1.17323967,30.76958916,,,,,,
MBN Clinical Laboratories,8730870530,laboratory,,,Kampala,0.32418607,32.57686779,"28, Nakasero Road, Kampala",,,,,
KOCH,11066741206,hospital,,,Nebbi,2.52473933,31.12207249,,,,,,
BUYEMBA,11056451853,clinic,,,Mayuge,0.42749177,33.46600633,,,,,,
Marathon Pharmacy,4041833894,pharmacy,,,Jinja,0.42983602,33.21194884,"Lubas Road, Jinja",,,,,
KASAWO,11010338382,hospital,,,Mukono,0.68230297,32.82173302,,,,,,
May Medical Centre,8987955,clinic,,,Kampala,0.32516734,32.57395869,"Bombo Road, Kampala",,,,,
GALAXY,11010338102,hospital,,,Kampala,0.35226813,32.55874989,,,,,,
ST. Mary's Medical Center,8489507117,clinic,,,Gulu,2.77347684,32.29721632,,,,,,
KASAMBYA HEALTH CENTRE II,11029979799,clinic,,,Kakumiro,0.90317333,31.25806418,,,,,,
BUGAYA HEALTHCENTRE III,11056451964,hospital,,,Buyende,1.09537917,33.24325097,,,,,,
Central Market Cell,5496024014,clinic,Ministry Of Health,operational,Arua,3.02413497,30.90943165,,,,,6,
IHUNGA HEALTH CENTRE II,11007308921,hospital,,,Rwampara,-0.69640452,30.46765808,,,,,,
Kamu Medical Centre,4040026310,clinic,,,Jinja,0.43879678,33.19527639,"Plot 47, Kira Road, Kimaka/Mpumudde/Nalufenya Division",,,,,
Witch Doctor,1803957918,doctors,,,Wakiso,0.44034475,32.58217932,,,,,,
HEALTH CENTRE II,11001694724,clinic,,,Gomba,0.18093843,31.49542769,,,,,,
SALUTE H/C II,11001734063,clinic,,,Kasese,0.17979723,30.09223046,,,,,,
Family Care Clinic,10583475422,clinic,private,,Hoima,1.42840827,31.34766496,Hoima,,,,,
St Martins Medical Centre,560542965,hospital,,,Mbale,1.07563928,34.17721023,,,,,,
MUSIMA HEALTH CENTRE II,11056452174,clinic,,,Jinja,0.49607116,33.24906625,,,,,,
Victory Clinic,3944014478,clinic,,,Mbale,1.07392166,34.17976663,"5, Nkokonjeru Terrance, Mbale",,,,,
INUULA HEALTH CENTRE II,8451397,clinic,,,Luuka,0.95224007,33.37425643,,,,,,
Vine Pharmaceuticals,1784861671,pharmacy,,,Kampala,0.31508039,32.58943864,,,,,,
Crusader Medical Centre,4104666107,clinic,,,Kampala,0.32993128,32.53485199,"Masanafu Road, kampala",,,,,
KYAMASEGA HEALTH CENTRE II,1925105,clinic,,,Kagadi,0.98227838,30.93981379,,,,,,
Ombeci Health Center II,6007027154,clinic,AAH,operational,Yumbe,3.28201662,31.35472328,,,,,8,
Glimmers Dental Clinic,8512512917,clinic,,,Wakiso,0.39557810,32.66738807,,,,,,
Sky Medical Centre,8442113517,clinic,,,Wakiso,0.38515059,32.62568903,,,,,,
LABWORMORO HC III,11080473418,hospital,,,Gulu,3.06345230,32.39646183,,,,,,
Drug Shop,5297239851,pharmacy,Amagule Steven's Drug Shop,,Arua,3.26152346,31.11875845,,,,,,
ODOBU HEALTH CENTRE II,11054959872,hospital,,,Madi Okollo,3.12918050,31.34711963,,,,,,
KIGASA,11001694545,clinic,,,Kalungu,-0.06561417,31.78358545,,,,,,
God's Will,8632128767,doctors,private,,Zombo,2.47687665,30.92519500,,,,,1,
Ronah Medical Centre,5884543,clinic,,,Kampala,0.36341405,32.61030237,"Ntinda Kigowa Road, kampala;Kampala",,,,,
BYAKABANDA HEALTH CENTRE 111,4704185,hospital,,,Rakai,-0.75943701,31.38477232,,,,,,
Sikuda Health Centre 11,3997879842,hospital,,,Busia,0.49961470,34.05980978,Busia,,,,,
Biogen Pharmacy LTD,4041828082,pharmacy,,,Jinja,0.43209972,33.21130502,"74, Main Street, Jinja",,,,,
KAMWENGE CATHOLIC HOSPITAL,11007285460,hospital,,,Kamwenge,0.18933382,30.45493603,,,,,,
Baajjo general clinic,8420371819,clinic,,,Wakiso,0.32326448,32.48183905,,,,,,
Siripi Health Center,5299223126,clinic,MTI;IAS;IRC;UNHCR,operational,Arua,3.14007496,31.26399823,,,,True,,
EL-SHADAI MEDICAL CENTRE,11029992946,clinic,,,Kyenjojo,0.61181913,30.64249293,,,,,,
MAKINDYE MED CENTER,11010338100,clinic,,,Kampala,0.28001805,32.58861805,,,,,,
NGOMA H/C II,8000379,hospital,,,Rukungiri,-0.96300712,29.96263442,,,,,,
Kaberamaido Health Center IV,4436331537,hospital,,,Kaberamaido,1.76542239,33.15226642,,,,,,
Gifted Hands Clinic,9992537229,doctor,,,Lira,2.24053146,32.88705982,,,,,,
Addy Dominicaly,9562126417,clinic,,,Kampala,0.34243473,32.55399173,,,,,,
ADJUMANI MISSION,11054959901,hospital,,,Adjumani,3.37593157,31.78285882,,,,,,
KYAKASHASHARA H.C.111,11001694691,hospital,,,Kiruhura,-0.35373362,31.08583208,,,,,,
BWANDA HC II,11001478438,hospital,,,Rukungiri,-0.70807933,29.96395172,,,,,,
BUSSI,11010338322,clinic,,,Wakiso,0.07554127,32.35017780,,,,,,
Hope Clinic,8963716778,clinic,private,,Kampala,0.34888494,32.58594497,,,,,3,
Pharmacy Drusah,9004625517,pharmacy,,,Kampala,0.39265264,32.57597495,,,,,,
HEALTH CENTRE III,11056452135,clinic,,,Namutumba,0.97230098,33.59926669,,,,,,
IBANDA MISSION HEALTH CENTRE,11007308909,hospital,,,Ibanda,-0.13669178,30.48429247,,,,,,
BUYIGA HEALTH CENTRE II,11001694680,clinic,,,Mpigi,-0.00159914,32.16238696,,,,,,
Pi Rwot Drug Shop,10102769135,doctors,,,Gulu,2.76546013,32.29609843,,,,,,
KAKIGANI HEALTH CENTRE II,7299451,hospital,,,Rwampara,-0.67282622,30.42176389,,,,,,
Astro Dental Service,8963738656,dentist,private,,Kampala,0.34257169,32.57507499,,,,,4,
OLWAL HC II,11080473442,hospital,,,Amuru,2.84329935,32.07826726,,,,,,
KAHARO,11001478487,hospital,,,Rukiga,-1.24382661,30.13476585,,,,,,
BWIZI HEALTH CENTRE II,11029992906,clinic,,,Kamwenge,0.38991947,30.72603804,,,,,,
Lwankoli Health Centre II,3947983554,hospital,,,Mbale,0.96673489,34.14518818,mbale,,,,,
CASE CLINIC,11010338052,hospital,,,Kampala,0.32345266,32.57570254,,,,,,
RUGENDABARA,11001734127,clinic,,,Kasese,0.35613445,30.20128849,,,,,,
Goodluck Drugshop,10020565428,doctors,,,Arua,3.02913377,30.90303492,,,,,,
The Cure Drug Shop,10102878030,doctors,,,Gulu,2.78635672,32.33125808,,,,,,
MUKATI HEALTH CENTRE III,11001734198,clinic,,,Kasese,0.32805357,30.12285685,,,,,,
Butende HC III,7651409937,clinic,private_non_profit,,Masaka,-0.25084936,31.82262056,,,,,,
Smk Medical services,8438780717,clinic,,,Wakiso,0.24957632,32.56047589,,,,,,
Queens Lifeline Clinic And Laboratory,8632128758,doctors,private,,Zombo,2.41536664,30.98520498,,,,,7,
AAR Clinic,8457411919,clinic,,,Mukono,0.35755267,32.75309462,,,,,,
MAKOOLE,11029992860,clinic,,,Ssembabule,0.18695546,31.15165013,,,,,,
CSI Medical Center,8412285017,clinic,,,Wakiso,0.33914048,32.63826666,Kireka Road,,,,,
Divine Medical Center,10102653141,doctors,,,Gulu,2.76129307,32.29563935,,,,,,
Allyz Pharma (u) Limited,4124066925,pharmacy,,,Kampala,0.31409544,32.57679236,kampala,,,,,
Bubulo Walanga C.O.U Health Center II,10734159094,hospital,public,,Manafwa,0.95017753,34.27309728,,,,,,
Vest LinkPharmacy,3944014477,clinic,,,Mbale,1.07409257,34.17692156,"Bishop Wasike Road, Mbale",,,,,
Divine Clinic,5406574333,doctors,Divine clinic,operational,Arua,2.96925035,30.94749212,,,,,,
MODEL CLINIC,11010338509,clinic,,,Kampala,0.34065098,32.57145107,,,,,,
Medibank pharmacy,1789914327,pharmacy,,,Kampala,0.29593939,32.60508807,,,,,,
Jackson's Clinic,6007027150,doctors,private,operational,Kikuube,1.14962894,30.76349769,,,,,2,
CASEPLUS,8422636817,pharmacy,,,Kampala,0.38055295,32.55867177,Kawempe Ttula Mpererwe Road,,,,,
AMAKA HEALTH CENTRE III,11080417504,hospital,,,Lamwo,3.35924153,32.56762633,,,,,,
Nampanga General Clinic,3954015002,clinic,,,Sironko,1.16206140,34.20384524,"Mbale Sironko Road, Bukiyi",,,,,
Cortex Medical Clinic,8407738,clinic,private,,Kampala,0.33415534,32.57389046,,,,,2,
KINUUKA,11001694781,clinic,,,Lyantonde,-0.27441835,31.12416218,,,,,,
KAKAMAR HEALTH CENTRE II,9046127,hospital,,,Kaabong,3.49237264,34.11418117,,,,,,
BUSEETA,11056452323,clinic,,,Kibuku,1.07964323,33.75286012,,,,,,
Emergence Medical Clinic,4114689531,clinic,,,Kampala,0.31679558,32.63617386,"Kitintale Road, kampala",,,,,
KABONG HOSPITAL,11080473463,hospital,,,Kaabong,3.51197347,34.14345857,,,,,,
Echo Rock Drug Shop,5789318227,doctors,Private,operational,Adjumani,3.40927822,31.73614664,,,,,1,
ABONGOMOLA HC III,4644743,hospital,,,Kwania,1.99671656,32.83235658,,,,,,
COMMUNITY SUPPORT CENTRE HEALTH CENTRE II,11151161564,hospital,,,Katakwi,1.75524165,33.96458172,,,,,,
RUTOOMA,11001478337,hospital,,,Kabale,-1.24801907,29.96621098,,,,,,
Kigangazzi HC II,9028285,hospital,Government,,Bukomansimbi,-0.03097293,31.67255708,,,,,,
BUTEZA HEALTH CENTRE II,11056452030,clinic,,,Sironko,1.11679376,34.30179499,,,,,,
BONDO,11066741238,hospital,,,Arua,2.82792233,30.99546334,,,,,,
Medical Access Clinic,6749856216,clinic,,operational,Kanungu,-0.88409285,29.63733955,,,,,3,
K-Frank pharmacy,10055724982,pharmacy,,,Masaka,-0.33734750,31.73988346,,,,,,
MSF,5587486619,clinic,Médecins sans frontières,,Yumbe,3.47158082,31.24569056,,,,,,
Martin Health Care Uganda Limited,4123469777,doctor,,,Kampala,0.31423357,32.58865912,"Siad Barre Avenue, Kampala",,,,,
Maluku Health Center,3956245284,clinic,,,Mbale,1.06790128,34.16245808,Mbale,,,,,
APUTI,11073118390,hospital,,,Amolatar,1.72355956,32.91368803,,,,,,
KYABENDA HEALTH CENTRE III,4761782,clinic,,,Kamwenge,0.32615289,30.44051698,,,,,,
People's Drug Shop Muwayo,3996068318,pharmacy,,,Bugiri,0.53396843,33.93034977,Buluguyi,,,,,
DABANI,11056452132,clinic,,,Busia,0.43707589,34.05255457,,,,,,
Ebenezer Edwaliro,10058424429,hospital,,,Masaka,-0.34751693,31.73891988,,,,,,
Christ The Rock,4052772021,doctors,,,Iganga,0.61018809,33.47758543,Central Division,,,,,
Friecca Pharmacy,8963716797,pharmacy,private,,Kampala,0.33112763,32.57449446,,,,,4,
Citizens Medical,10102653156,doctors,,,Gulu,2.77225618,32.29712672,,,,,,
Icon medical centre,8963716789,clinic,private,,Kampala,0.38183186,32.56030616,,,,,4,
LUYIITAYITA SDA H/C II,11001694576,clinic,,,Bukomansimbi,-0.16097072,31.65730370,,,,,,
Kasangati Health Centre IV,2916045,hospital,,,Wakiso,0.43593252,32.60144605,,,,,,
Joan's Clinic,6750035911,clinic,Government,operational,Kanungu,-0.94649176,29.61897496,,,,,1,
Vunamba Health Centre II,4041952372,doctors,,,Jinja,0.50005240,33.17579434,Budondo,,,,,
MAKINDYE,11010338523,clinic,,,Wakiso,0.23209570,32.59398456,,,,,,
MADI OPEI HC IV,3093883,hospital,,,Lamwo,3.60386050,33.08714959,,,,,,
Kali Health Centre II,999754702542,clinic,Government of Uganda,,Obongi,3.46987670,31.56643666,,,,,,
KITWE HEALTH CENTRE IV,8802866,hospital,,,Ntungamo,-0.98337297,30.46558817,,,,,,
MAJI C,11054959880,hospital,,,Adjumani,3.19306954,31.66092677,,,,,,
Mawano Dental Medical Clinic,4099839980,clinic,,,Kampala,0.32210317,32.57504909,"Buganda Road, Kampala",,,,,
Kampala International Medical Center,4102399359,doctors,,,Kampala,0.28468568,32.60850554,"Ggaba Road, kampala",,,,,
Lima Pharmacy,3623677438,pharmacy,,,Kampala,0.33204168,32.60603514,,,,,,
RUBIRIZI H.C II,11029992989,clinic,,,Kagadi,1.06981176,30.68978866,,,,,,
KAP CLINIC,11001478472,clinic,,,Kabale,-1.25112046,29.99179900,,,,,,
Hope for Life Medical Clinic,4086537395,doctors,,,Kampala,0.39767818,32.58170432,"Gayaza Road, kampala",,,,,
BWIGULA HEALTH CENTRE,11056451806,clinic,,,Bugweri,0.62456163,33.65035984,,,,,,
ST CHARLES,11007309056,hospital,,,Rubirizi,-0.23528157,30.09585622,,,,,,
CRANMEDIC MED. SER,11010338400,hospital,,,Mpigi,0.22791463,32.32542495,,,,,,
KANAZI POLYCLINIC,11010338097,clinic,,,Kampala,0.35026662,32.60851903,,,,,,
ST PETERS DISPENSARY HC III,11010338519,hospital,,,Kiboga,0.65902844,31.97050549,,,,,,
Agric-laboratory,9822362718,laboratory,,,Kabale,-1.26996792,29.98379177,,,,,,
ATANGI HEALTH CENTRE III,7132573,clinic,,,Tororo,0.75234023,34.28567566,,,,,,
DAKABELA HEALTH CENTRE III,6750206,hospital,,,Soroti,1.85724178,33.62640118,,,,,,
Community Care Pharmacy,5912110364,pharmacy,,,Kampala,0.25613189,32.63051600,"Ggaba Bypass, Kampala",,,,,
Kings Medical Centre,3948078585,doctors,,,Mbale,1.14471606,34.19188502,"Namagumba, Mbale",,,,,
NAWAMPADU,11056451933,clinic,,,Namutumba,0.77047925,33.69122573,,,,,,
Damary's Residence,9953268153,doctors,,,Bushenyi,-0.54387073,30.14291013,,,,,,
Doctors Clinic,10020565454,doctors,,,Arua,3.03066355,30.90171175,,,,,,
Buwona Medical Centre,4097505326,clinic,,,Kampala,0.32790353,32.56489274,"Makerere Hill Road, Kampala",,,,,
BUKALAGI,11001694573,clinic,,,Gomba,0.17797123,31.85616913,,,,,,
Nilkanth,5223525767,pharmacy,,,Hoima,1.43190613,31.35278496,,,,,,
Zee Group Pharmacy,4048796773,pharmacy,,,Iganga,0.61492077,33.47730707,Iganga,,,,,
HEALTH CENTRE II,11029993032,clinic,,,Kakumiro,0.81500283,31.36478634,,,,,,
CARDINAL NSUBUGA MEMORIAL H/C,11010338391,hospital,,,Mityana,0.28828613,32.05448437,,,,,,
NILE MEDICAL CENTRE,11056451900,clinic,,,Jinja,0.43021757,33.20346409,,,,,,
BUKWALI,11001730399,hospital,,,Kabarole,0.64211443,30.28905046,,,,,,
KAHONDO HC II,7487770,clinic,,,Bunyangabu,0.49088696,30.22492688,,,,,,
Milne Medical Centre Kigobe,4104666130,doctors,,,Kampala,0.32646595,32.53742683,"Sentema Road, Kampala",,,,,
Palz Clinic,8632128786,doctors,private,,Zombo,2.58478687,30.81585617,,,,,1,
hospital,9663389497,hospital,,,Kampala,0.29725653,32.64742053,,,,,,
Mat Drug Shop,3995681799,pharmacy,,,Butaleja,0.88405463,33.88320375,"Namayonvu, Namayonvu",,,,,
MUKONGORO HEALTH CENTRE III,2508672,clinic,,,Kumi,1.32314004,33.88691467,,,,,,
MASJID NOOR HC,11054940357,hospital,,,Arua,3.03715097,30.91332949,,,,,,
Cornerstone Pharmaceuticals,3947925171,pharmacy,,,Mbale,1.07689590,34.17494603,"Pallisa Road, mbale",,,,,
Lite Mediqu Pharmacy,8457592317,pharmacy,,,Wakiso,0.34823828,32.66213882,,,,,,
Kigarama Health Center III,9471369517,clinic,,,Sheema,-0.50288624,30.39071137,,,,,,
Trust Care Clinic,6735301026,doctors,,operational,Rubirizi,-0.21087506,29.89504166,,,,,1,
OKOCHO HEALTH CENTRE II,11151161574,hospital,,,Katakwi,2.12855477,34.04932737,,,,,,
Lubowa Pharmaceuticals Ltd,8441963117,pharmacy,,,Mpigi,0.06421607,32.10857874,,,,,,
Care Drug Shop,3955077826,clinic,,,Mbale,1.08674732,34.16438416,mbale,,,,,
KAHUNGYE,11001446290,hospital,,,Kabale,-1.45849553,29.93234935,,,,,,
Odrava,5332973054,doctors,Kuluva branch and a named,operational,Arua,3.05657595,30.85488567,,,,,,
Virunga,10671598894,pharmacy,,,Kanungu,-0.74793277,29.70164970,,,,,,
KADUGULU HC III,11073166733,hospital,government,,Serere,1.52679874,33.21767150,,,,,,
HEALTH CENTRE II,11010338216,clinic,,,Mukono,0.67970642,32.82504044,,,,,,
NAMBALE HC III,2975351,hospital,,,Iganga,0.77760772,33.50280314,,,,,,
NAJJA,11010338019,clinic,,,Buikwe,0.22406709,33.11830982,,,,,,
TIANSHI HEALTH PRODUCTS,11029979775,clinic,,,Kyenjojo,0.61140976,30.64232437,,,,,,
AKOBOI HEALTH CENTRE II,11151161567,hospital,,,Katakwi,1.85120505,33.94971247,,,,,,
MUKWANO MEDICAL SVS LTD & PHARMACY,11001694723,doctors,,,Kalungu,-0.14450296,31.87844529,,,,,,
Peace Drug Shop,3955128190,pharmacy,,,Mbale,1.05666609,34.16037795,"Musoto Road, mbale",,,,,
Busaba Health Centre 3,4893670,doctors,,,Butaleja,0.85618740,33.85067718,Busaba,,,,,
PATIENCE MEDICAL CARE CLINIC,11001694614,clinic,,,Ssembabule,-0.24002347,31.49093063,,,,,,
Ewuta,5354389846,doctors,,operational,Arua,2.96991822,30.92278662,,,,,,
Specialized Medical & Surgical Center,4105120490,clinic,,,Kampala,0.28228276,32.60135058,Kampala,,,,,
Pogo Health Centre II,5456940747,doctors,,,Amuru,3.20388832,32.04582687,,,,,,
Pag Mission Hospital,9909273835,hospital,,,Lira,2.23567054,32.89839165,,,,,,
Naum's Drug Shop,10147626105,pharmacy,private,operational,Bundibugyo,0.80041379,30.14526083,,,,,,
Gift Medical Clinic,4107569779,clinic,,,Kampala,0.24649706,32.61907378,"Lukuli Road, kampala",,,,,
Jesus Reigns,3946127490,clinic,,,Mbale,1.14329029,34.15542307,"Entembe Road, mbale",,,,,
BUDUMBA H/C III,11056452210,hospital,,,Butaleja,0.81977808,33.85820992,,,,,,
KASESE TOWN COUNCIL DISPENSARY,11001734006,clinic,,,Kasese,0.18059904,30.07816630,,,,,,
HEALTH CENTRE 111,11054959813,hospital,,,Obongi,3.19382517,31.52646906,,,,,,
MORULEM HEALTH CENTRE II,4751353,hospital,,,Kaabong,3.60626502,34.18091990,,,,,,
Good News Medical Centre,4104666115,doctors,,,Kampala,0.32513373,32.53948878,"Sentema Road, kampala",,,,,
Citronet Pharmacy (Wholesale),8591761717,pharmacy,,,Wakiso,0.43758325,32.60219405,,,,,,
Life Care Medical Centre,3990606466,clinic,,,Tororo,0.69149909,33.98233006,"Nabuyoga Road, Nabuyoga",,,,,
NAMBIESO HC III,450332502613,hospital,,,Kwania,1.86842299,32.79430819,,,,,,
Extra Care,8558270117,pharmacy,,,Kiryandongo,1.83070208,31.94216645,,,,,,
ABAKO HEALTH CENTRE II,11073166870,hospital,,,Alebtong,2.14273234,33.22443452,,,,,,
KIZIBA HEALTH CENTRE II,11029992819,clinic,,,Kamwenge,0.25318180,30.41456082,,,,,,
Resty Medicare,7441356685,birthing_center;clinic;laboratory,,operational,Mukono,0.31820483,32.72364196,"Kitale, 495",,,True,2,
Police Health Centre,10102769128,hospital,,,Gulu,2.77128723,32.30250446,,,,,,
KYAKAPEYA HEALTH CENTRE II,11029992931,clinic,,,Hoima,1.44535229,31.41825173,,,,,,
Abala Drug Shop.,5789319896,doctors,,non operational,Obongi,3.49542994,31.65155824,,,,,2,
S/KASAWO,11056452179,clinic,,,Mukono,0.74757830,32.80207486,,,,,,
BUYUNGA HEALTH CENTRE 11,11056451870,clinic,,,Kaliro,0.89183379,33.50916978,,,,,,
HEALTH CENTRE II,11151161572,hospital,,,Moroto,2.53169162,34.66254338,,,,,,
NKOOKO,11029992980,hospital,,,Kakumiro,0.96082523,31.42851194,,,,,,
KITOORO,11010338449,clinic,,,Wakiso,0.05910453,32.46159005,,,,,,
Kulikulinga Community Drugshop,5559515006,pharmacy,Quality Care,operational,Yumbe,3.34669407,31.25083596,,,,,1,
His Grace Community Hospital,8435293818,hospital,,,Wakiso,0.20171876,32.54034985,,,,,,
Rapha Drug Shop,3955077848,clinic,,,Mbale,1.08391398,34.17278593,"Kakungulu Drive, mbale",,,,,
Mugabi Medical Centre,8591782020,clinic,,,Wakiso,0.43742332,32.60214912,,,,,,
MUWUNAMI HEALTH CENTRE 11,11073166732,hospital,,,Nakasongola,1.46501045,32.52072656,,,,,,
AJELUK,11056438792,hospital,,,Ngora,1.54599146,33.82489546,,,,,,
MUYENJE,11010338029,hospital,,,Kiboga,0.77935317,32.11321745,,,,,,
Mayfair clinic,8498745521,clinic,,,Kampala,0.28589176,32.56884539,,,,,,
PURONGO HEALTH CENTRE III,3283704,hospital,,,Nwoya,2.53693592,31.84019984,,,,,,
ADWIR HC II,11151230040,hospital,,,Alebtong,2.31295873,33.40294727,,,,,,
KAKABARA,11029979770,clinic,,,Kyegegwa,0.52873024,30.95409546,,,,,,
HEALTH CENTRE,11056451931,clinic,,,Tororo,0.70943184,34.28131456,,,,,,
Kagadima Health Centre II,5456940767,doctors,,,Amuru,2.82239806,32.13926422,,,,,,
OJUL HEALTH CENTRE II,11073118357,hospital,,,Alebtong,2.12160717,33.20306327,,,,,,
Health centre 2,3994268147,doctors,,,Tororo,0.72839036,34.16296577,tororo,,,,,
RUKUNGIRI CENTRAL CLINIC,11001478354,clinic,,,Rukungiri,-0.79005535,29.92576134,,,,,,
Light Medical Center,8951390218,clinic,,,Kampala,0.35985275,32.57730642,,,,,,
Mediline Pharmcy,8424244419,pharmacy,,,Wakiso,0.38012455,32.64704779,Namugongo Road,,,,,
Barize,5328918857,clinic,Adumi H/CIV,operational,Arua,3.03871018,30.83334845,,,,True,,
NYARWIMUKA HC II,9761004,clinic,,,Rukungiri,-0.62843667,29.87938133,,,,,,
KEBULA HEALTH CENTRE 3,6687261,hospital,,,Budaka,1.09116592,33.95161936,,,,,,
Health Facility,5299223122,clinic,MTI;CARE,operational,Arua,3.23428998,31.28175998,,,,True,,
HEALTH CENTRE II,11001694627,clinic,,,Gomba,0.25285842,31.82432544,,,,,,
BUSALAMU HC II,11056452283,clinic,,,Luuka,0.67110835,33.38645319,,,,,,
Neural Clinic,3953637071,clinic,,,Sironko,1.21494953,34.30086133,"Bunasa Road, Buhugu",,,,,
Faith Drug Shop,10102833336,doctors,,,Gulu,2.75599939,32.30355388,,,,,,
AID POST E,11056452255,clinic,,,Sironko,1.14312366,34.32131577,,,,,,
St. Francis Maternity Home HC II,7651409934,clinic,private_non_profit,,Kalungu,-0.14330175,31.87769369,,,,,,
Mulonox Medical Centre,4099298484,doctors,,,Wakiso,0.36038902,32.55546779,"Lugoba Road, Kampala",,,,,
Drug shop,5215672037,pharmacy,Refugees,,Yumbe,3.52407828,31.36254829,,,,,,
HEALTH CENTRE III,11001694778,hospital,,,Bukomansimbi,-0.29140353,31.63395943,,,,,,
CLINIC,11010338323,clinic,,,Mukono,0.25527317,32.81470145,,,,,,
Musawo's Dental Clinic,4100092165,doctors,,,Kampala,0.25628562,32.63574044,"Ggaba Trading Centre Street, Kampala",,,,,
Butebo Health Centre 4,6408842,clinic,,,Butebo,1.19407583,33.90303608,"Kanyumu Road, Butebo",,,,,
SEETA,11029979789,clinic,,,Kiboga,0.81296050,31.68762456,,,,,,
KAMUDA HC III,5677076,hospital,,,Soroti,1.73734838,33.50317848,,,,,,
ST BERNARD H/C,11001694783,hospital,,,Rakai,-0.79345530,31.43098778,,,,,,
KYABARO,11001478439,hospital,,,Kabale,-1.39436258,30.03845150,,,,,,
ONGINO LEPER CENTRE,11073166737,hospital,,,Kaberamaido,1.78892927,33.16477859,,,,,,
KIBAARE HEALTH CENTRE II,11007308992,hospital,,,Rwampara,-0.79331440,30.40929598,,,,,,
John Ring,5789318241,doctors,Private,operational,Adjumani,3.46983328,31.88052166,,,,,0,
Mwesigwa Dental Clinic,8502441317,clinic,,,Wakiso,0.20989002,32.54155148,,,,,,
Wandegeya Medical Champers,8963716805,clinic,private,,Kampala,0.33434067,32.57284607,,,,,6,
AAR Victoria Medical Centre,663674261,clinic,,,Wakiso,0.05537634,32.46468189,"Julia Sebutinde Road, Entebbe",,,,,
St . John Drug Shop,3968727731,doctor,,,Pallisa,1.28168013,33.70816245,"Agule Road, Agule Subcounty",,,,,
God's Grace Drug Shop,4398592925,clinic,,,Bugiri,0.56575370,33.75211346,,,,,,
Imran Clinic,4089998433,clinic,,,Wakiso,0.36772478,32.55420983,"Lugoba Road, kampala",,,,,
Lacor Health Centre II,5456940763,doctors,,,Amuru,3.00820742,32.14462805,,,,,,
BUBIRO HEALTH CENTRE II,1604651,clinic,,,Buikwe,0.19435593,33.04973127,,,,,,
SOURCE OF THE NILE,11056451864,clinic,,,Jinja,0.42092614,33.19680458,,,,,,
KIDDAWALIME NURSING HOME HEALTH CENTRE II,11001694673,clinic,,,Butambala,0.07058397,31.90462122,,,,,,
BUHAGURA HC II,11001734177,clinic,,,Kasese,0.22815779,30.05784714,,,,,,
RUGYEYO HEALTH CENTRE III,11001478462,hospital,,,Kanungu,-0.89865665,29.82912973,,,,,,
OWEKO,11066741218,hospital,,,Nebbi,2.41865394,31.10203949,,,,,,
Industrial Medical Services,4114253393,clinic,,,Kampala,0.31523697,32.59111066,"Jinja Road, Kampala",,,,,
BUGOBANGO HEALTH CENTRE II,7006683,clinic,,,Butambala,0.10011819,31.90599518,,,,,,
Naya Drug Shop.,5789319894,doctors,,non operational,Obongi,3.47357496,31.61152493,,,,,2,
Kirabo Clinic,662373177,doctors,,,Kampala,0.29003770,32.63132896,,,,,,
Unyama Health Centre III,10102878021,hospital,,,Gulu,2.79649119,32.34857308,,,,,,
Kisansa Kanyanya Domiciliary Clinic,4086729489,clinic,,,Kampala,0.36928826,32.57222422,kampala,,,,,
TAKAJUNGE,11001694558,clinic,,,Masaka,-0.41055496,31.66314186,,,,,,
KOLIDID HC II,11080417497,hospital,,,Adjumani,3.19467183,31.75505697,,,,,,
St Perusi Memorial Clinic,4041947955,clinic,,,Jinja,0.64813213,33.17247477,"Kamuli Road, Buwenge Town Council",,,,,
BULYANSIME,11056452246,clinic,,,Bugweri,0.54744494,33.58517965,,,,,,
Dr. Sheikh Ahmad Mukuye,4089998421,clinic,,,Kampala,0.36699254,32.56057748,"Bombo Road, Kampala",,,,,
Kaliiro HC III,4327527,clinic,,,Lyantonde,-0.28880002,31.16381663,,,,,,
HEALTH NEW CENTRE,11073166774,hospital,,,Nakasongola,1.41054996,32.25619252,,,,,,
MULAMA,11056452043,clinic,,,Namutumba,0.90280377,33.64817292,,,,,,
IRIRI HC III,11151161593,hospital,,,Napak,2.12357306,34.22877805,,,,,,
Drug Shop,5789318209,doctors,Rigbo Medical Center;Independent,operational,Adjumani,3.26363327,31.95482170,,,,,1,
IVUKULA,11056452243,clinic,,,Namutumba,0.94322877,33.62574764,,,,,,
KANGALABA HEALTH CENTRE III,8330905,clinic,,,Butaleja,0.91253172,34.08362402,,,,,,
BWANGA HC II,2679884,clinic,,,Rukungiri,-0.95406372,30.04039518,,,,,,
Moon pharmacy,8463975817,pharmacy,,,Mukono,0.36853187,32.71207225,,,,,,
Norvik Clinic,8232989,clinic,,,Kampala,0.36826483,32.55904158,,,,,,
HEALTH CENTRE III,11056451981,clinic,,,Namutumba,0.87064065,33.60619685,,,,,,
Value Your Body,10102878020,doctors,,,Gulu,2.76277926,32.31144125,,,,,,
HIMA CLINIC,11001734170,clinic,,,Kasese,0.29591869,30.17902674,,,,,,
Ala Lower,5354389864,doctors,,operational,Arua,2.91517165,30.90840328,,,,,,
Honest Friends Clinic Onduparaka,10023811314,doctors,,,Arua,3.03706959,30.89098744,,,,,,
Namulundu Medical Center,8556078017,hospital,,,Wakiso,0.18338862,32.53737042,,,,,,
Sure Life Medicare,10029229159,clinic,,,Mbale,1.14834190,34.19902313,Mbale,,,,,
Bushenyi Health Center IV,2626063,hospital,,,Bushenyi,-0.54198337,30.19642053,,,,,,
Sema Medical Centre,10003649082,clinic,,,Mbale,1.08200157,34.15449787,,,,,,
St. Balikuddembe Clinic,5916788363,clinic,,,Kampala,0.25592528,32.63558495,"Ggaba Road streets, Kampala",,,,,
NANGONDE HEALTH CENTRE II,11056452122,clinic,,,Namutumba,1.00888723,33.64134435,,,,,,
KIROKOLA H.C11,11010338154,clinic,,,Butambala,0.23307420,32.19168372,,,,,,
Gen Drug Shop,10198909175,pharmacy,private,,Lira,2.24033993,32.88721497,Lira,,,,1,
ST Cecilia,8963738636,clinic,private,,Kampala,0.34756840,32.57345443,,,,,4,
Rite Aid Clinic,4114689533,clinic,,,Kampala,0.31449793,32.63579752,"Portbell Road, kampala",,,,,
AMURIA HC IV,11151230006,hospital,,,Amuria,2.03207110,33.64152112,,,,,,
BIKUNGU HEALTH CENTRE II,2685833,clinic,,,Rukungiri,-0.80237658,29.97996493,,,,,,
Trinity Cares Medical Clinic,10583475439,clinic,private,,Hoima,1.42701964,31.34542196,Hoima,,,,,
Buteza Health Centre,3954014985,clinic,,,Sironko,1.11753078,34.30340582,Buteza,,,,,
CLINIC,11010338461,clinic,,,Mityana,0.53407798,32.08345415,,,,,,
Hope Nursing Clinic,8088780,clinic,,,Kampala,0.36901827,32.60228809,"Kisaasi-Kikaya Road, kampala",,,,,
Divine Clinic,4041952340,doctors,,,Jinja,0.52275965,33.15450380,"Kamuli Road, Budondo",,,,,
Eluzia Pharmacy,8562021717,pharmacy,,,Kampala,0.33458567,32.56143839,,,,,,
Family Care Medical Centre,10102833335,doctors,,,Gulu,2.76587562,32.25086884,,,,,,
AID POST C,11056452111,clinic,,,Bulambuli,1.29853127,34.32464506,,,,,,
Ruty Pharmacy,3950443806,pharmacy,,,Kampala,0.33277426,32.60680594,,,,,,
Mother Kevin Drugshop,3998033282,pharmacy,,,Bugiri,0.51880339,33.75473516,Kapyanga,,,,,
BUHANDA HC II,5162629,hospital,,,Kitagwenda,-0.06433190,30.35759674,,,,,,
Addy Memorial Hospital,2527162,hospital,,,Kampala,0.36731314,32.57895816,Bahai Road,,,,,
KAFUNJO,11001478412,doctors,,,Kabale,-1.26552082,30.07745744,,,,,,
Bio+ Medical Clinic,4102724065,clinic,,,Kampala,0.28539136,32.59710875,"Ggonya Road, Kampala",,,,,
KYEMPARA HEALTH CENTRE II,11001734011,clinic,,,Kasese,0.00015159,29.74790247,,,,,,
Jolis Pharmacy,8684522817,pharmacy,,,Kampala,0.36899162,32.57639690,,,,,,
Drug shop,5215672046,pharmacy,Refugee,,Yumbe,3.52119649,31.33583416,,,,,,
Josh Pharmacy,3404121869,pharmacy,,,Kampala,0.35983037,32.56192202,,,,,,
KITALYA,11010338078,clinic,,,Wakiso,0.43686660,32.23242027,,,,,,
Maria Healthcare and Dental services,8465182017,clinic,,,Wakiso,0.39804766,32.63795745,,,,,,
Crista Medical Centre,3914593,pharmacy,,,Kampala,0.31854145,32.57643738,,,,,,
LWANDA,11056451813,clinic,,,Jinja,0.52815374,33.22152206,,,,,,
HEALTH CENTRE II,11001694666,clinic,,,Kalungu,-0.22737006,31.77168097,,,,,,
MAKONDO,11001694660,clinic,,,Lwengo,-0.50100844,31.47871359,,,,,,
MERCY HEALTH CENTRE II,11056452332,clinic,,,Iganga,0.61867226,33.48226899,,,,,,
Chanya Health Center II,5354389838,clinic,Government,operational,Madi Okollo,2.73140496,31.18777664,,,,True,,
NAAMA H/C II,11010338008,hospital,,,Mityana,0.41472328,31.98264107,,,,,,
Blancet laboratories Uganda,10734507810,laboratory,,,Hoima,1.42901186,31.35825307,,,,,,
Home,4097455442,pharmacy,,,Kampala,0.33461869,32.56144392,"Kimera street, Kampala",,,,,
IBOA,11054940381,hospital,,,Obongi,3.54283295,31.73805990,,,,,,
People's Drug Shop,8963738650,doctors,private,,Kampala,0.34124375,32.57571729,,,,,3,
Buffalo Health Centre,4102399340,doctors,,,Kampala,0.28465367,32.60852884,"Kansanga Ggaba Road, kampala",,,,,
KAPELABYONG HC III,11151161565,hospital,,,Kapelebyong,2.27556798,33.77574699,,,,,,
ST FRANCIS,11056452083,clinic,,,Tororo,0.69271355,34.18131778,,,,,,
LWEBITAKU,11001694520,hospital,,,Ssembabule,-0.25552622,31.35199128,,,,,,
Idudi Clinic,4048894480,clinic,,,Bugweri,0.62317426,33.61600946,Ibulanku,,,,,
Grace Fair Way,3998656336,pharmacy,,,Namayingo,0.34182394,33.87695202,"Main Street, Namayingo Town Council",,,,,
OCHEGEN HEALTH CENTRE II,11056452381,clinic,,,Tororo,0.75797387,34.26022184,,,,,,
Lookout Pharmacy,9909142405,pharmacy,,,Lira,2.25725839,32.89650287,,,,,,
Faith Drug Shop,668725676,pharmacy,,,Wakiso,0.04140673,32.46576617,Entebbe,,,,,
The People's Medical Center,8963738621,clinic,private,,Kampala,0.34530663,32.58552328,,,,,2,
Graceland Medical Clinic,3392641999,clinic,,,Kampala,0.29783572,32.55584799,,,,,,
Ruth Medical Clinic,4105119582,doctors,,,Kampala,0.26585959,32.59362456,"Salaama Road, Kampala",,,,,
Hoima Pharmacy,3334349748,pharmacy,,,Hoima,1.43091547,31.35288278,,,,,,
GOOPI HEALTH CENTRE II,2415038,hospital,,,Moyo,3.69778157,31.77142750,,,,,,
FAMILY DOCTORS,11010338056,hospital,,,Kampala,0.34381833,32.59116774,,,,,,
Andama,5566723154,pharmacy,,,Yumbe,3.34856533,31.19798303,,,,,,
NKURUBA HEALTH CENTRE III,5059976,hospital,,,Kabarole,0.52514413,30.30399078,,,,,,
MPIGI,11010338514,hospital,,,Mpigi,0.22566183,32.32199239,,,,,,
HEALTH CENTRE II,11001446299,clinic,,,Rukungiri,-0.75608752,29.98376495,,,,,,
GBOROKOLONGO*,11054959854,hospital,,,Koboko,3.42922832,31.06408590,,,,,,
AGIERIMACH,11066739664,hospital,,,Zombo,2.57454988,30.86313413,,,,,,
Nkozi Hospital,8708150,hospital,private_non_profit,,Mpigi,-0.00759874,32.03096936,,,,,,
BIGUSYO H/C II,11007308905,hospital,,,Kazo,0.09989774,30.67082779,,,,,,
KACHUMBALA,11056452450,hospital,,,Bukedea,1.20872655,34.12137435,,,,,,
ONGINO HC III,1131974,clinic,,,Kumi,1.55809635,34.00852594,,,,,,
Namutumba Health Center 3,7460457,clinic,,,Namutumba,0.83618063,33.68799383,"Mbale Jinja Road, Namutumba Town Council",,,,,
RUSHERE HOSPITAL,11007309064,hospital,,,Kiruhura,-0.21033317,30.94793669,,,,,,
Joy Pharmacy,8481604117,pharmacy,,,Wakiso,0.14823953,32.54550799,,,,,,
Bulange Health Center III,3641163,hospital,,,Namutumba,0.73997784,33.70316265,Namutumba,,,,,
KYAMULIBWA HEALTH CENTRE IV,11001694677,hospital,,,Kalungu,-0.07862028,31.74771828,,,,,,
Kalule Health Center,4090056200,doctors,,,Kampala,0.34586335,32.56785389,"Bombo Road, Kampala",,,,,
Ochodri Medical Center,8453952019,clinic,,,Arua,3.06746547,31.08367449,Rhino Camp Road,,,,,
NAMWIWA HEALTHCENTRE III,11056452142,hospital,,,Kaliro,1.09160136,33.55288426,,,,,,
Cure Medical Clinic,3996068285,clinic,,,Bugiri,0.53515724,33.93030879,Buluguyi,,,,,
ST PAUL CLINIC,11010338434,clinic,,,Kampala,0.30847202,32.61156896,,,,,,
Bronze Medical Centre,3997879781,clinic,,,Busia,0.47143767,34.04441297,"Busia Road, Busia",,,,,
Al-Fattah Medical Clinic,10020547610,doctors,,,Arua,3.03045249,30.91325590,,,,,,
KYAMWASHA HEALTH CENTRE II,11007285496,hospital,,,Ntungamo,-0.92757246,30.52007934,,,,,,
Makhai Health Centre,3947989758,clinic,,,Mbale,0.94772406,34.16426497,"Tororo Road, mbale",,,,,
IBIBIAWORO,11054940366,hospital,,,Adjumani,3.41504832,31.91575264,,,,,,
Shalom Medical Centre - Eddwaliro,5526271703,clinic,,,Wakiso,0.19393297,32.55243605,"Airport Road, Kajjansi",,,,,
BUIKWE,11010338196,hospital,,,Buikwe,0.35024172,33.03060762,,,,,,
HEALTH CENTRE III,11001478364,hospital,,,Kanungu,-0.89889411,29.77893923,,,,,,
Jiako,5354389842,doctors,,operational,Arua,2.83484913,31.02061894,,,,,,
Mobile Clinic Kavule,6007027148,doctors,Medical Team,operational,Kikuube,1.15131706,30.78737782,,,,,7,
HEALTH CENTRE II,11056451913,clinic,,,Bugweri,0.76071383,33.59818182,,,,,,
SSEKANYONYI HEALTH CENTRE III,11010338375,hospital,,,Mityana,0.50045599,32.14243853,,,,,,
BUTITI HEALTH CENTRE 2,7805071,clinic,,,Rakai,-0.60382011,31.44037082,,,,,,
MUSINGA MEDI CARE CENTRE,11001478420,hospital,,,Ntungamo,-0.77099935,30.16865112,,,,,,
GOOD SHEPHERD H/UNIT II,11080473498,hospital,,,Nwoya,2.63793124,32.00063148,,,,,,
NKOMBE HCII,11056452231,clinic,,,Bugweri,0.65786260,33.65188283,,,,,,
Lalar Drug Shop,10102721864,doctors,,,Gulu,2.74377028,32.29965135,,,,,,
TOONYA HEALTH CENTRE II,11029992835,clinic,,,Hoima,1.58595947,31.09044656,,,,,,
RUGARAMA HEALTH CENTRE II,11007308943,hospital,,,Kitagwenda,0.04393924,30.35817199,,,,,,
HEALTH CENTRE,11001734061,clinic,,,Bundibugyo,0.76669734,30.10673199,,,,,,
Jesus Is My Shepherd,4102222539,clinic,,,Kampala,0.32989666,32.54864416,"Namungona Road, kampala",,,,,
Kamanke Drug Shop,3967524068,doctors,,,Kaliro,1.09389599,33.40887956,"Irundu Road, Nawaikoke",,,,,
KAPYANGA,11056451846,clinic,,,Bugiri,0.55377252,33.78460977,,,,,,
KYOWOLA,11010338122,clinic,,,Kampala,0.27164948,32.59024497,,,,,,
Garden City Drug Shop,5581884796,pharmacy,private,operational,Yumbe,3.47235992,31.25221998,,,,,3,
Police Cell,5496024012,clinic,Ministry Of Health;CUAM,operational,Arua,3.01717824,30.91127324,,,,,7,
NTWETWE,11029992924,hospital,,,Kyankwanzi,0.94945476,31.58926678,,,,,,
BR Healthcare Clinic,610939294,doctors,,,Kampala,0.30206388,32.64444018,,,,,,
NARIWOSE HEALTH CENTRE II,11080473479,hospital,,,Kaabong,3.37618739,34.23656023,,,,,,
HEALTH CENTRE II,11001478351,clinic,,,Ntungamo,-0.82957083,30.06811279,,,,,,
Adraka,5496024018,doctors,Individual,operational,Arua,2.69827826,30.85500997,,,,,1,
ALISO HEALTH CENTRE II,11066739671,hospital,,,Arua,3.02996735,31.07570783,,,,,,
FFE MMWE Pharmacy,3199661326,pharmacy,,,Luwero,0.84524943,32.48793488,,,,,,
Tuliki Health Center II,5749735,clinic,Ministry Of Health,operational,Yumbe,3.52488822,31.19615997,,,,,4,
TOPCARE,11010338481,clinic,,,Kampala,0.36822820,32.57759937,,,,,,
KATIKARA H.C II,11029979778,clinic,,,Kakumiro,1.13817314,31.31224865,,,,,,
Jafo Domicilliary Clinic,4102222537,clinic,,,Kampala,0.33510333,32.54617988,kampala,,,,,
KIRAGGA HEALTH C III,11001694761,hospital,,,Kalungu,-0.03357996,31.83309593,,,,,,
KATERERA,11007308944,hospital,,,Rubirizi,-0.19165377,30.18237062,,,,,,
WAKISI HEALTH CENTRE 11,11056452173,clinic,,,Buikwe,0.51004396,33.11393698,,,,,,
GALIRAYA HC III,4610059,hospital,,,Kayunga,1.35148470,32.81953889,,,,,,
Byibesho Human Drug Shop,8336695389,pharmacy,private,,Kisoro,-1.24061006,29.69020664,,,,,2,
Kapyanga Health Center II,3998032248,doctors,,,Bugiri,0.53722438,33.75048444,Kapyanga,,,,,
KYEKUMBYA HEALTH CENTRE II,4197054,clinic,,,Kiboga,0.86493433,31.85892904,,,,,,
Christophe Drug Shop,10020547590,doctors,,,Arua,3.11378026,30.86223400,,,,,,
M-Kay Pharmacy,1247071234,pharmacy,,,Kampala,0.29745912,32.55560575,,,,,,
BUHARWA,11001734085,hospital,,,Kasese,0.23425923,30.11306997,,,,,,
Family First Aid Drug Shop,5559514982,pharmacy,Family First Aid Drug Shop,operational,Yumbe,3.34484670,31.12706492,,,,,2,
KYARUSOZI HC IV,2456001,hospital,,,Kyenjojo,0.77730623,30.56139592,,,,,,
NYAKAGYEME CHURCH OF UGANDA HEALTH CENTRE II,11001478455,clinic,,,Rukungiri,-0.81044483,29.85142509,,,,,,
TRUE VIVE MEDICAL CENTRE,11056451993,clinic,,,Tororo,0.66445672,34.14791506,,,,,,
Cwiny Maleng Medical Clinic,8632128745,doctors,private,,Zombo,2.42450996,30.98626395,,,,,5,
St. John Bosco Drug Shop,5309760251,pharmacy,,,Arua,3.01360998,30.96300325,,,,,,
BUGALO HEALTH CENTRE II,11056452000,clinic,,,Butaleja,0.91555809,33.83012048,,,,,,
Geno Community Nursing Home,3990269116,doctors,,,Tororo,0.73676447,34.10902144,"Kisoko Peta Road, Kisoko",,,,,
God's Glory Human Drug Shop,8274304207,pharmacy,private,,Kisoro,-1.34015672,29.77796827,,,,,2,
HIMA HEALTH CENTRE III,1575511,hospital,,,Kasese,0.29978686,30.18150309,,,,,,
BUTHALE H/C II,8391890,clinic,,,Kasese,0.15600503,29.98160828,,,,,,
HEALTH CENTRE II,11001694644,clinic,,,Kyotera,-0.75505093,31.56495482,,,,,,
POTIKA H/C II,3647536,hospital,,,Lamwo,3.71867539,32.88089157,,,,,,
KIRINGA,11056451881,clinic,,,Iganga,0.82870565,33.42182373,,,,,,
BUKURUNGO,11007285465,hospital,,,Kitagwenda,0.00453465,30.30125887,,,,,,
Ngun Kaka Drug shop,5215672047,pharmacy,Refugee,,Yumbe,3.52703994,31.33284324,,,,,,
TOP MEDICAL CLINIC,11056452212,clinic,,,Bugweri,0.77507706,33.61977972,,,,,,
NGETTA HEALTH CENTRE 2,11073166742,hospital,,,Lira,2.31148712,32.92642065,,,,,,
Life Line Medicines,10023811295,doctors,,,Arua,3.02968136,30.90329895,,,,,,
KOBWIN HEALTHCENTRE III,11056438794,hospital,,,Ngora,1.39743329,33.74115697,,,,,,
Ewanga Health Centre,5299222403,clinic,Arua Local Government;IDI,operational,Madi Okollo,3.17756495,31.46496324,,,,True,,
ST Paul Medical Centre,2530759,clinic,private,,Kampala,0.34178438,32.57494993,,,,,3,
HEALTH CENTRE III,11007308955,hospital,,,Kazo,-0.11041695,30.59842005,,,,,,
Victorious Medical Center,6749856220,clinic,Victorious Medical Center,operational,Kanungu,-0.88684932,29.63593927,,,,,3,
Kyenjo,8141975118,hospital,,,Kyenjojo,0.61392625,30.63979136,,,,,,
Double Dawa Drug Shop,5573437709,pharmacy,Private,operational,Yumbe,3.41028179,31.11228654,,,,,1,
KIYUMBA,11001694663,hospital,,,Masaka,-0.33851477,31.81880436,,,,,,
Medisure medical clinic,8684544617,clinic,,,Kampala,0.37204154,32.57638139,Gayaza Road,,,,,
ST JOSEPH,11029992953,clinic,,,Mubende,0.67249782,31.48945583,,,,,,
Cure Clinic Labarotory & Diagnostic Centre,4104857869,doctors,,,Kampala,0.29125207,32.63040619,"Kiyingi Bypass, kampala",,,,,
OPENZIZI,11054940376,hospital,,,Adjumani,3.33560574,31.75166129,,,,,,
MIREMBE CLINIC,823100102862,clinic,,,Kampala,0.35030802,32.59821306,,,,,,
Kira Health Center IV,5458706,doctors,,,Wakiso,0.39822292,32.64043916,Mbogo Road,,,,,
Alpha and Omega Drug Shop,3990240789,pharmacy,,,Tororo,0.83834777,34.17514527,Molo,,,,,
Life Care Drug Shop Endru,10023811297,doctors,,,Arua,3.02785209,30.91507812,,,,,,
Genesis Pharmacy,4107809613,pharmacy,,,Kampala,0.36670395,32.60423437,"Kisaasi Road, kampala",,,,,
HEALTH CENTRE III,11010338444,clinic,,,Buikwe,0.17102297,32.97239069,,,,,,
KASAMBYA,11001694518,hospital,,,Kalungu,-0.02360742,31.73966009,,,,,,
Health Step Medical,10102721897,doctors,,,Gulu,2.74332638,32.29790523,,,,,,
SHARED BLESSING HEALTH CENTRE TWO,11056452366,clinic,,,Sironko,1.23251959,34.26658538,,,,,,
TIMU HEALTH CENTRE II,1966650,hospital,,,Kaabong,3.65428905,34.27545217,,,,,,
Dashe pharmacy,8463966518,pharmacy,,,Mukono,0.36836683,32.71258556,,,,,,
Always Medical Centre,4105119515,clinic,,,Kampala,0.25245249,32.60695095,"Salaama Road, Kampala",,,,,
St Kathryn Medical Center Kadama,3968713248,doctors,,,Kibuku,1.01684719,33.88149258,"Tirinyi Road, Kadama",,,,,
KIJURA H/C III,4115171,hospital,,,Kabarole,0.75267978,30.40560132,,,,,,
HEALTH CENTRE II,11029992865,clinic,,,Gomba,0.26993068,31.33851402,,,,,,
MEDICAL STORE,11010338031,hospital,,,Mukono,0.15521763,32.80168980,,,,,,
Mercy medical center,11112086305,clinic,,,Wakiso,0.39751205,32.47823769,,,,,,
NAMUYENJE HEALTH CENTRE II,5413087,clinic,,,Mukono,0.33207235,32.78528298,,,,,,
Dubo Drug Shop,5559515017,pharmacy,Dubo Magid,operational,Yumbe,3.63997737,31.14581054,,,,,0,
Marie Stopes,7239057685,clinic,,,Kabarole,0.65416936,30.27714405,,,,,,
TUSUUBIRA CLINIC,11010338295,clinic,,,Kampala,0.29338979,32.59214037,,,,,,
Mayo Clinic,785632602883,clinic,private,,Kampala,0.35565165,32.58682667,,,,,2,
Bata,10118441851,pharmacy,,,Masaka,-0.34138540,31.73736646,,,,,,
Zeu Health Centre III,2479516,clinic,government,,Zombo,2.41827123,30.98249126,,,,,16,
KAYONZA,11001654291,clinic,,,Rakai,-0.60666241,31.18780312,,,,,,
HEALTH CENTRE III,11056452236,clinic,,,Ngora,1.38748766,33.69332497,,,,,,
ODUBI,11054959811,hospital,,,Madi Okollo,3.12925292,31.34725458,,,,,,
MALIBA HEALTH CENTRE III,8127808,hospital,,,Kasese,0.33389324,30.10099994,,,,,,
HEALTH CENTRE II,11010338406,clinic,,,Mityana,0.52069837,32.08185665,,,,,,
Global Medical Centre,9909163220,doctor,,,Lira,2.25802759,32.89735464,,,,,,
Pearl Clinic,4050456376,clinic,,,Luuka,0.92495286,33.39397972,Bukooma,,,,,
Masaba Family Clinic,3955128186,clinic,,,Mbale,1.05682543,34.16014183,"Marare Road, mbale",,,,,
DRAMBA,11054959889,hospital,,,Yumbe,3.38779037,31.08265835,,,,,,
MUKUJJU,11056452161,hospital,,,Tororo,0.74509499,34.19094029,,,,,,
Lister Pharmaceuticals Ltd,4043422969,pharmacy,,,Jinja,0.43310756,33.21296439,"Gokhale Road East, Jinja Central Division",,,,,
NAWAMPITI,11056452185,clinic,,,Luuka,0.69592172,33.30255889,,,,,,
BUZIBA,11001734079,clinic,,,Kabarole,0.63021070,30.33746274,,,,,,
BALA,11073118328,hospital,,,Kole,2.18791649,32.74390563,,,,,,
NANKOMA,11056452002,clinic,,,Bugiri,0.45130468,33.67909803,,,,,,
God's Grace Drug Shop,10020565438,doctors,,,Arua,2.99119593,30.91394497,,,,,,
MARIE STOPES CLINIC,11056452257,clinic,,,Tororo,0.69005615,34.18196738,,,,,,
Orivu Health Center III,10023482344,hospital,,,Arua,3.01383352,30.90023746,,,,,,
AGAGO HC II,11080473464,hospital,,,Pader,2.76408114,32.96142716,,,,,,
NYABIKUNGU HEALTH CENTRE,11007309058,hospital,,,Rwampara,-0.69468103,30.52400082,,,,,,
Cedar's Pharmacy,3474017390,pharmacy,,,Kampala,0.32537186,32.55832727,,,,,,
KABUGA CHURCH OF UGANDA HEALTH CENTRE III,11029992928,clinic,,,Kamwenge,0.21140103,30.53749618,,,,,,
Jalango Medical Clinic,8632128761,doctors,private,,Zombo,2.40907829,30.98594326,,,,,4,
Alibu,5406574331,doctors,Individual based,operational,Madi Okollo,2.72960822,31.02588998,,,,,,
Life Front Medical Center,4102399368,doctors,,,Kampala,0.28311902,32.60942243,"Ggaba Road, kampala",,,,,
OCERO HC III,11073166726,hospital,,,Kaberamaido,1.67985372,33.01293563,,,,,,
God's Will Drug Shop,6759234874,pharmacy,Private,operational,Kisoro,-1.34306332,29.70124167,,,,,1,
Cedarwoods Health Services,5053674217,clinic,Cedarwoods Health Services,,Kampala,0.34194498,32.59416159,"90, Kanjokya, Kampala",,,,,
GUMA HEALTH CENTRE,11001694584,clinic,,,Ssembabule,-0.07778838,31.47254384,,,,,,
Nyarugoote health center,8808788030,hospital,,,Bushenyi,-0.49726081,30.06238728,,,,,,
Ayiko,5406574336,doctors,Doctor,non-operational,Arua,2.97435166,31.08748323,,,,,,
St.Valentine Medical Centre,9140093,doctors,,,Tororo,0.69269184,34.18277607,"Bazaar Street, Tororo",,,,,
Lancet Labotatories,7239057785,clinic,,,Kabarole,0.65382797,30.27448908,,,,,,
KIKAYA COU,11010338296,hospital,,,Kampala,0.36975672,32.59796957,,,,,,
Morning Star Medical Centre,10023811285,doctors,,,Arua,3.03790769,30.88984717,,,,,,
Dental Clinic,3997879801,clinic,,,Busia,0.46555617,34.08820205,Busia,,,,,
Adyel Helath Centre II,9903650390,clinic,,,Lira,2.26704929,32.88365299,,,,,,
Buwaiswa Health Center III,8625921,hospital,,,Mayuge,0.51963060,33.51886220,Mayuge,,,,,
KACWNGOZI,11010338326,clinic,,,Kiboga,0.92168577,31.80365617,,,,,,
MORUKORI HEALTH CENTRE II,2334992,hospital,,,Kaabong,3.62162276,34.15362523,,,,,,
Maratatu B Health Center II,6007027147,clinic,AAH,operational,Kikuube,1.15931666,30.80116663,,,,,12,
Buhura clinic,9689119117,clinic,,,Bushenyi,-0.53907250,30.13702478,,,,,,
BIKOONA HEALTH CENTRE III,11056451937,clinic,,,Iganga,0.67105546,33.55803452,,,,,,
Balibia,5328918850,clinic,UNICEF,operational,Arua,3.11085816,30.89699325,,,,,,
Mewa Community Clinic,10102769171,doctors,,,Gulu,2.77883488,32.28855279,,,,,,
Good Will Medical Clinic,10033629402,clinic,,,Mbale,1.11408179,34.17277009,,,,,,
AYAA HEALTH CENTRE II,11054959826,hospital,,,Moyo,3.67361688,31.82746069,,,,,,
BUBUKWANGA HEALTH CENTRE III,6082742,clinic,,,Bundibugyo,0.76816828,30.06458912,,,,,,
MATALE,11029992884,clinic,,,Kibaale,0.78031776,31.14843743,,,,,,
KIYOMBYA,11001734229,hospital,,,Bunyangabu,0.53835929,30.22994362,,,,,,
KOCH H/C II,9505229,hospital,,,Nebbi,2.53265353,31.13599668,,,,,,
HEALTH CENTRE,11001694607,hospital,,,Kyotera,-0.79493127,31.49803278,,,,,,
Betalyf pharmacy,8684524217,pharmacy,,,Kampala,0.37261738,32.57662832,Gayaza Road,,,,,
St.Jude Drug Shop,4102726480,pharmacy,,,Kampala,0.28742808,32.59115592,Kampala,,,,,
Life Saving Medical center,11024607505,clinic,,,Wakiso,0.39862148,32.48151317,,,,,,
Nihal Medical Clinic,4847555,clinic,,,Wakiso,0.42679255,32.52741088,,,,,,
Bagenda Dental Clinic,8442102120,dentist,,,Wakiso,0.38480383,32.62592774,,,,,,
Lunar Pharmacy,7105674920,pharmacy,,,Kampala,0.28803442,32.54770715,,,,,,
KIMAKA HEALTH CENTRE 11,11056451872,clinic,,,Jinja,0.45252843,33.19071220,,,,,,
Lanori Pharmacy,4104858697,pharmacy,,,Kampala,0.29833796,32.60090717,"Ggaba Road, kampala",,,,,
Acunga Drug Shop,5559514988,pharmacy,Private,operational,Yumbe,3.36845668,31.18682496,,,,,2,
Trinity Pharmacy,3559209882,pharmacy,,,Kampala,0.38089342,32.55690336,,,,,,
PURPLE PHARMACY,11533540069,pharmacy,,,Mukono,0.35878758,32.74965109,Jinja - Kampala Road,,,,,
Al_Shafa Modern Hospital,9903650389,hospital,,,Lira,2.25542887,32.90542356,,,,,,
Lwazi Clinic,830253702950,clinic,private,,Kampala,0.38270517,32.56045309,Kawempe_II,,,,1,
Beckie's room,9463072587,doctors,,,Bushenyi,-0.54201623,30.14575897,,,,,,
Grogen pharmaceuticals limited,4075190228,pharmacy,,,Kampala,0.33551153,32.56357686,"Sir Apollo Kaggwa Road, Kampala",,,,,
Igorora Doctor's Clinic,8458220220,clinic,,,Ibanda,-0.22825318,30.54602242,,,,,,
ARRA,11054940351,hospital,,,Moyo,3.61384209,31.91046324,,,,,,
OMORO HEALTH CENTRE III,4448103,hospital,,,Alebtong,2.23636188,33.39297582,,,,,,
Rohi Medical Centre,3777961276,clinic,,,Luwero,0.60727144,32.47577156,,,,,,
ACAO HEALTH CENTRE II,11073166797,hospital,,,Kwania,1.89490452,32.71729996,,,,,,
Ofua 6 Health Centre,5328918861,clinic,UNHCR,operational,Arua,3.13199824,31.22955665,,,,,,
RUGARAMA,11001478478,hospital,,,Kabale,-1.24103561,29.97429759,,,,,,
Good Choice Medical Clinic And Laboratory Services,10020565432,doctors,,,Arua,3.01444440,30.90105897,,,,,,
Grace Medical Centre,4041886885,clinic,,,Jinja,0.59089689,33.12320837,"Budondo Road, Butagaya",,,,,
Pubungu Modern Clinic,8494569529,clinic,,,Nebbi,2.48112837,31.09847626,,,,,,
Family Health Clinic,4100092123,clinic,,,Kampala,0.28747929,32.57379767,"Salama Road, Kampala",,,,,
PALABEK-GEM HEALTH CENTRE III,9620559,hospital,,,Lamwo,3.37830022,32.65252696,,,,,,
Ayuri Drug Shop,5559514994,pharmacy,Lobe Unit Drug Shop,operational,Yumbe,3.36779157,31.22433238,,,,,0,
ST JUDE,11010338312,clinic,,,Kampala,0.28686666,32.58736864,,,,,,
NYAMIRAMA HEALTH CENTRE II,11007309061,hospital,,,Ibanda,-0.20546413,30.52939038,,,,,,
GWATTIRO,11010338268,hospital,,,Wakiso,0.35470483,32.66169533,,,,,,
BUKWIRI,11029992868,clinic,,,Kyankwanzi,1.13072096,31.59774055,,,,,,
KISASALA H/C II,11001694512,clinic,,,Lwengo,-0.36366333,31.64209859,,,,,,
ALAKAS HC I,11151161598,hospital,,,Amudat,1.85740213,34.99508189,,,,,,
Nakaseke Hospital,3338274679,hospital,,,Nakaseke,0.72034290,32.39848128,,,,,,
St. Mary's Drug Shop,3958426962,doctors,,,Bukedea,1.21431100,34.11928114,"Kumi Road, Kachumbala",,,,,
BUYOBOYA,11056451829,clinic,,,Namutumba,0.77654708,33.75801726,,,,,,
OGUR HC IV,6252699,hospital,,,Lira,2.41738869,32.93492903,,,,,,
Dental Clinic,4121584543,clinic,,,Kampala,0.31397365,32.57812868,"Burton Street, Kampala",,,,,
Ali Hakim 's Drug Shop,5338522803,doctors,,operational,Arua,3.03589997,30.91314995,,,,,,
HEALTH UNIT,11001694591,clinic,,,Ssembabule,-0.05347918,31.52803430,,,,,,
Netcare Medical Center,12775784901,hospital,,,Kampala,0.31452995,32.51895924,,,,,,
Midigo Family Life Drug Shop,5594324681,pharmacy,Private,operational,Yumbe,3.60540998,31.23272996,,,,,0,
KITABU,11001734012,clinic,,,Kasese,0.08037629,29.94566987,,,,,,
ICEME HEALTH CENTRE III,11073166799,hospital,,,Oyam,2.46428209,32.57949200,,,,,,
RAKAI HOSPITAL,11001694686,hospital,,,Rakai,-0.71349647,31.40303439,,,,,,
Al-Sifa Health Centre,5573437701,pharmacy,Ministry Of Health,operational,Yumbe,3.44116667,31.18750993,,,,,1,
Walelela Health Centre,3946121869,clinic,,,Mbale,1.03527673,34.23371692,mbale,,,,,
Jolis Pharmacy,4086729082,pharmacy,,,Kampala,0.36872734,32.57634937,"Gayaza road, Kampala",,,,,
Abba Pharmacy,8461427032,pharmacy,,,Kampala,0.35085922,32.60531195,Kiira Road,,,,,
Clinic,5306806503,doctors,Roberts drugshop;Pramacy,operational,Arua,3.23605999,31.01857166,,,,,,
NYADRI HEALTH CENTRE III,5818966,hospital,,,Maracha,3.21283826,30.94925869,,,,,,
Mobile clinic,5215672040,clinic,IRC,,Yumbe,3.28402585,31.35228607,,,,,,
MAGAMAGA HEALTHCENTRE,11056452052,clinic,,,Jinja,0.62948499,33.17594270,,,,,,
BUHANIKA,11029992905,hospital,,,Hoima,1.40561587,31.40641598,,,,,,
Dental Prince,4064826984,clinic,,,Kampala,0.32012890,32.57377646,"Bombo Road, Kampala",,,,,
Oraa Health Center II,5308494952,clinic,Government;UNICEF,non-operational,Madi Okollo,3.00802495,31.21537665,,,,True,,
Capital Health Clinic and Medical Laboratory,8616721018,clinic,,,Wakiso,0.43908998,32.60379625,,,,,,
First Care Medical Clinic,9909163226,doctor,,,Lira,2.26060017,32.90081754,,,,,,
Gahenereze Drug Shop,8274342525,pharmacy,private,,Kisoro,-1.36624087,29.77681073,,,,,1,
NAKASONGOLA MUSLIM H CENTRE,11001694658,hospital,,,Kyotera,-0.51567501,31.54300027,,,,,,
HT HEALTH CARE,11010338371,clinic,,,Kampala,0.26987654,32.60007636,,,,,,
Mongoyo Health Center II,5375452,clinic,Ministry Of Health;Marie Stopes Uganda,operational,Yumbe,3.34664328,31.12584326,,,,True,8,
Smiles Dentals,610337901,dentist,,,Kampala,0.34393174,32.59068712,,,,,,
Busuyi Healthy Centre,4050776530,doctors,,,Mayuge,0.44539476,33.33133857,"Busuyi Road, Wairasa",,,,,
Langley medical clinic,8414286217,clinic,,,Kampala,0.34124098,32.55622442,,,,,,
Texakim Pharmacy,8616735417,pharmacy,,,Wakiso,0.44066192,32.60573808,,,,,,
CARE MEDICAL CLININC WAMBABYA,11029992992,clinic,,,Kikuube,1.38200229,31.12381048,,,,,,
Drug Shop,5308494963,pharmacy,Private,,Arua,2.98878169,30.93714499,,,,,,
Aci Aivu,5215671204,clinic,Save the Children,,Yumbe,3.24756994,31.36818822,,,,,,
Allied Drug Shop,6351698905,doctors,Ministry Of Health,operational,Yumbe,3.49157326,31.33564992,,,,,1,
BUKIRWA NURSING HOME,11010338464,hospital,,,Kampala,0.34197063,32.54482353,,,,,,
Well Spring HC III,9677348,clinic,private_non_profit,,Kalungu,-0.24431944,31.83069367,,,,,,
Afaayo Drugstore,3457613364,pharmacy,,,Nakaseke,0.84167782,32.36707454,,,,,,
MUHORRO S/C DISPENSARY,11029992971,clinic,,,Kagadi,0.91671664,30.75380260,,,,,,
KAPEDO HEALTH CENTRE III,1503901,hospital,,,Karenga,3.68726873,33.94438653,,,,,,
APAC Medical Center,8963738624,clinic,private,,Kampala,0.34311694,32.58232617,,,,,4,
High Precision Medical Center,10020565421,doctors,,,Arua,3.03740595,30.89064043,,,,,,
St J&J Drug Shop Bunagana,8280279737,pharmacy,private,,Kisoro,-1.29398501,29.60106829,,,,,2,
NAKASWA,11010334403,hospital,,,Mukono,0.59013875,32.83977356,,,,,,
BUTEMBA,11029992974,clinic,,,Kyankwanzi,1.14247222,31.60264120,,,,,,
BAMBI CLINIC,11010338182,clinic,,,Kampala,0.34227850,32.54215867,,,,,,
Budaka General Clinic,3966460051,clinic,,,Budaka,1.01653589,33.94765086,Budaka Town Council,,,,,
Bwendero HC III Kalangala,7651410021,clinic,,,Butambala,0.07000092,31.90699338,,,,,,
KYAKABADIIMA HEALTH CENTRE II,11029993004,clinic,,,Kagadi,1.02645654,30.85732346,,,,,,
HEALTH CENTRE II,11001694687,clinic,,,Kyotera,-0.89461624,31.73702834,,,,,,
Kasenge Mirembe Clinic,3998484515,clinic,,,Wakiso,0.25735230,32.50733907,,,,,,
St. Andrew Clinic,5789318198,doctor,Private,operational,Adjumani,3.21740824,31.65147324,,,,,2,
ADWIR HEALTH CENTRE II,11151161595,hospital,,,Alebtong,2.28830202,33.47345952,,,,,,
Anzoa Medical Bureau,5789318234,doctor,Private;None,operational,Adjumani,3.46602999,31.95154328,,,,,1,
Alkins pharmaceuticals (U) Ltd,9315726617,pharmacy,,,Soroti,1.71292116,33.62774513,,,,,,
PINGIRA,11073118354,hospital,,,Serere,1.45904765,33.33530237,,,,,,
KASEETA HEALTH CENTRE III,6877915,hospital,,,Kikuube,1.38639172,30.99472096,,,,,,
MEDI CONSULTANTS,11010338436,hospital,,,Kampala,0.32603940,32.55746846,,,,,,
Clinic,6750035914,clinic,Ministry Of Health,operational,Kanungu,-0.91064001,29.60672163,,,,,1,
BWEEMA,11010338315,clinic,,,Buvuma,0.09998307,33.09534793,,,,,,
Halal Drug Shop,5525522694,pharmacy,,,Wakiso,0.21015204,32.54203554,"Muchanga Road, Kajjansi",,,,,
BUSESA COMMUNITY HEALTH,11056452248,hospital,,,Bugweri,0.62401505,33.60684586,,,,,,
Hozana Medical Clinic,3958566728,doctors,,,Bukedea,1.25848002,33.97513797,"Mukongoro Road, Kidongole",,,,,
Aiia,5332973061,clinic,IDI,operational,Arua,3.09668495,30.82592669,,,,True,,
Amadrii Drug Shop,5789318222,doctors,Private,operational,Adjumani,3.29952994,31.86790329,,,,,1,
Isaka Memorial Drug Shop Rakai,10023811307,doctors,,,Arua,3.09889274,30.90195609,,,,,,
MUKO,11001478485,hospital,,,Rubanda,-1.20770656,29.80889053,,,,,,
KAWELO MD,11056451949,clinic,,,Pallisa,1.18281985,33.71532613,,,,,,
KASOJO HEALTH CENTRE III,11029979772,hospital,,,Kagadi,1.02507663,30.66251864,,,,,,
KIGALAMA HEALTH CENTRE II,11056451915,clinic,,,Namutumba,0.78865256,33.69981123,,,,,,
Byihesho Medical Centre and Nursing Clinic,8336695388,doctors,private,,Kisoro,-1.23935336,29.69320124,,,,,2,
RWIBALE,11029992917,clinic,,,Kyenjojo,0.56784272,30.85242432,,,,,,
Pi Ber Ne Drug Shop,10102769137,doctors,,,Gulu,2.79895958,32.32348797,,,,,,
BUWASA HC IV,9355537,hospital,,,Sironko,1.13767744,34.27443838,,,,,,
KINONI HEALTH CENTRE II,11029992897,clinic,,,Kamwenge,0.40338508,30.52799739,,,,,,
ISUNGA HC II,11029992960,clinic,,,Kagadi,0.90920687,30.88549135,,,,,,
KITOOLE HEALTH CENTRE II,5836700,clinic,,,Kikuube,1.26474483,31.29970857,,,,,,
PUCHWINI HC II,11080473501,hospital,,,Gulu,2.95318283,32.22229393,,,,,,
NAMPUNGE,11010338293,hospital,,,Wakiso,0.47619256,32.32511046,,,,,,
Muwereza Drug Shop,4048902057,pharmacy,,,Mayuge,0.50886664,33.50131954,"Wamulongo road, Mayuge",,,,,
Marcy care clinic,9441800217,clinic,,,Kampala,0.39211503,32.58460999,,,,,,
Virgo Pharmacy,5917180319,pharmacy,,,Kampala,0.25652609,32.63593892,Kampala,,,,,
God's Mercy Clinic,8791570,clinic,private,operational,Wakiso,0.39208225,32.64032718,"Zakase Road, Kira, 7112",,,True,1,
ST ANNA,11010338015,clinic,,,Kyankwanzi,0.91752298,31.72045790,,,,,,
B$N VET DRUG SHOP,10072917662,pharmacy,,,Masaka,-0.34128624,31.73840188,,,,,,
Lubii Medical Centre,10102721856,doctors,,,Gulu,2.76998460,32.29742159,,,,,,
MAMAA NORAH DISPENS.,11010338431,clinic,,,Mityana,0.37618983,32.03604745,,,,,,
ARRA H/C II,11054959877,hospital,,,Moyo,3.61376062,31.91042737,,,,,,
CANANA HEALTH CENTRE 111,11056451984,hospital,,,Buikwe,0.38948747,33.16827024,,,,,,
Ombavu,5354389866,doctors,,operational,Arua,2.92663667,30.91138665,,,,,,
Children's Clinic,8458560219,clinic,,,Wakiso,0.37255175,32.64225276,Kyaliwajjala - Naalya Road,,,,,
KASHENSHERO HC 11,11001694762,clinic,,,Kiruhura,-0.57096573,31.06225906,,,,,,
Nambwike Health Center,3997808075,hospital,,,Busia,0.33126006,33.90872337,,,,,,
Yogi Pharmacy,1898499663,pharmacy,,,Gulu,2.77197589,32.30150417,,,,,,
MWELO,11056452146,clinic,,,Tororo,0.71194943,34.05740358,,,,,,
Wakiso Health Center IV,2751232,hospital,Ministry of Health,,Wakiso,0.39728733,32.47776419,,,,,,
AVENTIS,11533576269,pharmacy,,,Mukono,0.35884223,32.75047888,Jinja - Kampala Road,,,,,
Galaxy Medical Centre,3946138551,clinic,,,Mbale,1.12424787,34.16807086,mbale,,,,,
ST JOSEPH YERYA,11001734062,hospital,,,Bunyangabu,0.48561415,30.19180789,,,,,,
Kings Medical Clinic,10583475415,clinic,private,,Hoima,1.42599068,31.34207297,Hoima,,,,,
Sweswe OutPost,6210374893,doctors,Clinical Officer,yes,Kyegegwa,0.36347163,31.10782166,,,,,3,
LAZEBU,11066741240,hospital,,,Arua,2.72670565,30.92889259,,,,,,
Save Life Drug Shop,10198909178,pharmacy,private,,Lira,2.24006333,32.88496945,Lira,,,,1,
ABEDI HEALTH CENTRE II,11073166780,hospital,,,Apac,2.04131298,32.59531385,,,,,,
Uleppi Trading Centre,5354389847,doctors,,operational,Madi Okollo,2.77287325,31.03746665,,,,,,
NANTABULIRWA HEALTH CENTRE 2,11010338061,clinic,,,Mukono,0.34097318,32.72032574,,,,,,
LAROPI,11054959815,hospital,,,Moyo,3.57473087,31.83077498,,,,,,
KIKUBE,11010338012,clinic,,,Kampala,0.35638909,32.61336813,,,,,,
KASHOZI PARISH H/C II,11007308922,hospital,,,Ibanda,0.01367445,30.54159837,,,,,,
Comrade clinic,9124388848,clinic,,,Mbale,1.07433573,34.17987467,,,,,,
Bwama Health Center III,7823304,clinic,,,Kabale,-1.29473402,29.92363057,,,,,,
Lacor Hospital,10102721866,hospital,,,Gulu,2.77445308,32.29911457,,,,,,
Lira Medical Diogonistic Clinic,9909142408,doctor,,,Lira,2.23947878,32.89557139,,,,,,
HOLY INNOCENT CHILDREN'S HOSPITAL,11007308973,hospital,,,Mbarara,-0.62323126,30.64672873,,,,,,
SAFER MEDICAL CENTRE,11010338470,hospital,,,Mukono,0.36958933,32.71178735,,,,,,
PABO HC III,11080473484,hospital,,,Amuru,3.00322296,32.14544897,,,,,,
Midas Touch Drug Shop,10023811286,doctors,,,Arua,3.03496506,30.89444062,,,,,,
MAZIBA,11001478415,hospital,,,Kabale,-1.32078707,30.10507187,,,,,,
Cure Medical Clinic,1498586602,doctors,,,Kampala,0.30080107,32.62208439,,,,,,
SICK BAY,11073166792,hospital,,,Nakasongola,1.37308780,32.25469426,,,,,,
MUGUSU HEALTH CENTRE III,1835882,hospital,,,Kabarole,0.61135762,30.21274496,,,,,,
MATILIDA,11010338157,clinic,,,Kampala,0.28979026,32.57250560,,,,,,
HEALTH CENTRE II,11001478404,clinic,,,Ntungamo,-0.79155571,30.08929612,,,,,,
Kuru Rural Drug Shop -ariwa Branch.,5566724180,pharmacy,,,Yumbe,3.30822164,31.33441669,,,,,,
AFYA,11010338422,hospital,,,Kampala,0.34533722,32.56871899,,,,,,
drug shop,5215671210,pharmacy,Refugee,,Arua,3.24375994,31.27162325,,,,,,
Elgon Care and Cure Clinic,8415081317,clinic,,,Mayuge,0.33166072,33.52755515,,,,,,
Medicine Drug Sgip,10583475418,clinic,private,,Hoima,1.42129154,31.36823356,Hoima,,,,,
Waliraka Health Center 2,4041889673,doctors,,,Jinja,0.47527457,33.26685097,"Waliraka Road, Kakira Town Council",,,,,
Nansanga Hospital,3966464172,hospital,,,Budaka,0.98457904,33.89526153,"Idudi Road, Nansanga",,,,,
Nimaro Faith Drug Shop,10102769154,doctors,,,Gulu,2.78447532,32.28650065,,,,,,
Buyoboya Health Center II,2067374,clinic,,,Namutumba,0.78505203,33.74816416,Bulange,,,,,
KISUBI,11010338037,hospital,,,Wakiso,0.12143035,32.53613174,,,,,,
BUTIABA HC2,11029993006,clinic,,,Buliisa,1.80916469,31.33421075,,,,,,
ABEI HEALTH CENTRE II,9987789,hospital,,,Kwania,1.68663376,32.59867650,,,,,,
Drug shop,9147491740,pharmacy,,,Zombo,2.37429163,30.87962670,landmark,,,,,
Nakawa Health Care,4003310799,clinic,,,Kampala,0.32986775,32.61390072,,,,,,
Mamre Pharmacy,6652467785,pharmacy,,,Wakiso,0.33262900,32.49166793,Fort Portal - Kampala Road,,,,,
MEDICAL CENTRE,11073166818,hospital,,,Apac,1.97676705,32.49748379,,,,,,
Chahafi Health Center IV,5078024,clinic,government,,Kisoro,-1.33540226,29.77302797,,,,,15,
Ntungamo Medical Centre,8442648518,clinic,,,Ntungamo,-0.87336636,30.26741752,,,,,,
MEDICAL STORE,11010338359,hospital,,,Mukono,0.25267092,32.81569948,,,,,,
MUHUYU HEALTH CENTRE II,5029090,clinic,,,Butaleja,0.70572754,33.87775978,,,,,,
OPIA,11066741293,hospital,,,Arua,2.82202356,30.90173346,,,,,,
NYAKWAE HC III,7462875,hospital,,,Abim,2.52549597,33.94625192,,,,,,
RUSIKIZA,11001478492,hospital,,,Kabale,-1.24337516,30.15996663,,,,,,
NATIRAE HC II,11151161577,hospital,,,Nabilatuk,1.91554596,34.51712935,,,,,,
KAGADI,11029992937,hospital,,,Kagadi,0.94202923,30.80956882,,,,,,
God's Favour Drug Shop,10102833318,doctors,,,Gulu,2.78447138,32.28711764,,,,,,
KASESE MEDICAL CENTRE,11001734133,clinic,,,Kasese,0.17148967,30.06749647,,,,,,
MAYANJA H/C 11,11001654289,clinic,,,Kyotera,-0.82676658,31.52128226,,,,,,
Community Based Clinic - Uganda,606953397,doctors,,,Kampala,0.29996933,32.61993694,,,,,,
Dr. Ambrosoli Health Care Centre III,3967544895,hospital,,,Kaliro,0.89274834,33.50676678,Kaliro,,,,,
MSF Health Centre III,5215672049,clinic,Médecins sans frontières,,Yumbe,3.28762370,31.30977775,,,,,,
Guardian Pharmacy,4104857875,pharmacy,,,Kampala,0.29811458,32.60006328,"Tank Hill Road, kampala",,,,,
Annex Drug Shop,4107569767,pharmacy,,,Kampala,0.28080453,32.60283049,Kampala,,,,,
Sekiwunga HC III,5712629,clinic,Ministry of Health,,Mpigi,0.27576658,32.39995532,,,,,,
Okocheka Health Centre 2,3958468263,doctors,,,Bukedea,1.27800190,34.05458576,Bukedea,,,,,
Wonderful Clinic,8632128790,clinic,private,,Zombo,2.59099283,30.76082579,,,,,1,
PADIPE MISSION,11080417480,hospital,,,Lamwo,3.48488056,32.82450475,,,,,,
Crown Dispenser Uganda Limited,4126674587,doctors,,,Kampala,0.35435673,32.61345664,"Ntinda Road, kampala",,,,,
Agule Health Centre III,2696452,clinic,,,Pallisa,1.28552038,33.70274539,"Kogonyo Road, Agule Subcounty",,,,,
Matinza Clinic,8274342563,doctors,private,,Kisoro,-1.24060008,29.71379164,,,,,1,
AGWATA MATERNITY HOPE HC II,11073166782,hospital,,,Dokolo,1.97274977,32.97878583,,,,,,
Milly and Balongo Health Care,8963738619,clinic,private,,Kampala,0.34313328,32.58487997,,,,,1,
Naigobya NGO Health Centre III,4050456368,doctors,,,Luuka,0.82093378,33.36388047,"Kaliro Buwenge Road, Bukooma",,,,,
HEALTH CENTRE III,11001734084,clinic,,,Kasese,-0.13974288,29.87123069,,,,,,
Merits Children Medical Centre,4099839983,doctors,,,Kampala,0.32832816,32.57491104,"Wandegeya Road, Kampala",,,,,
Good Health Clinic,4102726396,clinic,,,Kampala,0.28629534,32.59685830,"Ggonya Road, Kampala",,,,,
Allan's Clinic,8336695390,doctors,private,,Kisoro,-1.21340173,29.64374164,,,,,1,
Pharmacy and Wellness,4105542225,pharmacy,,,Kampala,0.37827399,32.59909115,kampala,,,,,
Gibmak Pharmacy,8481522917,pharmacy,,,Wakiso,0.38153187,32.64631052,Kyaliwajjala - Kira Road,,,,,
MOROTO HOSPITAL,11151161558,hospital,,,Moroto,2.53868715,34.65782873,,,,,,
Hope Home Care Nursing,8481522218,doctors,,,Wakiso,0.38459973,32.64449215,Kyaliwajjala - Kira Road,,,,,
Ecopharm Phamarcy,4118743389,doctor,,,Kampala,0.31264897,32.57962477,"Luwum Street, Kampala",,,,,
Pajulu Health Center III,10023482341,hospital,,,Arua,2.99755847,30.87107305,,,,,,
Jusam Pharmaceuticals,3806510198,pharmacy,,,Wakiso,0.28145815,32.45713725,,,,,,
RAGEM HEALTH CENTRE II,5949130,hospital,,,Pakwach,2.65168032,31.39380005,,,,,,
Pharma pharmacy,4123943829,doctors,,,Kampala,0.31363057,32.57701397,"William Street, kampala",,,,,
New Clinical Administration Building,4102726448,clinic,,,Kampala,0.28345463,32.58326629,"Mobutu Road, Kampala",,,,,
Northern Pharma,10102769150,pharmacy,,,Gulu,2.76984647,32.29743182,,,,,,
Green Plus,4153591567,pharmacy,,,Gulu,2.77148697,32.29863085,"24, Queen Avenue road, Gulu",,,,,
Bukalasa Health Centre II,4060242972,clinic,,,Luwero,0.70728506,32.51536223,,,,,,
ABI CLINIC,11010338485,clinic,,,Kampala,0.33143206,32.57382399,,,,,,
Medicare Health Clinic,11228519338,clinic,,,Wakiso,0.44575225,32.56090580,,,,,,
Alizaak Pharmacy,10058403213,pharmacy,,,Masaka,-0.34655645,31.73823458,,,,,,
DWOLI,11029993052,clinic,,,Hoima,1.50316270,31.34690347,,,,,,
HEALTH CENTRE II,11007308969,hospital,,,Kazo,0.04369909,30.72545282,,,,,,
Jireh Health Unit and Laboratory Services,4102531669,clinic,,,Kampala,0.33507433,32.60984145,kampala,,,,,
POLYTIVIC CLINIC,11010338173,clinic,,,Kampala,0.31088634,32.57955838,,,,,,
International Medical Center,8274342524,doctors,private,,Kisoro,-1.32936335,29.72597323,,,,,1,
NAKITEMBE UC,11029992986,clinic,,,Kyankwanzi,1.01316762,31.63793270,,,,,,
Otieno Medical Centre And Lab,9992537223,doctor,,,Lira,2.26068935,32.90533195,,,,,,
ST. MICHEAL HEALTH CENTRE NYANKOMA,11029992829,hospital,,,Kagadi,0.95547414,30.77439073,,,,,,
Arua Pharmacy,10020547598,pharmacy,,,Arua,3.03699348,30.89102055,,,,,,
Buphadengo Health Center II,8559414717,clinic,,,Kamuli,0.70559259,33.16001348,,,,,,
ST AUGUSTINE HEALTH CENTRE,11056452306,clinic,,,Busia,0.26254212,33.99048155,,,,,,
NGANDHO HEALTH UNIT II,11056452396,clinic,,,Buyende,1.01595234,33.25754480,,,,,,
LOGOBA HEALTH CENTRE II,11054959851,hospital,,,Moyo,3.68266598,31.70053093,,,,,,
Nabuto Health Care,8963716777,clinic,private,,Kampala,0.34904152,32.58669884,,,,,2,
Life Referral Medical Center,8963716781,clinic,,operational,Kampala,0.35105762,32.58555538,,,,,,
Saint.Francis Capital Clinic & Nursing Centre,4100092187,doctors,,,Kampala,0.25634555,32.63645374,"Ggaba Trading Centre Street, Kampala",,,,,
Subi Drug Shop,4041967763,clinic,,,Jinja,0.45351532,33.21898528,"Kamuli Road, Jinja",,,,,
NYAKABUNGO HEALTH CENTRE II,2547651,clinic,,,Rukungiri,-0.88411145,29.90671162,,,,,,
ACUMET HC III,11151161536,hospital,,,Kapelebyong,2.18181430,33.73381074,,,,,,
HEALTH CENTRE II,11056451943,clinic,,,Jinja,0.65763268,33.12286438,,,,,,
God's Will,3943958882,pharmacy,,,Mbale,1.07110627,34.20432745,"Mangho Road, mbale",,,,,
KIHEMBO HEALTH CENTRE II,11001734193,clinic,,,Kabarole,0.63010417,30.25504264,,,,,,
MWEYA,11001730403,clinic,,,Kasese,-0.18946307,29.89324123,,,,,,
Zomav Medical Centre,8632128770,clinic,private,,Zombo,2.51485665,30.91182829,,,,,2,
KYABAZAALA,11056451849,clinic,,,Mukono,0.61673956,32.91587705,,,,,,
Kings Medical Drug Shop,5594324680,pharmacy,Private,operational,Yumbe,3.60569169,31.23285996,,,,,0,
Dental Health Service,4114252281,clinic,,,Kampala,0.33942320,32.58862735,Kampala,,,,,
Migera Medical Clinic,9194940118,clinic,,,Nakasongola,1.40818517,32.26266662,,,,,,
WHO OFFICE,11073166758,hospital,,,Lira,2.25910333,32.90207122,,,,,,
HEALTH UNIT,11001734078,clinic,,,Bundibugyo,0.64258616,30.01965718,,,,,,
Private Clinic,5215672052,clinic,Refugee,,Yumbe,3.45887235,31.35272713,,,,,,
Nindye HC III,8715246,clinic,Ministry of Health,,Mpigi,-0.04327011,31.98818184,,,,,,
Mubunga Medical Centre,10147626097,clinic,private,operational,Bundibugyo,0.84605326,30.17308322,,,,,,
IRC-ACF Koro Health Center,4502479523,clinic,International Rescue Comittee,,Yumbe,3.51958206,31.32985484,,,,,,
Life Care Drug Shop,5350681468,pharmacy,,,Madi Okollo,2.77539822,31.03644498,,,,,,
Twins Medical Center,7060880750,clinic,,,Kampala,0.36299286,32.56110353,,,,,,
HEALTH CENTRE II,11001694793,clinic,,,Kalungu,-0.18812901,31.73405620,,,,,,
kasaana health centre II,12036104640,hospital,,,Sheema,-0.69920374,30.24019268,,,,,,
KIREKKA SDA,11010338429,clinic,,,Wakiso,0.33613037,32.64378539,,,,,,
MUTERERE,11056452057,hospital,,,Bugiri,0.40676542,33.80128917,,,,,,
Nasasa Health Centre,3946120548,clinic,,,Mbale,0.99782647,34.19819869,mbale,,,,,
St Maria Gorety Drug Shop,8632128796,pharmacy,private,,Zombo,2.44639662,30.99892666,,,,,1,
NTOROKO HEALTH CENTRE III,3197026,hospital,,,Ntoroko,1.04338413,30.53140304,,,,,,
MYANZI,11010338291,hospital,,,Kassanda,0.43446074,31.94188004,,,,,,
Marina Medical Centre,8141975117,clinic,,,Kabarole,0.65361029,30.24781753,,,,,,
HEALTH CENTRE II,11001654292,clinic,,,Ssembabule,-0.19487594,31.50255105,,,,,,
Kibuye General Clinic,4100092143,clinic,,,Kampala,0.29285259,32.57398467,Kampala,,,,,
Zam Zam Medical Centre,4121620280,clinic,,,Kampala,0.34388187,32.58920160,kampala,,,,,
KISIITA HEALTH CENTRE III,8286248,hospital,,,Kakumiro,1.11313757,31.37087638,,,,,,
HEALTH CENTRE III,11010338110,hospital,,,Mityana,0.37567569,32.22990997,,,,,,
Yumbe Hospital,5573437710,clinic,ACF;IDI;CUAM;UNICEF,operational,Yumbe,3.44178995,31.18712168,,,,,8,
Agape Health Care Centre,3995681771,doctors,,,Butaleja,0.85280530,33.92451806,"Busaba Busoko Road, Busolwe Town Council",,,,,
NAWANDALA HEALTH CENTRE II,11056452268,clinic,,,Iganga,0.82698032,33.39523868,,,,,,
KAFUNJO H/C II,11001478371,clinic,,,Rukungiri,-1.01628761,29.92298869,,,,,,
Executive Health Care,10020565449,doctors,,,Arua,3.00533754,30.91123133,,,,,,
Ikanza Pharmacy,4048902028,pharmacy,,,Mayuge,0.45704402,33.48008466,"Bugadde Road, Mayuge",,,,,
John Ruvanga James Nyama Drug Shop,5639737532,pharmacy,Private,operational,Kikuube,1.18536200,30.78402858,,,,,1,
Nabyewanga HC II,1186620,clinic,government,,Mpigi,-0.07636706,31.96897412,,,,,,
Kirabo medical center,8963738635,clinic,private,,Kampala,0.34748190,32.57387126,,,,,1,
APIRE HEALTH CENTRE II,11073118358,hospital,,,Kwania,2.00243026,32.68313096,,,,,,
JUPANGIRA,11066741250,hospital,,,Nebbi,2.43513947,31.04037375,,,,,,
Carrapy Health Care Centre,4121620274,doctor,,,Kampala,0.35047290,32.59414474,Kampala,,,,,
African Palliative Care Association,1735590535,clinic,,,Kampala,0.28006684,32.58548146,,,,,,
INDE HEALTH CENTRE II,11066741264,hospital,,,Madi Okollo,2.88222046,31.21338159,,,,,,
LUSAKA NURSING HOME,11010338352,hospital,,,Kampala,0.30240000,32.57422959,,,,,,
HEALTH CENTRE II,11073118347,hospital,,,Dokolo,1.73443558,33.04039416,,,,,,
my place,6264107886,clinic,,,Kanungu,-0.75252370,29.69788119,,,,,,
MPENJA,11001694596,hospital,,,Gomba,0.22552588,32.05130570,,,,,,
RUHAAMA H/C III,11001478345,hospital,,,Ntungamo,-0.98439615,30.35213978,,,,,,
Ayden Pharmaceuticals Limited,4124066929,pharmacy,,,Kampala,0.31412192,32.57683519,kampala,,,,,
OCOCIA HEALTH CENTRE III,11151161552,hospital,,,Amuria,2.05742485,33.47307287,,,,,,
KAKAIRE,11056452391,hospital,,,Jinja,0.65021704,33.27075929,,,,,,
NTARA UC,11007285450,hospital,,,Kitagwenda,-0.00154734,30.36130590,,,,,,
Buwunga Health Centre III,3998032221,clinic,,,Bugiri,0.54545994,33.69050262,Buwunga,,,,,
Muni Drug Shop,5308494958,pharmacy,Private,,Arua,2.98835623,30.93295379,,,,,,
KAVU,11001478324,hospital,,,Kabale,-1.33383601,30.13704456,,,,,,
LOMODOCH HEALTH CENTRE II,6316972,hospital,,,Kaabong,3.56530718,34.03064117,,,,,,
ACHORICHOR HEALTH CENTRE II,6547648,hospital,,,Amudat,2.11757305,34.80912929,,,,,,
GoodLife Pharmacy,8481523026,pharmacy,,,Kampala,0.35551729,32.61402502,Kigobe Road,,,,,
Nabigingo Islamic Medical centre,3995996392,doctors,,,Bugiri,0.41204786,33.75247028,Muterere,,,,,
ZUULA DIAGONISTIC,11010338386,hospital,,,Kampala,0.29425715,32.56197214,,,,,,
Health Centre,3761571565,clinic,,,Luwero,0.68111308,32.60818258,,,,,,
St. Joseph Medical Clinic,8605926817,clinic,,,Lira,2.24049274,32.89274048,,,,,,
WARR,11066741219,hospital,,,Zombo,2.59738755,30.89017314,,,,,,
Class C Drug Shop,4052756511,pharmacy,,,Iganga,0.62165437,33.49147458,"Jinja - Mbale Road, Nakalama",,,,,
BUWUNGA,11056452370,hospital,,,Bugiri,0.54526246,33.69006232,,,,,,
Grace general medical clinic,9754649527,clinic,,,Wakiso,0.43411943,32.52305120,,,,,,
Apopong Health Centre,3967933560,hospital,,,Pallisa,1.21813248,33.64878438,"Gogonyo, Apopong",,,,,
Génération Clinic,5299222411,doctors,Culvary church,operational,Arua,3.26194498,31.05500494,,,,,,
Zone 3 West,5215671219,clinic,MSF,,Obongi,3.41214693,31.54051663,,,,,,
First Aid Drug Shop,6007027153,doctors,private,non_operational,Yumbe,3.21939995,31.40539322,,,,,4,
Ayivu Health Center III,1024043,clinic,UNHCR;IRC;RMF,operational,Yumbe,3.24703827,31.36817162,,,,,22,
Healing River Pharmacy,4041828088,pharmacy,,,Jinja,0.43259325,33.21184155,"Kutch Road East, Jinja",,,,,
LOSILANG HC III,11080473478,hospital,,,Kotido,3.10977799,34.16012138,,,,,,
RWASHAMAIRE HEALTH CENTRE IV,1975811,hospital,,,Ntungamo,-0.84169073,30.13324378,,,,,,
Kihanga Health Centre III,3835229379,clinic,,,Kabale,-1.23968847,29.97255113,,,,,,
HEALTH CENTRE II,11001694561,clinic,,,Rakai,-0.62419417,31.18110506,,,,,,
MORUKATIPE HEALTH CENTRE 11,11056452235,clinic,,,Tororo,0.70190045,34.23628739,,,,,,
Trust Medicare,10734507809,clinic,private,,Hoima,1.42974988,31.35816497,,,,,,
Dental Clinic,2500701753,hospital,,,Mbale,1.07635719,34.17660875,,,,,,
Kampala Childrens' Hospital,3181526309,clinic,,,Kampala,0.29988492,32.55817715,,,,,,
ARWOTCEK HC III,1371592,hospital,,,Amolatar,1.73498150,32.84529212,,,,,,
Butagaya Health Centre II,4041886882,doctors,,,Jinja,0.59269523,33.10801139,Butagaya,,,,,
Don-Ken Clinic,4003306166,clinic,,,Kampala,0.33006606,32.61414245,,,,,,
Drug Shop,6007027146,doctors,private,operational,Kikuube,1.16235326,30.80170324,,,,,1,
Bukigai Health Centre,542507954,doctors,,,Bududa,1.01433999,34.37018738,,,,,,
HEALTH CENTRE II,11001734197,clinic,,,Bundibugyo,0.73398729,30.02380957,,,,,,
Eden Drug Shop,10147626109,pharmacy,private,operational,Bundibugyo,0.79952548,30.14445047,,,,,,
HEALTH CENTRE III,11066739702,hospital,,,Nebbi,2.32472877,31.10611393,,,,,,
HEALTH CENTRE III (FOC-REV MINISTRIES),11056452288,clinic,,,Busia,0.32575483,33.99722638,,,,,,
HEALTH CENTRE 111,11001694707,hospital,,,Kyotera,-0.65480563,31.64246924,,,,,,
Cyprus Medical Centre,10020547586,doctors,,,Arua,3.06987954,30.93877603,,,,,,
HEALTH CENTRE II,11001694602,clinic,,,Kyotera,-0.58046586,31.63895705,,,,,,
MOROTO DMO,11151161561,hospital,,,Moroto,2.52639568,34.66601357,,,,,,
RUBINGO HEALTH CENTRE II,11001734038,hospital,,,Kabarole,0.59816978,30.27680123,,,,,,
New Jerusalem Human Drug shop,8336695378,pharmacy,private,,Kisoro,-1.27829434,29.70172472,,,,,1,
Cannan Medical Clinic and Laboratory services,9992537235,doctor,,,Lira,2.23965907,32.88885799,,,,,,
Joy Medical Centre,3968670371,doctors,,,Kibuku,1.04635509,33.79923853,"Palisa Road, Kibuku Town Council",,,,,
BOROBORO DISPENSARY/HC III,11073166717,hospital,,,Lira,2.19009336,32.92872659,,,,,,
Pevans Clinic Laboratory and Dental Services,8591829321,clinic,,,Wakiso,0.43295803,32.60060165,,,,,,
Ibaakwe Health Centre ll,5789319857,clinic,MTI;UNICEF;WFP;CUAM;IDI,operational,Obongi,3.51109328,31.69822993,,,,,3,
BUYAGA,11001694664,clinic,,,Masaka,-0.49770295,31.80363488,,,,,,
BULUBANDI HEALTH CENTRE II,1022563,clinic,,,Iganga,0.59276069,33.49337459,,,,,,
Life Consultant and Diagnostic Orthopedic Medical Center,8963738667,clinic,private,,Kampala,0.34113797,32.57442329,,,,,9,
BUSAMBALA,11010338185,hospital,,,Kampala,0.27844309,32.56666375,,,,,,
Mac Dental Clinic,8566373319,dentist,,,Wakiso,0.40690205,32.64170542,,,,,,
EBENEZER DENTAL CLINIC,11010338202,clinic,,,Kampala,0.35475127,32.61437605,,,,,,
Jagusi Health Centre ii,4052167287,doctors,,,Mayuge,0.12442797,33.57959009,"Jagusi, Mayuge",,,,,
KARONGO HEALTH CENTRE II,11056452387,clinic,,,Jinja,0.56328238,33.26698022,,,,,,
Ayaka Health Centre II,8833680,clinic,government,,Zombo,2.44998382,30.82263705,,,,,2,
Biotic Support,3946120541,clinic,,,Mbale,0.99140702,34.16725790,mbale,,,,,
HEALTH CENTRE II,11001694549,hospital,,,Ssembabule,-0.25588236,31.35091722,,,,,,
RUKORA HEALTH/C II,11029992826,clinic,,,Ntoroko,0.96942397,30.21470465,,,,,,
ASAMUK HEALTH CENTER III,4540131,hospital,,,Amuria,1.97639422,33.70206730,,,,,,
Katiira Health Centre,3966532512,doctors,,,Budaka,1.10873179,34.04103490,Kavule,,,,,
Joy Arzt Clinics,8349251259,clinic,,,Wakiso,0.07661257,32.47966119,,,,,,
KAGAMBA H/C III,11001694571,hospital,,,Rakai,-0.65136436,31.32822163,,,,,,
BELAMELING,11054959891,hospital,,,Obongi,3.47610227,31.61133658,,,,,,
Tula Clinic,9147833021,clinic,private,,Kampala,0.38354839,32.56381524,Kawempe_II,,,,2,
CILIO HEALTH CENTRE III,11054959847,hospital,,,Arua,3.19766559,31.03114502,,,,,,
KIGUMA HEALTH CENTRE II,11001734093,clinic,,,Kabarole,0.64651333,30.21905477,,,,,,
Eden Diagnostic Laboratory,3953417177,clinic,,,Mbale,1.07684309,34.17502080,"Pallisa Road, mbale",,,,,
Frieca Pharmacy,3769413736,pharmacy,,,Kampala,0.33113459,32.57449722,,,,,,
LWABIYATA HEALTH UNIT 11,11073166851,hospital,,,Nakasongola,1.50510529,32.37379440,,,,,,
Namulo Health Centre II,9682392,doctors,,,Butaleja,0.90614538,34.04010945,Butaleja,,,,,
KYABASAIJA,11029992863,clinic,,,Kakumiro,0.76012333,31.38096987,,,,,,
Health centre II,3990467000,doctors,,,Tororo,0.72841928,34.16295496,Rubongi,,,,,
Care Point Clinic,4123360419,doctor,,operational,Kampala,0.35311663,32.58705910,"Kyebando Ring Road, kampala",,,,,
Global Glory Medical Clinic,10020565442,doctors,,,Arua,2.99692572,30.91320929,,,,,,
KAGUGUBE,11010338344,hospital,,,Kampala,0.32560563,32.57073283,,,,,,
Akot Memorial Clinic,10102653180,doctors,,,Gulu,2.77067460,32.29661215,,,,,,
KAYONZA H/C III,11001478414,hospital,,,Ntungamo,-1.12337598,30.12367685,,,,,,
HEALTHCENTRE II,11010338068,hospital,,,Mityana,0.49051832,31.94477884,,,,,,
KAMPALA SKIN CLINIC,11010338232,clinic,,,Kampala,0.33091750,32.57437510,,,,,,
NAKIFUMA,11010338459,hospital,,,Mukono,0.54262987,32.79034565,,,,,,
Tazita,5299222412,pharmacy,,operational,Arua,3.09031864,31.08209257,,,,,0,
SEBITOLI B HEALTH CENTRE II,11001734106,clinic,,,Kabarole,0.64940786,30.37446800,,,,,,
BUNAGAMI H/L III,11056452073,clinic,,,Sironko,1.19901444,34.38900819,,,,,,
NAKASOZI HC II,7166222,hospital,,,Kiboga,0.70897243,31.90032382,,,,,,
Restoration gateway Hospital - Karuma,9402072118,hospital,,,Kiryandongo,2.22933223,32.28612807,,,,,,
Ron Drug Shop,4104666138,pharmacy,,,Kampala,0.32496400,32.54000184,"Masiro Road, Kampala",,,,,
Gentle Care Pharmacy,8442093818,pharmacy,,,Wakiso,0.37985599,32.62562130,,,,,,
LWENGENYI HEALTH CENTRE II,11001694566,hospital,,,Lwengo,-0.41648868,31.29034029,,,,,,
Royal Treat,10198909182,clinic,private,,Lira,2.24034044,32.88655514,Lira,,,,1,
Malembo HC ll,5608792680,clinic,,,Kikuube,1.13743906,30.71064158,,,,,,
ABELA HEALTH CENTRE II,11073166793,hospital,,,Oyam,2.59586137,32.75127843,,,,,,
El Makes Clinic,8632128737,doctors,private,,Zombo,2.41659836,30.98908404,,,,,1,
Victory Medical Clinic,7269625,clinic,,,Kiryandongo,1.81290713,32.01313476,Gulu - Kampala Road,,,,,
RUGAZI,11007285478,hospital,,,Rubirizi,-0.26202881,30.10337177,,,,,,
Bukanga Health Centre III,517491003329,clinic,,,Luuka,0.70657713,33.35929725,"Iganga-Luuka Road, Bukanga",,,,,
Divine Medical Centre,4102724079,clinic,,,Kampala,0.27879807,32.59474505,"Semaganda Road, Kampala",,,,,
St Mark Lab,8686567019,clinic,,,Kiryandongo,1.81191169,32.00805533,,,,,,
Divine Health Care,10020565455,doctors,,,Arua,2.98669108,30.92817384,,,,,,
Noble Health Care Clinic,10102769152,doctors,,,Gulu,2.81826730,32.33954929,,,,,,
Muni University Clinic,10023811281,hospital,,,Arua,2.99817915,30.92620032,,,,,,
KIYUNI,11029992993,clinic,,,Mubende,0.67865986,31.33459799,,,,,,
NGORA,11056452379,hospital,,,Ngora,1.47737720,33.79425348,,,,,,
Alleluia Clinic,5639737538,pharmacy,AAH,operational,Kikuube,1.18783500,30.78374493,,,,,3,
Virgo Pharmacy Ggaba,4100092598,pharmacy,,,Kampala,0.25640682,32.63653487,"Ggaba Market Street, Kampala",,,,,
Liberty Drug Shop,5308494953,pharmacy,,,Madi Okollo,3.04213879,31.25650648,,,,,,
KYOTERA HEALTH CENTRE II,11001694718,clinic,,,Kyotera,-0.63230232,31.54304277,,,,,,
Kagezi Health Center III,7374194,clinic,government,,Kisoro,-1.28397501,29.77132829,,,,,11,
Ezoova,5332973056,doctors,,operational,Arua,2.99459169,30.90359827,,,,,,
DOUBLE CURE HOSPITAL,7194927,clinic,private_non_profit,,Mpigi,0.21141536,32.31937933,Masaka Road,,,,,
Dr More. Ahmad Medical Clinic,4116600475,doctor,,,Kampala,0.31076623,32.58087200,"Entebbe Road, Kampala",,,,,
Highway Clinic,3955077840,clinic,,,Mbale,1.08562884,34.17868134,"Lira-Mbale Road, mbale",,,,,
KIYUNGA HEALTH CENTRE IV,7267231,hospital,,,Luuka,0.76619836,33.33124260,,,,,,
KABIRA,11001478460,hospital,,,Mitooma,-0.69503575,30.02821803,,,,,,
HEALTH CENTRE III,11056452279,clinic,,,Sironko,1.22391683,34.23746447,,,,,,
Mulago Medical Clinic,8442648517,clinic,,,Ntungamo,-0.83039896,30.27235546,,,,,,
KIGOYERA HEALTH CENTRE III,1734237,hospital,,,Kyenjojo,0.86311194,30.53010418,,,,,,
Destiny Medical Centre,3986163608,doctors,,,Tororo,0.69236385,34.18055905,tororo,,,,,
HEALTH CENTRE IV,11066739693,hospital,,,Pakwach,2.24981215,31.31728970,,,,,,
Jimmy's Drug Shop Simba,10023811305,doctors,,,Arua,3.09095014,30.89704639,,,,,,
Grace Light,3995681793,doctors,,,Butaleja,0.85016123,33.92689542,"Butaleja road, Busolwe Town Council",,,,,
Patient Health Care Clinic,8963738654,clinic,private,,Kampala,0.34270103,32.57561135,,,,,3,
Life Care Pharmacy,4427699680,pharmacy,,,Kampala,0.31127048,32.57639086,Nakivubo Green,,,,,
ORIVU,11066741282,hospital,,,Arua,3.02737105,30.98598877,,,,,,
MIGINA HEALTH CENTRE II,11029979797,clinic,,,Kazo,0.13135519,30.85430245,,,,,,
Bwikhonge Health Centre ll,3958447292,clinic,,,Bulambuli,1.39213140,34.31866968,"Bwikhonge, Bwikhonge",,,,,
BULUMBI,11056452021,clinic,,,Busia,0.50255096,33.98535149,,,,,,
BUYAYA HEALTH CENTRE II,7824904,clinic,,,Sironko,1.18584874,34.25054074,,,,,,
HEALTH CENTRE II,11001694623,clinic,,,Ssembabule,-0.31756923,31.56121104,,,,,,
MVULE CRESCENT,11056452209,hospital,,,Jinja,0.43804325,33.21141776,,,,,,
KEBISINGO HEALTH CENTRE II,11007285501,hospital,,,Kamwenge,0.18106784,30.54805043,,,,,,
Air Field,5333865325,doctors,,operational,Arua,3.04699326,30.91417665,,,,,,
ALEBTONG HEALTH CENTRE 4,8248141,hospital,,,Alebtong,2.26080360,33.23628117,,,,,,
KARENGA HEALTH CENTRE III,11080473514,hospital,,,Karenga,3.73912698,33.72626434,,,,,,
SAS CLINIC,9738460,clinic,,,Kampala,0.32487297,32.57359055,,,,,,
Virtuous Doctor's Clinic,10023486996,doctors,,,Arua,3.02396029,30.91233917,,,,,,
Mt. Zion Medical Clinic and Maternity Home,8336695380,doctors,private,,Kisoro,-1.28878253,29.68679294,,,,,3,
Mulago medical center,8963738637,clinic,private,,Kampala,0.34395488,32.57374495,,,,,11,
Kagumu Health Centre,3968719065,doctors,,,Kibuku,1.10323368,33.86363393,Kagumu,,,,,
IMMUNISATION CENTRE,11001730392,clinic,,,Bundibugyo,0.71898897,30.10633452,,,,,,
Eurojoi Pharmacy Limited,4124066937,pharmacy,,,Kampala,0.31424279,32.57687433,kampala,,,,,
Virika Pharmacy,8575855619,pharmacy,,,Kabarole,0.65374306,30.27556188,,,,,,
ALITO HEALTH CENTRE III,4260759,hospital,,,Kole,2.43953419,32.86037058,,,,,,
Makro Pharmacy (U) Ltd.,599171971,pharmacy,,,Kampala,0.33845048,32.58793224,,,,,,
KARAMOJA HC III,11080417501,hospital,,,Kotido,3.01617669,34.12329515,,,,,,
COMMUNITY SUPPORT CENTRE,11056452196,clinic,,,Jinja,0.46432554,33.21390333,,,,,,
Paidha Medical Clinic,8632128741,doctors,private,,Zombo,2.41670322,30.98848993,,,,,2,
Blessed Drug Shop,10020547594,doctors,,,Arua,3.02401360,30.91406710,,,,,,
Azura Medicare,4102724061,clinic,,,Kampala,0.27070676,32.59188339,"Luwafu Road, Kampala",,,,,
ALEMERE COMMUNITY H/C II,11073166771,hospital,,,Amolatar,1.63339107,32.81463137,,,,,,
KAHOKYA HEALTH CTR,11001734220,clinic,,,Kasese,0.05776862,29.95752858,,,,,,
KAMWEZI,11001478326,hospital,,,Rukiga,-1.22127636,30.15477404,,,,,,
KAGOLOTO H/C III,11056452238,clinic,,,Bukedea,1.32013839,34.16554120,,,,,,
HEALTH CENTRE II,11056452414,clinic,,,Bulambuli,1.32841653,34.27138670,,,,,,
Deonadency Drug Shop,10102653145,doctors,,,Gulu,2.74927736,32.28874456,,,,,,
ABOKE MISSION HEALTH CENTRE II,11073166789,hospital,,,Kole,2.37602652,32.70959473,,,,,,
Epi-Centre Senge HC III,7651410059,clinic,Ministry of Health,,Butambala,0.16398837,32.16442317,,,,,,
Goodhope Health Care,1596072407,clinic,,,Kampala,0.30665624,32.61227337,,,,,,
Ikhlas Drug Shop,5338522795,doctors,Private,operational,Arua,3.03163845,30.91353242,,,,,,
PANYIGOR,11066741233,hospital,,,Pakwach,2.38543939,31.44346978,,,,,,
Care Drug Shop,3966532493,pharmacy,,,Budaka,1.10013347,34.01242344,Iki-Iki,,,,,
HEALTH CENTRE III,11056452016,clinic,,,Sironko,1.21616239,34.31891494,,,,,,
MATERNITY HOME,11010338166,hospital,,,Mukono,0.30104104,32.77853873,,,,,,
NISHA MED CARE CLINIC,11029993047,clinic,,,Kikuube,1.31956616,30.89102835,,,,,,
KABUHEMBA H/C II,11001478411,clinic,,,Rukungiri,-1.00807058,29.96691087,,,,,,
ABWONG HEALTH CENTRE II,1763342,hospital,,,Kwania,2.05595550,32.85391065,,,,,,
KAFUNJO HEALTH CENTRE II,11001478406,clinic,,,Rukungiri,-0.83093213,29.93729769,,,,,,
BUBEGGE,11056452439,clinic,,,Bugweri,0.59529538,33.57079664,,,,,,
NYABANI,11007308939,hospital,,,Kitagwenda,0.08922993,30.39809156,,,,,,
BUYAMBA HEALTH CENTRE II,9802975,hospital,,,Nakasongola,1.50429979,32.20706359,,,,,,
Lusaka General Care Clinic,4102726423,clinic,,,Kampala,0.28630104,32.58682952,"Lukuli Road, Kampala",,,,,
HEALTH CENTRE 11,11029992831,clinic,,,Hoima,1.49730869,31.50541942,,,,,,
NTUUSI,11029992933,hospital,,,Ssembabule,0.05177045,31.21535234,,,,,,
Trinity Medical Clinic Ondiriko,10023487001,doctors,,,Arua,3.12318149,30.88524659,,,,,,
Surgery Specialist,4064827095,clinic,,,Kampala,0.31937427,32.57389549,"Bombo Road, Kampala",,,,,
ALWI H/C III,6700497,hospital,,,Pakwach,2.46369578,31.35377067,,,,,,
Eden Pharmacy and Healthcare Ltd.,664584100,pharmacy,,,Wakiso,0.05548858,32.46367078,"Airport Road, Entebbe",,,,,
Medical and Eye Care Unit Buckby Branch,4043649807,clinic,,,Jinja,0.59028007,33.31501532,Busedde,,,,,
Jalia International Medical Center,8440240220,clinic,,,Wakiso,0.23320630,32.55283579,,,,,,
LWALA HOSPITAL,1353462,hospital,,,Kalaki,1.85944714,33.27833779,,,,,,
Yayari Health Center III,5549434,clinic,MSF;RMF,operational,Yumbe,3.53045992,31.35332995,,,,True,21,
Winner Medical Centre Nagongera,3990873094,clinic,,,Tororo,0.76217865,34.03868646,"Nagongera Street, Nagongera",,,,,
Soterias Pharmacy,3978017500,pharmacy,,,Luwero,0.83370420,32.49872147,,,,,,
ITANDA HC II,7235119,clinic,,,Iganga,0.82006927,33.47075049,,,,,,
Nyori Health Centre III,7502086,clinic,Local Government,non_operational,Yumbe,3.44519828,31.14867665,,,,,0,
KYAKATARA H/C II,11001734027,clinic,,,Kyenjojo,0.66296265,30.42759669,,,,,,
Downland Medical Clinic,4100092117,clinic,,,Kampala,0.29321737,32.57424996,Kampala,,,,,
Nakulabye Medical Centre,4102726446,clinic,,,Kampala,0.27141034,32.59039375,"Luwafu Road, Kampala",,,,,
HEALTH CENTRE,11001694684,clinic,,,Butambala,0.14829594,32.11503080,,,,,,
NAANYWA,11001694536,clinic,,,Lwengo,-0.53551933,31.40196570,,,,,,
KASANGA HEALTH CENTRE III,11001734149,hospital,,,Kasese,0.04557874,29.77620564,,,,,,
St Monica Health Centre ll,10102878040,doctors,,,Gulu,2.76999977,32.28894330,,,,,,
Real Medical Clinic,5533409729,clinic,,,Kampala,0.29077698,32.60387579,Babutiti Road,,,,,
Seeta- dental clinic,8463974519,dentist,,,Mukono,0.36813683,32.71226403,,,,,,
St James' Clinic,1498582165,doctors,,,Kampala,0.30135813,32.62133438,,,,,,
Masaka Phamaceuticals Limited,10047105740,pharmacy,,,Masaka,-0.34735751,31.73939958,,,,,,
KALUNGI,11001694589,clinic,,,Kalungu,-0.06538878,31.81758396,,,,,,
Igamara Health Center III,1512188,clinic,No,operational,Yumbe,3.31125329,31.25049163,Zone 04,,,True,6,
LUMINO HEALTH CENTRE III,9184899,clinic,,,Busia,0.32394652,33.98815079,,,,,,
Innocent'S Drug Shop,5985770894,doctors,Non,operational,Kikuube,1.16770326,30.76670997,,,,,1,
NYUMANJI,11054959890,hospital,,,Adjumani,3.45367037,31.94598105,,,,,,
NYAKYERA HEALTH CENTRE III,7111649,hospital,,,Ntungamo,-0.90458048,30.40795613,,,,,,
MASSE CLINIC,11007309012,hospital,,,Rwampara,-0.80931236,30.55543597,,,,,,
Ombu,5328918854,doctors,,operational,Arua,2.97839668,30.91045492,,,,,,
LUKOLO,11056452093,clinic,,,Jinja,0.56286940,33.18724636,,,,,,
Alahatawakal Drug Shop,5588620744,pharmacy,,operational,Yumbe,3.60653994,31.23303992,,,,,1,
ZEU,11066741278,hospital,,,Zombo,2.50989758,30.80295206,,,,,,
Al Albar Medical Clinic,10020547612,doctors,,,Arua,3.03574818,30.91314568,,,,,,
Lentan Pharmacy,4040404302,pharmacy,,,Jinja,0.43335064,33.21263892,"88/90 main street, Gokhale Road East, Jinja",,,,,
KALAMA HEALTH CENTRE 11,11010338275,hospital,,,Mityana,0.31268518,32.18641024,,,,,,
Nkono Central Medical Clinic,4069755441,clinic,,,Iganga,0.61678574,33.48173967,"Kaliro Road, Northern Division",,,,,
AKANGI HEALTH CENTRE II,7440227,hospital,,,Lira,2.38598187,32.97659438,,,,,,
Hajjat Aisha Nakasujja,3932129148,pharmacy,,,Kampala,0.31616945,32.57143783,,,,,,
No His Health Care,10102769153,doctors,,,Gulu,2.79793934,32.31372322,,,,,,
K. BLOCK MED. CLINIC,11001734141,clinic,,,Kasese,0.04420620,29.75090143,,,,,,
Kololo Hospital Kampala Ltd.,582857059,hospital,,,Kampala,0.33382895,32.58915860,"16, Kawalya Kaggwa Close, Kampala",,,,,
Galen Pharmacy,8963738633,pharmacy,private,,Kampala,0.34025385,32.57378669,,,,,3,
Town Medical Centre,10212571107,clinic,,,Kapchorwa,1.40153966,34.44308873,,,,,,
KARAMBI HEALTH CENTRE,11001734108,hospital,,,Kasese,0.06244313,29.74075002,,,,,,
KASAANA,11029993038,clinic,,,Mubende,0.55606497,31.39428678,,,,,,
HEALTH CENTRE III,11029993061,hospital,,,Gomba,0.21662555,31.39654286,,,,,,
Genre Of Medical And Child Care,10102833326,doctors,,,Gulu,2.78665453,32.29381344,,,,,,
Nalugugu,3955006908,clinic,,,Sironko,1.23768008,34.28850263,Bukiise Sub County,,,,,
HEALTH CENTRE II,11001734054,clinic,,,Bundibugyo,0.66983556,29.96742283,,,,,,
HEALTH CENTRE III,11073166794,hospital,,,Serere,1.48309692,33.15566494,,,,,,
BISHESHE HEALTH CENTRE III,5938503,hospital,,,Ibanda,-0.05446816,30.48929010,,,,,,
LUKUNG DISPENSARY,11080473491,hospital,,,Lamwo,3.59214176,32.70754627,,,,,,
HEALTH CENTRE 1V,11010338239,hospital,,,Mityana,0.31550745,32.12061834,,,,,,
KAGULU HEALTH CENTRE II,2210940,clinic,,,Buyende,1.23534253,33.30496173,,,,,,
BUKAYA,11056452156,hospital,,,Buikwe,0.42664419,33.19101705,,,,,,
BUYEGE,11010338328,clinic,,,Wakiso,0.14295877,32.38550123,,,,,,
RWESANDE HEALTH CENTRE IV,9083790,hospital,,,Kasese,0.39253580,30.15551710,,,,,,
Kamuli Health Centre,3990383053,doctors,,,Tororo,0.78930350,34.13619926,Mukuju,,,,,
St. Elizabeth Drug Shop,3958426960,doctors,,,Bukedea,1.22615396,34.06662845,"Kawo Kachumbala Road, Kachumbala",,,,,
MUKUNYU H/C III,11029992976,hospital,,,Kyenjojo,0.65271519,30.53228893,,,,,,
People's Pharmacy,3079717669,pharmacy,,,Soroti,1.71390252,33.61611080,,,,,,
JINJA REFERAL HOSPITAL,11056452204,clinic,,,Jinja,0.43015412,33.20438073,,,,,,
ABONYOTINGERE HC II,11073118395,hospital,,,Lira,2.23539084,32.96739634,,,,,,
Medical Clinic,5215671205,clinic,private,,Yumbe,3.47695999,31.37041663,,,,,,
Gaagi Foundation Medical Center,8632128803,doctors,private,,Zombo,2.40199189,30.87071497,,,,,2,
Labala Health Centre II,5456940765,doctors,Private,,Amuru,3.05940484,32.03219035,,,,,,
Good Life Medical Centre,10102817909,doctors,,,Gulu,2.76379347,32.25218698,,,,,,
AMUEN H/C II,11056451891,clinic,,,Bukedea,1.27570777,34.16447837,,,,,,
God Will Drug Shop.,5789319897,doctors,,non operational,Obongi,3.48602435,31.64097826,,,,,0,
Nelson Medical Specialists,4940646403,clinic,,,Kampala,0.34173459,32.59533748,,,,,,
Maluku Health Center,3955091325,doctors,,,Mbale,1.06778854,34.16229975,Mbale,,,,,
People's Clinic,3953772747,clinic,,,Manafwa,0.89208692,34.26413392,Khabutoola,,,,,
MASAKA MOTHERCARE CENTRE,10130151688,clinic,,,Masaka,-0.34478996,31.73780676,,,,,,
HEALTH CENTRE III,11056451968,hospital,,,Ngora,1.47704267,33.79371402,,,,,,
KISHAMI H/C II,11001478484,clinic,,,Ntungamo,-0.94278017,30.39068950,,,,,,
Sanyu clinic Gaba,4107802674,doctors,,,Kampala,0.25749219,32.63496863,"Ggaba, Kampala",,,,,
Dentist Omusawo Wa Mannyo,601447487,dentist,,,Kampala,0.31639677,32.64627758,,,,,,
HEALTH CENTRE I,11056451823,clinic,,,Sironko,1.18948875,34.33788117,,,,,,
KABUBWA HEALTH CENTRE II,11029992899,clinic,,,Kakumiro,0.88199813,31.41688758,,,,,,
Quick Recovery Health Care,10102769125,doctors,,,Gulu,2.77311247,32.31108602,,,,,,
Eco Pharm Pharmacy,4114252283,pharmacy,,,Kampala,0.33845299,32.58679247,Kampala,,,,,
HEALTH CENTRE II,11007309060,hospital,,,Kiruhura,-0.20557644,30.87200453,,,,,,
BWESUMBU HEALTH CENTRE II,11001734083,hospital,,,Kasese,0.43575775,30.13772047,,,,,,
God's Hope Drug Shop,3996068288,clinic,,,Bugiri,0.60333832,33.80839803,Iwemba,,,,,
HEALTH CENTRE,11056451875,clinic,,,Tororo,0.71030498,34.08808998,,,,,,
BULUBA,11056452137,hospital,,,Mayuge,0.49389313,33.38546144,,,,,,
Faith Drug Shop,3998032232,pharmacy,,,Bugiri,0.51519657,33.79979694,Kapyanga,,,,,
F1rst Pharmacy,3344055467,pharmacy,,,Kampala,0.33160464,32.57374562,,,,,,
KASOZI,11010338177,hospital,,,Wakiso,0.52747329,32.57046092,,,,,,
HEALTH CENTRE II,11010338357,clinic,,,Mityana,0.34908393,32.05986488,,,,,,
Musasizi Drug Shop,3998182462,doctors,,,Namutumba,0.78353390,33.74645786,Bulange,,,,,
ORABA HC II,11054940377,hospital,,,Koboko,3.53583775,30.88923948,,,,,,
Swinga Health Center II,5215672068,clinic,International Red Cross,,Yumbe,3.53116065,31.37364475,,,,,,
Victory Medical Clinic,10023486998,doctors,,,Arua,3.03974274,30.91358816,,,,,,
KIMS,11010338372,hospital,,,Kampala,0.31124835,32.58241603,,,,,,
Mwesigwa Medical Centre,8566377223,clinic,,,Wakiso,0.40796864,32.64170383,,,,,,
Delight Drug Shop,3956245279,pharmacy,,,Mbale,1.05064889,34.17201563,"Malare Road, Mbale",,,,,
KYANAMUGERA,11010338447,clinic,,,Kassanda,0.42802277,31.83624945,,,,,,
SOS Medical Centre,10102878047,doctors,,,Gulu,2.77026866,32.31010786,,,,,,
Rock Health Service,8560756418,hospital,,,Mukono,0.49843167,32.74313567,,,,,,
Bed Ki Gen Medical Centre,10102653171,doctors,,,Gulu,2.77433003,32.32217805,,,,,,
Skyline Drug Shop,5789318211,doctors,Private,operational,Adjumani,3.26390828,31.95297500,,,,,1,
Greenway Pharmacy,5966428678,pharmacy,,,Wakiso,0.16411058,32.54329634,,,,,,
MORTARY,11001694743,hospital,,,Kyotera,-0.53652826,31.62349185,,,,,,
NYAKINENGO HC II,8613222,clinic,,,Rukungiri,-0.83859562,29.88690275,,,,,,
Village Of Eden Medical Centre,3996068322,hospital,,,Bugiri,0.55192557,33.92780436,Buluguyi,,,,,
Grace General Clinic,8512567920,clinic,,,Wakiso,0.39419123,32.66413506,,,,,,
AMUGO HC III,11073166779,hospital,,,Alebtong,2.09839198,33.33356640,,,,,,
Inmer Medicare,10102721884,doctors,,,Gulu,2.80465006,32.32243537,,,,,,
KABUJOGERA HC III,11007285472,hospital,,,Kitagwenda,-0.09483717,30.40030899,,,,,,
St. John Mary Vianney Health Care Home,8274342519,doctors,private,,Kisoro,-1.26164562,29.72909448,,,,,1,
JK Pancrass Health Center III,8422310318,doctors,,,Mayuge,0.45670346,33.48196472,,,,,,
Namukuba Drug Shop,3998656761,pharmacy,,,Namayingo,0.41956182,33.89876475,Buswale,,,,,
Microbiology Laboratory,9822289662,laboratory,,,Kabale,-1.27218293,29.98485007,,,,,,
Persevere Domiciliary Clinic,8313709,clinic,,,Wakiso,0.09086373,32.49559585,,,,,,
Rift Vallet Medical Centre - Eddwaliro,3983235772,clinic,,,Kampala,0.28559889,32.58155747,,,,,,
BIGODI HEALTH CENTRE III,5288096,clinic,,,Kamwenge,0.40131442,30.41051857,,,,,,
NDERE HC II,1483951,clinic,,,Rukungiri,-0.71238721,29.93863468,,,,,,
Alpha Medical centre,10020547604,doctors,,,Arua,3.02624997,30.91456775,,,,,,
RUBARE,11001478452,hospital,,,Mitooma,-0.63750706,30.11921038,,,,,,
ST. JUDE CLINIC MATERNITY WARD,11056452284,clinic,,,Bukedea,1.34843209,34.04502829,,,,,,
MAKINDU H/C 111,5788331,hospital,,,Buikwe,0.28885526,33.08678456,,,,,,
Namwendwa Health Centre,2977455480,clinic,,,Jinja,0.63086692,33.13164744,,,,,,
KALAPATA HEALTH CENTRE II,11080473503,hospital,,,Kaabong,3.68182075,34.19963736,,,,,,
KYAMULIBWA HEALTH CENTRE IV,11001694510,hospital,,,Kalungu,-0.08531390,31.75793356,,,,,,
Supreme Medical Centre,3711838528,clinic,,,Masindi,1.68394384,31.72034692,,,,,,
KAGOROGORO CAMEL,11001734131,clinic,,,Kyenjojo,0.67197512,30.44183696,,,,,,
First Choice Pharmacy,9909163225,pharmacy,,,Lira,2.26057343,32.90352489,,,,,,
BUGONJA HC III,11001446282,hospital,,,Kanungu,-0.75301991,29.79373354,,,,,,
KAKORO,11056438801,clinic,,,Butebo,1.17758125,34.05608888,,,,,,
Kiziiko HC II,9367845,clinic,Ministry of Health,,Butambala,0.20119145,32.17328226,,,,,,
Naguru Main Hospital,10244336809,hospital,,,Kampala,0.32919418,32.60673168,,,,,,
Almighty Care Drug Shop,10020547606,doctors,,,Arua,2.98512014,30.91518357,,,,,,
CATTLE CRASH,11056451956,clinic,,,Bulambuli,1.49422474,34.44058178,,,,,,
NTAYIGIRWA HEALTH CENTRE II,1668609,clinic,,,Luuka,1.04388293,33.33383847,,,,,,
Ark Medical Center And Lab Services,5463102531,clinic,,,Kampala,0.29229310,32.57796155,Kampala,,,,,
OSUKURU,11056451895,clinic,,,Tororo,0.61613564,34.14818286,,,,,,
Elohai Healthcare,7807409003,pharmacy,,,Wakiso,0.27703795,32.57198986,Masajja,,,,,
Ineza Trust Human Drug Shop,8274342540,pharmacy,private,,Kisoro,-1.34212505,29.64874162,,,,,1,
HEALTH CENTRE II,11056451939,clinic,,,Namutumba,0.98114799,33.60369913,,,,,,
Kyakuwa General Clinic,4100092144,clinic,,,Kampala,0.29472796,32.57720483,"Kayimba Road, Kampala",,,,,
Cure Health Centre,4043791883,clinic,,,Jinja,0.46673702,33.23733427,Bugembe Town Council,,,,,
Bugalo Health center iii,1159208,hospital,,,Butaleja,0.88430172,33.85004896,Busaba,,,,,
Kabedopong Drug Shop,10102721879,doctors,,,Gulu,2.79313734,32.29339627,,,,,,
Roy Medical Centre,4105542226,clinic,,,Kampala,0.38309342,32.59529272,kampala,,,,,
WANDI,11054940399,hospital,,,Arua,3.11021007,30.99103225,,,,,,
KIBAALE,11001694554,hospital,,,Rakai,-0.77849444,31.34429267,,,,,,
KINYABWAMBA HC II,11001734186,clinic,,,Kasese,0.32770069,30.15236886,,,,,,
Good Neighbor Medicare Drug Shop,10020565430,doctors,,,Arua,3.02603523,30.90532058,,,,,,
MBN Lab Arua,9456933873,laboratory,,,Arua,3.01991468,30.91854865,,,,,,
Doctor's Hospital Out-patient Wing,2861736034,clinic,,,Wakiso,0.23281268,32.55253337,,,,,,
Uleppi Trading Centre,5354389876,doctors,,operational,Madi Okollo,2.77314324,31.03771668,,,,,,
HEALTH CENTRE II,11073166706,hospital,,,Dokolo,1.90229895,33.17583985,,,,,,
Heroes Domiciliary Clinic,8402200817,clinic,,,Kampala,0.28096186,32.56755474,,,,,,
Apsaru Drug Shop,5985770892,doctors,,operational,Kikuube,1.15618325,30.75472326,,,,,1,
Top Care Clinic,4102726491,clinic,,,Kampala,0.28685995,32.59159790,Kampala,,,,,
Victorious Vet Care Drug Shop,4107802679,doctors,,,Kampala,0.25352403,32.63241173,"Ggaba Road, Kampala",,,,,
KATIIRA HC III,11056452409,hospital,,,Budaka,1.14372976,34.03751794,,,,,,
Friends Medical Centre,3328436509,clinic,,,Kampala,0.30259228,32.61636550,,,,,,
Malcom Health Care,4107809617,clinic,,,Kampala,0.36781639,32.60405399,"Kisaasi Road, kampala",,,,,
WANGLANGO HC II,11080417483,hospital,,,Lamwo,3.52186378,33.06943469,,,,,,
BASE CAMP HC II,11080473495,hospital,,,Lamwo,3.42397757,32.73494169,,,,,,
De Grace Medical Center,9992537233,doctor,,,Lira,2.26214059,32.87158012,,,,,,
LEPROSY CENTRE,11056452371,clinic,,,Luuka,0.69766339,33.36547002,,,,,,
Good Samaritan Medical Clinic,4052772029,doctors,,,Iganga,0.60963514,33.47779389,Central Division,,,,,
Otheko Health Center II,8632128791,clinic,government,,Zombo,2.48286913,31.02389417,,,,,5,
Exodus Drug Shop,5985108582,clinic,,,Yumbe,3.37095163,31.30836666,,,,,,
BARR,11073166824,hospital,,,Lira,2.24764057,33.04007397,,,,,,
Angel Tammy Drug Shop,10102653177,doctors,,,Gulu,2.78805615,32.33760570,,,,,,
"KITIMBA H,C 111",11010338496,hospital,,,Butambala,0.29629504,32.26753206,,,,,,
Bukasa HC II,9602569,clinic,government,,Mpigi,0.00968022,31.93539068,,,,,,
ADIGO HC III,11073166734,hospital,,,Oyam,2.13398012,32.49920309,,,,,,
Josam Medical Center,9147833052,clinic,private,,Kampala,0.36896497,32.57271163,Kanyanya,,,,2,
ST ANNA HEALTH CENTRE II,11001446298,clinic,,,Kanungu,-0.69969668,29.76926333,,,,,,
Drug shop,8420596720,clinic,,,Mukono,0.40799287,32.69433178,,,,,,
KIJJUMAGWA HEALTH CENTER II,11010338118,hospital,,,Kiboga,0.79218654,31.84556996,,,,,,
Keah medical center nsambya Kevina,10970846483,clinic,,,Kampala,0.30169139,32.58148052,,,,,,
Kachomo Medical Clinic,3966247386,doctors,,,Budaka,1.11916064,33.93571939,Kachomo,,,,,
Engari HC III,8177667,hospital,,,Kazo,-0.05076495,30.63851505,,,,,,
ACII HEALTH CENTRE II,11073166865,hospital,,,Amolatar,1.57713526,32.63743593,,,,,,
Poly Clinic,4121584558,clinic,,,Kampala,0.31404607,32.57830110,"Burton Street, Kampala",,,,,
Pcl Health Care,10102769141,doctors,,,Gulu,2.75534435,32.30448016,,,,,,
Kamukira Health centre IV;Kamukira hc,8441361718,hospital,,,Kabale,-1.26452664,29.98413534,,,,,,
Shadia Drug Shop,9794277222,pharmacy,,,Wakiso,0.47365904,32.55135076,,,,,,
MWELLO HC II,1629166,clinic,,,Tororo,0.71175958,34.05734969,,,,,,
IDIWA Drug Shop.,5789319870,doctors,No organization.;Nopartner.,non operational,Obongi,3.42106997,31.55932495,,,,,1,
St. Raphael Children's Clinic,5490685,clinic,,,Ntungamo,-0.87814454,30.26583585,,,,,,
Epi Pharmacy,4782947522,pharmacy,,,Kampala,0.29960455,32.60741832,,,,,,
Lewa Health Center II,6369073,clinic,Medical teams international;Acf;Care,operational,Adjumani,3.29406167,31.90510829,,,,True,4,
KABONERO HEALTH CENTRE III,6435467,hospital,,,Bunyangabu,0.46694204,30.16244566,,,,,,
Health Point Medicare,10102817894,doctors,,,Gulu,2.76155727,32.32271860,,,,,,
T. D. Drug shop,6759001538,doctors,Turyatunga Dickson,operational,Kanungu,-0.77742676,29.64424162,,,,,1,
Carhariet Medical Clinic,3986168665,clinic,,,Tororo,0.69236025,34.18200443,"Uhuru drive, Western Division",,,,,
Entebbe Road Clinic,4825676638,clinic,,,Wakiso,0.23955349,32.55574942,,,,,,
Sigulu Health Centre III,8153612,clinic,,,Namayingo,0.09163486,33.86711594,Sigulu Islands,,,,,
KITAKA H/C II,11001694698,clinic,,,Gomba,0.14108935,31.97653678,,,,,,
KITIMBA HEALTH CENTRE II,11001478321,clinic,,,Rukungiri,-0.77262636,29.89883942,,,,,,
RWEMIGINA HC II,11007308947,hospital,,,Mbarara,-0.58941296,30.73119912,,,,,,
Concord Pharmacy,11112131005,pharmacy,,,Wakiso,0.39250990,32.48152918,,,,,,
St.Nyagisozi Health Center III,8274304199,clinic,private,,Kisoro,-1.25750931,29.61968994,,,,,14,
BUGAMBO HEALTH CENTRE II,3051943,clinic,,,Luuka,0.96827817,33.39535276,,,,,,
Your Pharmacy and Cosmetics,8539734717,pharmacy,,,Wakiso,0.38864878,32.65520632,,,,,,
RWOHO HEALTH CENTRE II,11007309029,hospital,,,Ntungamo,-0.85389377,30.52856007,,,,,,
MINZIRO,11001654299,clinic,,,Kyotera,-0.92279771,31.63144745,,,,,,
KIGAJJO HEALTH CENTRE II,11001694625,clinic,,,Kalungu,0.03310504,31.70311088,,,,,,
BIISO H/C III,11029993026,clinic,,,Buliisa,1.76066767,31.41986827,,,,,,
Holy Innocents Health Centre,3958445697,hospital,,,Bukedea,1.35753057,34.17608169,"Kamutor Road, Kolir",,,,,
NYABURIZA HEALTH CENTRE II,3314316,clinic,,,Ntungamo,-0.92852213,30.26477303,,,,,,
Zeu Health Center,8632128785,clinic,government,,Zombo,2.50955166,30.80311668,,,,,10,
WAKISO,11010338278,hospital,,,Wakiso,0.39658367,32.47726798,,,,,,
NKONGORO HEALTH CENTRE II,1293605,hospital,,,Kamwenge,0.17271880,30.37101583,,,,,,
AAR Bweyogerere,8440769318,clinic,,,Wakiso,0.35233544,32.66378763,,,,,,
BUDIMA HEALTH CENTRE III,8364214,clinic,,,Jinja,0.64149266,33.10391868,,,,,,
NSOZI HEALTH CENTRE III,3285995,clinic,,,Kikuube,1.24722874,30.94876726,,,,,,
SHUUKU,11007285471,hospital,,,Sheema,-0.68000432,30.30968075,,,,,,
St.Lawrence Lifecare Clinic,4123569172,doctors,,,Kampala,0.29726583,32.59145708,"Kabega Road, kampala",,,,,
St Agnes Drug Shop,8274342554,pharmacy,private,,Kisoro,-1.29328127,29.71375484,,,,,1,
Sajena Pharmacy,8420579517,pharmacy,,,Wakiso,0.39471015,32.63289629,,,,,,
KIBIRIZI H/C III,5007836,hospital,,,Rukungiri,-0.77663592,30.02163908,,,,,,
MAKONDO CBHC COMMUNITY BASED HEALTH CARE,11001694763,clinic,,,Lwengo,-0.50084566,31.47862373,,,,,,
Pandonor Pharmacy,8457637518,pharmacy,,,Kampala,0.33411905,32.62916995,,,,,,
HEALTH CENTH CENTRE III,11001734143,hospital,,,Bundibugyo,0.59022097,29.97854252,,,,,,
BORO,11066741260,hospital,,,Pakwach,2.32838956,31.36316570,,,,,,
B. O. M Drug,10102653174,doctors,,,Gulu,2.76083885,32.27820466,,,,,,
KORITOK HEALTH CENTRE II,11151230027,hospital,,,Katakwi,2.02839622,33.98483189,,,,,,
MAKUKUBA H CENTRE,11010338545,hospital,,,Mukono,0.58060836,32.74401543,,,,,,
Namirembe Medical Clinic,4104666133,clinic,,,Kampala,0.32694875,32.54375693,"Masiro Road, kampala",,,,,
Kirewa-Chawolo health centre 11,3990563770,doctors,,,Tororo,0.75642523,33.93204686,tororo,,,,,
SDA HEALTH CENTRE,11010338256,clinic,,,Mukono,0.31459265,32.76923272,,,,,,
Panorama Medical Center,610302532,doctor,,,Kampala,0.34184398,32.59429033,,,,,,
NALUGI,11010338249,clinic,,,Mityana,0.48577366,31.97463392,,,,,,
Hope Drug Shop,8274304185,pharmacy,private,,Kisoro,-1.27206482,29.61742163,,,,,1,
Life time pharmacy,8454564617,pharmacy,,,Namayingo,0.34262936,33.87762349,,,,,,
El Nino Clinic,7060880752,clinic,,,Kampala,0.35477214,32.56192495,,,,,,
LUDARA H/CENTRE III,11054940389,hospital,,,Koboko,3.51949799,31.00224489,,,,,,
Rugarama HC1V,8213226123,hospital,,,Rukungiri,-0.79291467,29.92759999,,,,,,
HEALTH 11,11001694569,clinic,,,Rakai,-0.69128527,31.44336283,,,,,,
Bandili Clinic,5308494962,doctors,,non-operational,Madi Okollo,3.04233996,31.25662936,,,,,,
Ezova,5333865328,doctors,Private,operational,Arua,3.03843324,30.91307996,,,,,,
Reev House,8710459417,pharmacy,,,Kampala,0.33442742,32.57285789,"515, Bombo Road",,,,,
MIDIGO,11054959843,hospital,,,Yumbe,3.61018657,31.23359304,,,,,,
CLINIC,11056452232,clinic,,,Buyende,1.21792712,33.37277015,,,,,,
HC II,11001478437,hospital,,,Kanungu,-0.89965653,29.79816899,,,,,,
Kigongo Trust Clinic,4105119552,doctors,,,Kampala,0.25914334,32.60257232,"Salaama Road, Kampala",,,,,
ST LUCEIN HC III,11001694688,hospital,,,Ssembabule,-0.24965008,31.52254356,,,,,,
Hope Drug Shop,3998656337,pharmacy,,,Namayingo,0.41869086,33.89741468,Buswale,,,,,
Smiles Dental Clinic,4005082566,dentist,,,Kampala,0.36636892,32.63337959,,,,,,
Quality Care Medical,10023482330,doctors,,,Arua,3.03206710,30.89929072,,,,,,
HOSPITAL,11056451957,clinic,,,Iganga,0.77937396,33.48608703,,,,,,
PADER HC III,7467400,hospital,,,Pader,2.85900678,33.08756014,,,,,,
KIGALAMA,11010338412,clinic,,,Mityana,0.56480470,31.95915657,,,,,,
Mastered Seed Health Centre,4043797800,doctors,,,Jinja,0.46566522,33.23149108,Bugembe Town Council,,,,,
ACOKARA HC II,11073166821,hospital,,,Oyam,2.55756714,32.63043612,,,,,,
MAHYORO,11007308952,hospital,,,Kitagwenda,-0.05688047,30.25764045,,,,,,
KIGOROBYA CLINIC,11029992870,clinic,,,Hoima,1.61987416,31.30959897,,,,,,
Jimmy and Farouq Clinic,4041880611,pharmacy,,,Jinja,0.61766157,33.29789587,"Namaganga Road, Busedde",,,,,
Newlife Medical Centre,4104666135,pharmacy,,,Kampala,0.32817175,32.53476616,"Sentema Road, Kampala",,,,,
OPITO HC III,11073166849,hospital,,,Omoro,2.63266732,32.51508923,,,,,,
Ultra Care Medical Services,8487895118,clinic,,,Kampala,0.36532806,32.62408045,,,,,,
Mayanja Memorial Hospital,8442096325,hospital,,,Mbarara,-0.58929511,30.67345753,,,,,,
KAGOTE HC III,11001734201,hospital,,,Kabarole,0.66456686,30.27377972,,,,,,
HEALTH CENTRE II,11073166832,hospital,,,Nakasongola,1.33163392,32.65050197,,,,,,
Gasto Medical Centre,2597519,clinic,,,Kampala,0.35286660,32.56172429,kampala,,,,,
KABUJOGERA KICECHE,11007285461,hospital,,,Kitagwenda,-0.09490045,30.40006658,,,,,,
DOM HEALTH CENTER,11010338017,clinic,,,Kampala,0.29928805,32.57979249,,,,,,
Hope For Life Drug Shop,8453962618,pharmacy,,,Nwoya,2.53723499,31.88033994,Arua - Kampala Road,,,,,
Quality Choice Drug Shop,10023482329,pharmacy,,,Arua,3.02464299,30.91267478,,,,,,
Karin Agonga Health Centre II,10102721877,doctors,,,Gulu,2.81948359,32.29034894,,,,,,
KIRUMBA,11001694522,clinic,,,Masaka,-0.31565112,31.74760387,,,,,,
Martyrs Family Clinic and Maternity Home,4107802664,doctors,,,Kampala,0.25493864,32.63340029,"Ggaba Road, Kampala",,,,,
Devine Valley Clinic,4102724077,clinic,,,Kampala,0.27458205,32.58695122,"Luwafu Road, Kampala",,,,,
MAKONGE COMMUNITY H/C III,11056452003,hospital,,,Buikwe,0.27092277,33.15000699,,,,,,
DISPENSARY,11029992919,clinic,,,Ssembabule,0.04987103,31.20102558,,,,,,
Shalom Medical & Dental Clinic,4100092591,doctors,,,Kampala,0.25615964,32.63658667,"Ggaba Market Street, Kampala",,,,,
BUNG HEALTH CENTRE II,7077831,hospital,,,Kole,2.26609056,32.77507214,,,,,,
HOPE CLINIC,11010338250,clinic,,,Kampala,0.25315833,32.62690205,,,,,,
Jomorogo Health Center III,9143424,clinic,ACF;RMF;NRC,operational,Yumbe,3.40178497,31.32827167,,,,True,25,
Koyro Dental & Traditional Clinic,610233377,dentist,,,Kampala,0.34107796,32.59103665,,,,,,
BUKULULA HEALTH CENTRE III,11001694690,hospital,,,Kalungu,-0.18051137,31.84553107,,,,,,
Ecoqure Pharmacy,8465151419,pharmacy,,,Wakiso,0.39710955,32.63850320,,,,,,
Qea Pharmacy,8410854817,pharmacy,,,Kampala,0.29022277,32.58529353,Hanlon Road,,,,,
ISLAMIC HEALTH CENTRE,11056452223,clinic,,,Jinja,0.43511226,33.19830570,,,,,,
HEALTH CENTRE,11010338368,clinic,,,Mityana,0.40173687,32.04389803,,,,,,
WALUKUBA,11056452394,clinic,,,Jinja,0.43852236,33.22487122,,,,,,
MM Pharmacy,8733079717,pharmacy,,,Kampala,0.33239992,32.57337329,Junju Road,,,,,
Mary J Medical Centre,8588880617,clinic,,,Wakiso,0.46296407,32.55547148,,,,,,
Mukisa diagnostics,8442922717,clinic,,,Mukono,0.37141944,32.71349826,,,,,,
BULAMU HOSPITAL,10130151693,clinic,,,Masaka,-0.34527268,31.73777122,,,,,,
Merit,3799573894,pharmacy,,,Kampala,0.32868028,32.57488757,,,,,,
MEDI-CURE CLINIC,11001694528,clinic,,,Kalungu,-0.13975327,31.87774079,,,,,,
KAKASI HC III,11007309027,hospital,,,Kitagwenda,-0.10016563,30.35030498,,,,,,
Life Care Pharmacy,3967544944,pharmacy,,,Kaliro,0.89614443,33.50596538,"Kisla Road, Kaliro",,,,,
Greenshield Pharmacy,4104857874,pharmacy,,,Kampala,0.29801635,32.60204099,"Tank Hill Road, kampala",,,,,
People's Clinic,4104858701,doctors,,,Kampala,0.28934577,32.62761795,"Bukasa Road, kampala",,,,,
HEALTH CENTRE II,11056451816,clinic,,,Jinja,0.62449282,33.32264989,,,,,,
Traditional Hub,5338522792,doctors,No,operational,Arua,3.02580095,30.90269386,,,,,,
LAMA,11054940387,hospital,,,Moyo,3.59917225,31.75701373,,,,,,
God's Grace Drug Shop,5789318212,doctors,Private,operational,Adjumani,3.26379998,31.95443998,,,,,1,
MORTUARY,11007285464,hospital,,,Mbarara,-0.61768604,30.65824320,,,,,,
Divine Medical Center,3074752326,clinic,,,Kumi,1.47225057,33.86581029,,,,,,
Ngando HC III,823964903709,hospital,Government,,Butambala,0.07588946,31.92545880,,,,,,
Tororo Prison Clinic,3995426888,doctors,,,Tororo,0.70179534,34.23667539,Osukuru,,,,,
BBAALE -GUNDA HEALTH CENTRE II,11001654304,clinic,,,Rakai,-0.82125380,31.39233112,,,,,,
Devis Medical Clinic,8453961117,clinic,,,Arua,3.08782788,31.01183714,Rhino Camp Road,,,,,
NSIIKA,11007309051,hospital,,,Buhweju,-0.36569795,30.43863147,,,,,,
BUGAMBA HC IV,3166279,hospital,,,Rwampara,-0.74272895,30.51970107,,,,,,
Jorrisam Medicare Clinic,4104857878,doctors,,,Kampala,0.29218782,32.62892243,"Katongole Market Lane, kampala",,,,,
Buyegu Health Center II,4048658313,doctors,,,Mayuge,0.40100739,33.58780855,Kigandalo,,,,,
Karin Medical Centre III Unyama,10102721876,hospital,,,Gulu,2.81603645,32.33489449,,,,,,
Perikonyi,8632128807,doctors,private,,Zombo,2.35259994,30.89871992,,,,,0,
KASAWO M ISSION,11010338442,clinic,,,Mukono,0.66200954,32.81244085,,,,,,
ST.MARYS'S MEDICAL CENTRE,11056452104,clinic,,,Sironko,1.23178718,34.29199906,,,,,,
JBK MEDICAL CENTER,11010338471,clinic,,,Kampala,0.27113474,32.61877756,,,,,,
DIRECTORATE OF HEALTH SERVICES (DOM),11056452338,clinic,,,Jinja,0.42056405,33.20487476,,,,,,
RUTETE,11001734101,hospital,,,Kabarole,0.55483744,30.29708317,,,,,,
Holy Face Of Jesus Pharmacy,4123569161,doctors,,,Kampala,0.29646704,32.59013777,"Kabega Road, kampala",,,,,
Jovta Medical Center,7060880744,clinic,,,Kampala,0.37441169,32.55569997,,,,,,
KISHENYI,11007285497,hospital,,,Rubirizi,-0.24186941,29.93492276,,,,,,
Life Care Drugshop,3996068302,pharmacy,,,Bugiri,0.71630274,33.67519852,Nabukalu,,,,,
NAMALU HEALTH CENTRE III,11151230021,hospital,,,Nakapiripirit,1.62250197,34.59563526,,,,,,
BIKONE,11001734159,clinic,,,Kasese,0.34686708,30.06748256,,,,,,
TUNYI HEALTH CENTRE II,2896915,clinic,,,Bulambuli,1.24429483,34.34879072,,,,,,
Chandaria Medical Clinic,6225306,doctors,Uganda Baati Ltd.,,Kampala,0.31424488,32.61499363,,,,,,
Kirikumwino Pharmacy,8445060318,pharmacy,,,Namayingo,0.33920276,33.87765895,,,,,,
NSORRO MUKAHANGA HCII,11029992959,clinic,,,Kabarole,0.81132234,30.40649793,,,,,,
BUHENYE,11056438788,clinic,,,Busia,0.29928755,33.98427567,,,,,,
NYABUGANDO,11001734192,hospital,,,Kasese,0.01250676,29.74213722,,,,,,
Kamati Human Drugs,10583475451,pharmacy,private,,Hoima,1.42624868,31.34601825,Hoima,,,,,
Drugshop,5215672057,pharmacy,Refugee,,Yumbe,3.52862328,31.35054498,,,,,,
BUNONO H.C II,11001478358,clinic,,,Rukungiri,-1.02563285,30.04201037,,,,,,
Lasan Pharmacy,3806510187,pharmacy,,,Wakiso,0.28287067,32.45617275,,,,,,
Happy Land Drug Shop,3958426627,pharmacy,,,Bukedea,1.21505933,34.11914837,"Lira-Mbale Road, Kachumbala",,,,,
Sibona Medical Centre,3999951567,clinic,,,Busia,0.35170990,34.07147143,,,,,,
AKARAD HEALTH CENTRE II,11056451838,clinic,,,Katakwi,1.68181785,33.95288955,,,,,,
BUJUBULI,11029993035,clinic,,,Kyegegwa,0.35831584,31.07989299,,,,,,
Ali Drug Shop,5559515012,pharmacy,Health Care Horizon,operational,Yumbe,3.51515214,31.14174364,,,,,1,
KIHYO HEALTH CENTRE II,5917859,hospital,,,Kasese,0.35382029,30.14017210,,,,,,
Gulu Military Hospital Health Center IV,10102817904,hospital,,,Gulu,2.78014414,32.28059484,,,,,,
Doctor's Plaza,4052772022,doctors,,,Iganga,0.61426128,33.47863074,Central Division,,,,,
KOBOKO,11054940367,hospital,,,Koboko,3.40926422,30.95974034,,,,,,
Goboro Medical Drug Shop,6351698903,doctors,Ministry Of Health,operational,Yumbe,3.63818825,31.44943669,,,,,1,
HEALTH CENTRE 11,11073118392,hospital,,,Dokolo,1.90019945,33.04363486,,,,,,
LWAMATA,11010338403,clinic,,,Kiboga,0.83514907,31.89569944,,,,,,
NYANKWANZI,11029993031,clinic,,,Kyenjojo,0.81615903,30.73446378,,,,,,
MATEETE HEALTH CENTRE III,11001694570,hospital,,,Ssembabule,-0.24458062,31.48138959,,,,,,
KAINA HEALTH CENTRE II,11001478503,clinic,,,Ntungamo,-1.09845843,30.15526455,,,,,,
jordan medical clinic,10685489483,clinic,,,Wakiso,0.35292309,32.55286110,,,,,,
Kibale Community Medical Centre,2423111,doctors,,,Pallisa,1.21558714,33.79124714,"Palissa-kumi Road, Kibale Subcounty",,,,,
Bajja Basanga Clinic,9147833032,clinic,private,,Kampala,0.38116449,32.55670093,,,,,3,
Kaderuna Health Centre 3,4445074,doctors,,,Budaka,1.12119577,33.93555175,Kachomo,,,,,
ST MARYS HEALTH CENTRE,11029992932,hospital,,,Kakumiro,1.06856403,31.18331906,,,,,,
Jawa Clinic,4123569162,doctors,,,Kampala,0.29590687,32.59448655,"Gogonya Road, kampala",,,,,
JB Medical,7325325685,hospital,,,Wakiso,0.40738116,32.64166829,,,,,,
Doctor's Medical Centre,1165070,hospital,,,Kampala,0.38520733,32.57798544,Gayaza Road,,,,,
KATOJO H/C II,11001478434,clinic,,,Ntungamo,-0.97931328,30.32484076,,,,,,
International Medical Centre,4041584276,clinic,,,Jinja,0.43173243,33.20877285,"Clive Road, Jinja Central Division",,,,,
Rainbow Medical Clinic And Laboratory Services,9992537222,doctors,,,Lira,2.23012692,32.88777613,,,,,,
BUSHWERE HEALTH CENTRE II,9464077,hospital,,,Rwampara,-0.79053304,30.56187629,,,,,,
NAMALERE,11010338373,clinic,,,Wakiso,0.42799058,32.55472239,,,,,,
LOPUTUK HEALTH CENTRE III,7422865,hospital,,,Moroto,2.34006279,34.74282206,,,,,,
St. Kizito Bwayiise Clinic,4886038,clinic,,,Kampala,0.35625582,32.56347955,"Grower's Road, kampala",,,,,
Joint Medical Centre,9909142414,doctor,,,Lira,2.25016537,32.89894779,,,,,,
GOGONYO,11056452195,clinic,,,Pallisa,1.21789954,33.65680444,,,,,,
Wandegeya Imaging Center and Medical Center,8963716798,clinic,private,,Kampala,0.33155670,32.57445632,,,,,2,
Moriah Pharmacy,8556954417,pharmacy,,,Wakiso,0.38773490,32.65466652,,,,,,
MSF Health Centre,5299222400,doctors,MSF,operational,Arua,3.16974036,31.17567317,,,,,,
Naweyo Maternity Ward,3995680097,clinic,,,Butaleja,0.99977769,34.08392015,Naweyo,,,,,
MUGOYE,11001694775,clinic,,,Kalangala,-0.28478593,32.14291185,,,,,,
KINYABWAMBA,11001734205,hospital,,,Kasese,0.32791770,30.15262903,,,,,,
Tamam Drug Shop,5789318225,doctors,Private,operational,Adjumani,3.45756829,31.75181167,,,,,1,
Humi Care Clinic,10023811309,doctors,,,Arua,2.98859075,30.93266604,,,,,,
KATWE HEALTH CENTRE IV,11010334401,hospital,,,Kiboga,0.78640042,32.03370395,,,,,,
NAMWENDIA HEALTHCENTRE II,11056452010,clinic,,,Tororo,0.85363955,34.06837549,,,,,,
Yusuf Drug Shop,3966532537,pharmacy,,,Budaka,1.10078600,34.01178357,Iki - Iki,,,,,
Laroo Health Center III,10039928192,hospital,,,Gulu,2.78540923,32.32496336,,,,,,
KIJOMORO,11054959819,hospital,,,Maracha,3.16719402,30.91134717,,,,,,
Mirembe Health Center,12278511676,hospital,,,Wakiso,0.44740684,32.61321617,,,,,,
MTI Health Post,5215671214,clinic,MTI,,Yumbe,3.40494662,31.37438999,,,,,,
MAWOITO,11056452006,clinic,,,Jinja,0.65771407,33.12290034,,,,,,
KISIIHA HEALTHE CENTRE II,11029992837,clinic,,,Kikuube,1.31922074,31.28531400,,,,,,
KACHEERA HEALTH CENTRE IV,11001694697,hospital,,,Rakai,-0.54657691,31.16125244,,,,,,
LOBALANGIT HEALTH III,11080473435,hospital,,,Karenga,3.47254416,33.69329438,,,,,,
Uriama Health Centre 3,5328918859,clinic,Mti,operational,Arua,3.12060497,31.15925327,,,,True,,
Life Care Drug Shop,6288776632,clinic,Life care,operational,Isingiro,-0.73195585,31.04015406,,,,True,,
Micu Parish Health Centre II,10023811287,hospital,,,Arua,3.11339159,30.86346563,,,,,,
Rhona Clinic,8481522026,clinic,,,Wakiso,0.37994358,32.64652426,Kyaliwajjala - Naalya Road,,,,,
Tororo General Clinic,8894272,clinic,,,Tororo,0.69469612,34.17762648,"Nagongera, Western Division",,,,,
God Gift Medical Care,10102833321,doctors,,,Gulu,2.78802069,32.33754384,,,,,,
HEALTH CENTRE II,11001478481,clinic,,,Kanungu,-0.80547822,29.66410464,,,,,,
ST FRANCIS H/CENTRE,11010338504,hospital,,,Mityana,0.39944819,32.04911735,,,,,,
Mola Medical Center,1655899474,clinic,,,Gulu,2.77256715,32.30007036,,,,,,
JINJA CENTRAL,11056452436,clinic,,,Jinja,0.42144155,33.20845166,,,,,,
Drug Shop,6735301018,doctors,,operational,Rukungiri,-0.40823007,29.77521163,,,,,1,
LUKWO HC II,11080473432,hospital,,,Kitgum,3.29982205,32.92884025,,,,,,
BUKALAMULI HEALTH CENTRE II,11010338483,clinic,,,Mityana,0.66307740,32.08892326,,,,,,
Chinese Medical Centre,609005141,doctors,,,Kampala,0.29939115,32.60530633,,,,,,
Elgon Labaratory,3948109163,clinic,,,Mbale,1.07245676,34.17940705,mbale,,,,,
Equator Health Centre,7060880742,clinic,,,Kampala,0.36439775,32.55715959,,,,,,
CLINIC,11001478479,clinic,,,Kanungu,-0.84854670,29.64396854,,,,,,
Rweikiniro health center three,8911685317,hospital,,,Ntungamo,-0.99311995,30.28933728,,,,,,
Ombidri-Ondria Health Centre III,5308494949,clinic,Government;IDI;COMUA,operational,Arua,3.06842000,30.96569493,,,,,,
Perfect Human Drug Shop,6759234879,pharmacy,Private,operational,Kisoro,-1.29414678,29.60311665,,,,,1,
KOLOLO,11010338169,hospital,,,Kampala,0.33411972,32.58897545,,,,,,
DEM Pharmacy,4105542212,pharmacy,,,Kampala,0.37757963,32.59962215,kampala,,,,,
Nakalama Maternity Home And Life Care Clinic,4052756561,clinic,,,Iganga,0.63084747,33.51959033,"Jinja - Mbale Road, Nakalama",,,,,
BUZAYA HEALTH CENTRE II,11056452063,clinic,,,Iganga,0.88646308,33.41413677,,,,,,
MARYLAND KOCOA,11054959838,hospital,,,Adjumani,3.36556593,31.81937685,,,,,,
Pharmaco Pharmacy,10102769139,pharmacy,,,Gulu,2.76989123,32.29799617,,,,,,
Bridge Dental,8963716809,dentist,private,,Kampala,0.33219305,32.57386959,,,,,2,
BUMPOMBOLI AID POST,11001734211,clinic,,,Bundibugyo,0.67811512,30.06880296,,,,,,
BUYOGA HEALTH CENTRE II,11056452059,clinic,,,Luuka,0.92111018,33.36205674,,,,,,
Ofua 6 Health Post,5193275997,clinic,MSF-Holland,operational,Arua,3.13190512,31.22770459,,,,,,
Jeremiah Drug Shop,5789318249,doctors,Private,operational,Adjumani,3.38105166,32.01563492,,,,,1,
Doctor's Clinic,3338683409,doctors,,,Kyankwanzi,1.16367575,31.57178456,,,,,,
Good Samaritan Drug Shop,8497075217,pharmacy,,,Kiryandongo,1.81047763,32.00985107,Bobi-Masindi Road,,,,,
Musema's Drug Shop,5559514997,pharmacy,Private,operational,Yumbe,3.39263998,31.28382998,,,,,1,
PAILA,11066741211,hospital,,,Pakwach,2.46653439,31.31701988,,,,,,
Eden Diagnostic Laboratory,3947925172,doctors,,,Mbale,1.07684309,34.17502080,"Pallisa Road, Mbale",,,,,
Zee Pharmaceutical Ltd,9126274868,pharmacy,Zee Group of Companies,,Mbale,1.07601429,34.17625579,,,,,,
Lodonga Health Center IV,2493020,clinic,,,Yumbe,3.41557186,31.11703170,Moyo Road,,,,,
MBIRZI MUSLIM HC,11001694654,hospital,,,Lwengo,-0.39361463,31.45775858,,,,,,
HEALTH CENTRE III,11056452398,hospital,,,Namutumba,0.86206135,33.56679503,,,,,,
Kagoda Drug Shop,4041880612,clinic,,,Jinja,0.61679714,33.29857354,"Kakira Road, Jinja",,,,,
St Joseph Medical Clinic,4086620651,doctor,,,Kampala,0.36780240,32.57718915,"Kitara Street, Kampala",,,,,
BISHOP MASEREKA MEDICAL CENTRE,11001730378,clinic,,,Kasese,0.17431957,30.07879553,,,,,,
Drug Shop,8274342526,pharmacy,private,,Kisoro,-1.30774382,29.77618074,,,,,1,
ITULA HEALTH CENTRE II,11054959844,hospital,,,Obongi,3.40637725,31.61004267,,,,,,
Trinity Pharmacy,3559209883,pharmacy,,,Kampala,0.38188374,32.55645476,,,,,,
Shaza Health Centre III,8336695385,clinic,government,,Kisoro,-1.28476517,29.69028333,,,,,6,
Nhodho Drug Shop,5559515013,pharmacy,Private,operational,Yumbe,3.51510176,31.14171188,,,,,0,
Redeemer Human Drug Shop,8274304213,pharmacy,private,,Kisoro,-1.27599007,29.75017497,,,,,1,
KAKIGANDO,11029992944,clinic,,,Mubende,0.66764897,31.26856469,,,,,,
ST LUKE HEALTH CENTRE,11066741298,hospital,,,Madi Okollo,2.75613049,31.06511897,,,,,,
BANDA COMMUNITY,11010338207,clinic,,,Kampala,0.34417498,32.63538169,,,,,,
Katie General Clinic,4107802654,clinic,,,Kampala,0.30141412,32.57518915,"Mutesi General Clinic, Kampala",,,,,
Eco Pharm Pharmacy,8519458425,pharmacy,,,Kampala,0.28800936,32.56970789,,,,,,
Live Medical Care Clinic,4050205393,doctors,,,Luuka,0.76540459,33.33072460,Luuka Trading Centre,,,,,
Omeei Health Centre II,5456940756,doctors,,,Amuru,2.85261969,31.77124544,,,,,,
Alere Health Center II,2824639,clinic,Medical teams international;CUAM,operational,Adjumani,3.46013324,31.75768168,,,,True,7,
St. Francis Medical Centre,8458236222,clinic,,,Ibanda,0.07834259,30.47401534,,,,,,
KYEIHARA,11001478431,hospital,,,Sheema,-0.74567728,30.20667462,,,,,,
BUNTABA HEALTH CENTRE 11,11010338542,clinic,,,Mukono,0.47874476,32.72843624,,,,,,
Paya Health Centre III,2803445,doctors,,,Tororo,0.83313079,34.01302132,Paya,,,,,
ACHLI PII HC III,11073166711,hospital,,,Agago,2.69484872,33.10018513,,,,,,
LOINYA H/C II,11054959849,hospital,,,Maracha,3.28931835,30.98007677,,,,,,
Kishenyi Day Care Drug Shop,6735301024,doctors,,operational,Rubirizi,-0.31124500,29.86725498,,,,,1,
RWENGWE HEALTH CENTRE II,8934584,hospital,,,Ibanda,-0.13322872,30.56237744,,,,,,
KIROBA HC II,11056452413,clinic,,,Luuka,0.69012714,33.36512795,,,,,,
LABER HC II,11080417488,hospital,,,Kitgum,3.17963486,33.13109122,,,,,,
HEALTH CENTRE II,11073166784,hospital,,,Nakasongola,1.24718834,32.72285347,,,,,,
Medical and Eye Care Unit Buckby Branch,4041880616,clinic,,,Jinja,0.59048727,33.31549778,,,,,,
PADEA,11066739663,hospital,,,Zombo,2.37573843,30.92041237,,,,,,
CIFORO,11054959873,hospital,,,Adjumani,3.35610309,31.71118064,,,,,,
Pubungu Pharmacy,8536694817,pharmacy,,,Nebbi,2.47881589,31.09177560,,,,,,
NAIGOBYA HC II NGO,11056452263,clinic,,,Luuka,0.82121139,33.36427618,,,,,,
POLICE CELL H/C II,11066741214,hospital,,,Arua,3.01714823,30.91138028,,,,,,
Busy bee dental clinic,8498974217,clinic,,,Kampala,0.35266552,32.58003875,,,,,,
Jiwco Pharmacy,9124073571,pharmacy,,,Mbale,1.07608026,34.17640205,13,,,,,
MUHORORO,11029979798,clinic,,,Kagadi,0.91657155,30.75306624,,,,,,
HEALTH UNIT III,11073166757,hospital,,,Nakasongola,1.50641068,32.09940282,,,,,,
Ogua Health Centre,5308494954,clinic,Government;UHMG,operational,Arua,3.14107995,31.02379325,,,,,,
Pioneer Medical Service,5587924037,doctors,Pioneer Medical Service,operational,Yumbe,3.46784166,31.24629498,,,,,8,
NAMPOLOGOMA HEALTH CENTRE II,3223809,clinic,,,Butaleja,0.96500562,34.02645014,,,,,,
Nkuringo Green Hill Health Centre II,9613714,clinic,government,,Kisoro,-1.07834421,29.62669017,,,,,4,
IBUJE H/L III,11073166864,hospital,,,Apac,1.89793902,32.37871508,,,,,,
LIFE SAVER,11010338398,clinic,,,Kampala,0.34119363,32.56757779,,,,,,
Kesho Drug Shop,5559514990,pharmacy,Kesho Drug Shop,operational,Yumbe,3.40451286,31.23516767,,,,,2,
Mpoya Drug Shop,3967544952,clinic,,,Kaliro,0.91828020,33.43249306,"Gabula Road, Namugongo",,,,,
Dan and Day Pharmacy,8515857420,pharmacy,,,Wakiso,0.39125027,32.65873057,,,,,,
A & S Pharmacy,4014608589,pharmacy,,,Bugiri,0.56527844,33.75434112,"Bugiri-Tororo Road, Bugiri Town Council",,,,,
St Marys Medical Centre,10102878041,doctors,,,Gulu,2.77350885,32.29722839,,,,,,
Happy hour drug shop,8536689218,pharmacy,,,Nebbi,2.47867575,31.09151844,,,,,,
KARAMA CLINIC,11029992824,clinic,,,Kikuube,1.15414352,31.01496359,,,,,,
ALYAKAMER HEALTH CENTRE II,11151161582,hospital,,,Katakwi,1.94360204,33.93362467,,,,,,
Amakuva,5332973052,doctors,No,operational,Arua,3.05319092,30.85255566,,,,,,
Abacus Pharma(A) ltd,9903650393,pharmacy,,,Lira,2.24317905,32.89576719,,,,,,
PATONGO HC III,11080473506,hospital,,,Agago,2.77545077,33.30453668,,,,,,
Bumasikje Health Center,3946136632,doctors,,,Mbale,0.89564235,34.18306927,mbale,,,,,
TE GO ATO HC II,11080473482,hospital,,,Gulu,2.87179145,32.53256508,,,,,,
HEALTH UNIT,11056438800,clinic,,,Budaka,1.05513463,34.06487907,,,,,,
MUKUJU HEALTH CENTER IV,5719259,clinic,,,Tororo,0.74475125,34.19108387,,,,,,
Mayirinya Health Center II,4048658323,doctors,,,Mayuge,0.39385520,33.67513599,Kigandalo,,,,,
MUYENJE HC III,11010338024,hospital,,,Kiboga,0.77665755,32.11386504,,,,,,
Kolir Health Centre,3958445703,hospital,,,Bukedea,1.31815188,34.16425944,"Kachumbala Road, Kolir",,,,,
Salama Drug Shop,5594324676,pharmacy,Private,operational,Yumbe,3.57956505,31.51611255,,,,,0,
ARIPEA,11054940337,hospital,,,Arua,3.17385034,31.04103114,,,,,,
KAKATUNDA,11001478403,hospital,,,Rukiga,-1.21441041,30.12223776,,,,,,
KAGONGI HEALTH CENTRE III,5797705,hospital,,,Mbarara,-0.27270166,30.56031868,,,,,,
ST LUKE HEALTH CENTRE III,11001734215,hospital,,,Kabarole,0.46371107,30.30952770,,,,,,
IMC,4187143190,clinic,,,Gulu,2.77695373,32.29644686,,,,,,
BUTABIKA,11010338426,hospital,,,Kampala,0.31387214,32.65906593,,,,,,
SEYA,11010338111,clinic,,,Kampala,0.36250839,32.56333504,,,,,,
Twebaze Mukama Drug Shop,4104858706,doctors,,,Kampala,0.28868033,32.62750622,"Zzimwe Road, kampala",,,,,
GARUBUNDA HEALTH CENTRE II,6035922,clinic,,,Rukungiri,-0.82784055,30.00191009,,,,,,
KATIIRA H/C III,11056451992,hospital,,,Budaka,1.10854907,34.04174736,,,,,,
HEALTH CENTRE II,11056452265,clinic,,,Bugweri,0.76046204,33.58688503,,,,,,
Marie stopes Ug,10756666373,clinic,,,Hoima,1.43489997,31.34755583,,,,,,
Kasenge Medic Chambers,3998484514,clinic,,,Wakiso,0.25633306,32.50528969,,,,,,
KYANI HC II,2954729,clinic,,,Kaliro,0.96847715,33.52723019,,,,,,
GOLDEN LIFE PHARMACY,8696680817,pharmacy,,,Kiryandongo,1.81073378,32.00855498,,,,,,
Buyaya HC II,782490403909,clinic,,,Sironko,1.16974987,34.24537958,"Bukumbale Buyaya Road, Buwalasi",,,,,
EBENEZER HEALTH CENTRE III,11001734144,hospital,,,Bundibugyo,0.77126832,30.14479698,,,,,,
Judith Drug Shop,3955387759,clinic,,,Sironko,1.19626510,34.19377857,"Sironko Kapchorwa Road, Bukhulo Sub County",,,,,
Kisa Clinic,10116714306,clinic,,,Masaka,-0.34290395,31.73713294,,,,,,
PANYAGORO HEALTH CENTRE III,11066741275,hospital,,,Pakwach,2.38550276,31.44353264,,,,,,
MB Medical Clinic with Lab Services,601447482,doctors,,,Kampala,0.31646827,32.64627758,,,,,,
St.Luke Medical Clinic,10583475423,clinic,private,,Hoima,1.43772979,31.35068387,Hoima,,,,,
HEALTH UNIT,11056452094,clinic,,,Namutumba,0.88288057,33.60873330,,,,,,
Hope Clinc,608969405,doctors,,,Kampala,0.28693815,32.60762577,,,,,,
NYAKARAMA,11001478375,clinic,,,Sheema,-0.71780796,30.29537619,,,,,,
KAMWENGE HEALTH CENTRE III,4897153,hospital,,,Kamwenge,0.18020417,30.44832078,,,,,,
ETAM HEALTH CENTRE III,2130254,hospital,,,Amolatar,1.65972827,32.70303304,,,,,,
Makhonje Health Centre III,3368394,hospital,,,Mbale,0.91767536,34.12904706,Mbale,,,,,
Frankia Pharmacy,3959040462,clinic,,,Bukedea,1.34850384,34.04349247,Bukedia,,,,,
KIWANGALA HEALTH CENTRE IV,9095942,hospital,,,Lwengo,-0.47508732,31.51591054,,,,,,
Ikafe Police Training School Health Centre II,5559515008,clinic,Government;ZOA,operational,Yumbe,3.29848329,31.34491838,,,,True,3,
TASO OFFICE,11007308976,hospital,,,Mbarara,-0.61823816,30.65985026,,,,,,
Ebenezer Human Drugs,10583475462,pharmacy,private,,Hoima,1.41991439,31.33939144,Hoima,,,,,
Bulidha Health Centre 3,5127750,clinic,,,Bugiri,0.42021435,33.72994702,"Wakawaka road, Bulidha",,,,,
NABIGASA,11001694804,hospital,,,Kyotera,-0.55779013,31.48922013,,,,,,
Mobile Clinic,5215671209,doctors,MTI,,Yumbe,3.40506497,31.41469823,,,,,,
PARTNERS' HOUSE,11056452380,clinic,,,Jinja,0.43178272,33.20308665,,,,,,
Florence Drug Shop,5308494961,pharmacy,Private Clinic,,Arua,3.04879495,30.94324165,,,,,,
Kawanda health center 3,8633541,hospital,,,Wakiso,0.41484658,32.53263934,,,,,,
Mugufeni Drug Shop,5596495808,pharmacy,Private,operational,Yumbe,3.54965163,31.34021823,,,,,1,
NYABYAJJWE,11001694705,clinic,,,Kyotera,-0.58652690,31.64367254,,,,,,
GOODHOPE HEALTH UNIT,11007308924,hospital,,,Kitagwenda,-0.05674502,30.26240698,,,,,,
HEALTH CENTRE 11,11010338370,hospital,,,Buikwe,0.29926894,33.04035829,,,,,,
MATERNITY CENTRE,11010338381,hospital,,,Mukono,0.39506537,32.68693786,,,,,,
Rhema Pharmacy Wholesale,8494569320,pharmacy,,,Nebbi,2.47746305,31.09088385,,,,,,
TWO MEDIC CLINIC,11010338141,clinic,,,Kampala,0.36019230,32.56186134,,,,,,
CLINIC,11029992908,clinic,,,Kagadi,0.98634427,30.66137116,,,,,,
KYAYIMBA HEALTH CENTRE II,11010338313,clinic,,,Kiboga,0.98847738,31.85668763,,,,,,
Human Drug Shop,8336695386,pharmacy,private,,Kisoro,-1.29671801,29.67813670,,,,,2,
KITUNA,11066741258,hospital,,,Nebbi,2.30097278,31.25224185,,,,,,
PALLISA,11056452375,clinic,,,Pallisa,1.17574636,33.71192693,,,,,,
Bubutu Health Centre 3,5564166,clinic,,,Namisindwa,0.81448315,34.32575348,Bubutu,,,,,
DISPENSARY,11010338184,clinic,,,Mpigi,0.13729067,32.22686014,,,,,,
WAMBABYA HEALTH CENTRE II,8915318,clinic,,,Kikuube,1.37778317,31.12843176,,,,,,
St Kathryn Medical Center,3968713249,doctors,,,Kibuku,1.01764959,33.87758418,"Tirinyi Road, Kadama",,,,,
NAMUGONGO,11010338273,clinic,,,Wakiso,0.38788292,32.65424072,,,,,,
KIKONGI HEALTH CENTRE II,8561834,clinic,,,Rukungiri,-0.66536532,29.81845370,,,,,,
Niam Health Centre,10102769156,doctors,,,Gulu,2.76736986,32.29890435,,,,,,
God's Mercy Drug Shop,6759234876,pharmacy,Private,operational,Kisoro,-1.33986336,29.72470999,,,,,1,
Apex Medical Center,10020547601,doctors,,,Arua,3.02004284,30.90119459,,,,,,
HEALTH CENTRE 11,11001694601,clinic,,,Ssembabule,-0.24068245,31.56361908,,,,,,
God's Glory Drug Shop,8632128802,pharmacy,private,,Zombo,2.40124909,30.87205784,,,,,1,
ST STEPHENE,11010338384,hospital,,,Kampala,0.30090089,32.64908878,,,,,,
Aaron Pharmaceuticals LTD,4121413929,pharmacy,,,Kampala,0.31579805,32.57600613,"Wilson Street, kampala",,,,,
St. Francis of Asisi,5472342905,clinic,,,Mubende,0.51711242,31.40021036,"Kayunga, Mubende",,,,,
HEALTH CENTRE 111,11001478329,hospital,,,Kanungu,-0.78447870,29.70069332,,,,,,
UMSC KAKUNGUBE,11010338073,clinic,,,Kassanda,0.44069796,31.91114896,,,,,,
KABUWOKO,11001694745,clinic,,,Kyotera,-0.46569204,31.65781223,,,,,,
Papoga,8632128777,clinic,government,,Zombo,2.49256498,30.84558494,,,,,1,
KAZINGA HEALTH CENTRE II,11001446291,clinic,,,Kanungu,-0.75695035,29.65866956,,,,,,
Muluka Clinic Day Care,4041947948,clinic,,,Jinja,0.60972684,33.19089299,Buwenge,,,,,
Human Care Drug Shop,8274304193,pharmacy,private,,Kisoro,-1.17520707,29.71484063,,,,,0,
St. Amos Midcare Clinic,8336695391,doctors,private,,Kisoro,-1.19143175,29.64044823,,,,,2,
Bulo HC III,9410287,clinic,government,,Butambala,0.11330435,31.99898008,,,,,,
Kabarwa Health Center III,6182666,doctors,,,Bukedea,1.43874660,34.12801978,Malera,,,,,
Charity Drug Shop,8632128753,pharmacy,private,,Zombo,2.41769824,30.98532493,,,,,1,
POYAMERI,11056451930,hospital,,,Tororo,0.61945957,34.08567088,,,,,,
Good Care International Medical Center,10102817912,doctors,,,Gulu,2.78384776,32.31533129,,,,,,
KAKOMO,11001478456,hospital,,,Kabale,-1.28307144,30.12834875,,,,,,
PIRE HEALTH CENTRE II,8829608,hospital,,,Karenga,3.51091676,33.66244336,,,,,,
MM Clinic,8711278217,clinic,Matama Mariam,,Kampala,0.39190942,32.58077896,Kiyimba Road,,,,,
MBEHEHYI HEALTH CENTRE III,11056452266,hospital,,,Busia,0.40727219,33.96379969,,,,,,
St. Paul Medicare,10102878035,doctors,,,Gulu,2.78734268,32.34644726,,,,,,
Bugitimwa Health Centre,3955210554,doctors,,,Sironko,1.15092814,34.38870082,"Bugitimwa Sub County, Bugitimwa Sub County",,,,,
WANSIMBA,11056438790,clinic,,,Jinja,0.59364129,33.10854616,,,,,,
HEALTH CENTRE III,11056452308,hospital,,,Buyende,1.21458400,33.13890173,,,,,,
3+ Pharmacy,8481522627,pharmacy,,,Kampala,0.31348188,32.56750026,Namirembe Road,,,,,
HEALTH CENTRE II,11010338201,clinic,,,Mityana,0.38320934,31.96888385,,,,,,
YINGA HEALTH CENTRE III,11054959818,hospital,,,Arua,3.26075383,31.24223453,,,,,,
HEALTH CENTRE ii,11001694748,hospital,,,Kyotera,-0.50508766,31.55926410,,,,,,
Kyanonja Clinic,3998733980,clinic,,,Namayingo,0.32554143,33.80832997,Buyinja,,,,,
AMAR MED CENTER,11010338168,hospital,,,Kampala,0.31649526,32.57102074,,,,,,
WADELAI HEALTH CENTRE III,1169491,hospital,,,Pakwach,2.73034004,31.39267176,,,,,,
Maluku Medical Center,3946189571,clinic,,,Mbale,1.06869270,34.16279604,,,,,,
BUDADIRI HEALTH CENTRE 4,1362399,hospital,,,Sironko,1.17046937,34.33410689,,,,,,
Kigezi Health Centre II,8632128779,clinic,government,,Zombo,2.52907496,30.84236997,,,,,,
Kairo,5496024521,doctors,No,operational,Arua,2.75785272,30.88532522,,,,,2,
Wanda Hospital Matugga,13234094864,hospital,,,Wakiso,0.46589489,32.51733172,"1, Mabanda , Semuto Road",,,,,
NYERI HEALTH CENTRE II,11029992833,clinic,,,Kyenjojo,0.68093588,30.70328168,,,,,,
Ayira Health Services,10198909186,hospital,private,,Lira,2.26920327,32.89503436,Lira,,,,5,
Straight Talk Foundation,10102878033,doctors,,,Gulu,2.76947833,32.29739955,,,,,,
Hope Drug Shop,10102721891,doctors,,,Gulu,2.76539383,32.29942638,,,,,,
Anyangatir Health Centre III,9909133576,hospital,,,Lira,2.20116837,32.93479408,,,,,,
Air Field,5333865324,doctors,,operational,Arua,3.04512493,30.91387163,,,,,,
MIREMBE DRUG SHOP,10089297754,pharmacy,,,Masaka,-0.37246030,31.71531510,,,,,,
His Grace Maternal Clinic,4105542214,clinic,,,Kampala,0.37083120,32.60224149,kampala,,,,,
Creoles Medic Centre,5559515004,pharmacy,Royal Pharmacy,operational,Yumbe,3.34498869,31.24906562,,,,,1,
RUGANDO HC II,9274448,clinic,,,Rukungiri,-0.86437551,29.87394207,,,,,,
AGORO HC II,11080473466,hospital,,,Lamwo,3.81512109,33.07990495,,,,,,
Masha Clinic,2521784,clinic,,,Kapchorwa,1.40080675,34.44246478,,,,,,
SOROTI HC III,11151230019,hospital,,,Soroti,1.71559977,33.61398557,,,,,,
Jb Medical Drug Shop,8632128760,pharmacy,private,,Zombo,2.40994322,30.98595164,,,,,1,
Shalom Doctors Clinic,8963738630,clinic,private,,Kampala,0.34068434,32.57201383,,,,,4,
Maria Asumpta Clinic,8963738618,clinic,private,,Kampala,0.34397617,32.58425225,,,,,4,
Hoima Regional Referral Hospital,3016259120,hospital,,,Hoima,1.42857633,31.35487977,,,,,,
Lumili Health Center II,4041887390,doctors,,,Jinja,0.64812827,33.06622208,Butagaya,,,,,
Bororboro Health Centre III,9909133569,hospital,,,Lira,2.19029695,32.92946076,,,,,,
KYOGHA HEALTH CENTRE II,11001734094,clinic,,,Kasese,0.05373952,29.76126054,,,,,,
MITANDI HC III,2492644,hospital,,,Bunyangabu,0.59989545,30.14785914,,,,,,
Life Care Drug Shop,5789318200,doctor,Private,operational,Adjumani,3.21778828,31.65163325,,,,,1,
ST.Gonzaga Domiciliary Clinic,10091839536,clinic,,,Masaka,-0.37563327,31.71399537,Masaka,,,,,
Hope Drug Shop,3956245282,pharmacy,,,Mbale,1.05616184,34.16095722,"Marare Road, Mbale",,,,,
Adrian Medical Center,3997644166,doctors,,,Tororo,0.69003419,34.18654105,"Uhuru Road, Eastern Division",,,,,
KIBINGA H/CII,11056451997,clinic,,,Luuka,0.72021574,33.26772546,,,,,,
HEALTH CENTRE III,11001694624,hospital,,,Kyotera,-0.59588798,31.60589883,,,,,,
KAIMESE HEALTH CENTRE III,5041821,hospital,,,Kaabong,3.53005952,34.04655807,,,,,,
ALWA HC III,5121019,hospital,,,Kaberamaido,1.84601003,33.17073678,,,,,,
INYANGAYA CLINIC,11029993044,clinic,,,Hoima,1.61232466,31.28833835,,,,,,
ROYAL HILL CLINIC,11010338527,clinic,,,Kampala,0.33030939,32.55343325,,,,,,
Life Care Maternity Clinic,4102531671,clinic,,,Kampala,0.33601185,32.60353918,kampala,,,,,
Mugonzangane Pharmacy,10583475425,pharmacy,private,,Hoima,1.43776868,31.34902107,Hoima,,,,,
OREKU HEALTH C II,11054940347,hospital,,,Arua,3.06297537,30.92877566,,,,,,
OBOFIA HEALTH CENTRE II,11054959836,hospital,,,Arua,3.20143946,31.08521936,,,,,,
St.Peter's Medical Clinic,8963716785,clinic,private,,Kampala,0.34883063,32.58613943,,,,,3,
Good Care Dental Center,10198909179,clinic,private,,Lira,2.25706636,32.90312952,Lira,,,,7,
Lotome Health Center III,681957504029,hospital,,,Napak,2.36859353,34.52713734,,,,,,
BUKOKOLA HEALTHCARE II,11056452377,clinic,,,Buyende,1.22093186,33.36467172,,,,,,
OLUJOBU HC 2,11054959885,hospital,,,Madi Okollo,3.07100347,31.40553127,,,,,,
KYAMATE HEALTH CENTRE II,11001478448,clinic,,,Ntungamo,-0.85765716,30.29391263,,,,,,
Mother Care Drug Shop,3998656350,pharmacy,,,Namayingo,0.34081669,33.87700298,"Main Street, Namayingo Town Council",,,,,
Amadoc Clinic,5555333949,clinic,,,Kampala,0.29607367,32.54155433,"Nalukolongo Road, Kampala",,,,,
Angwetangwet Medical Clinic,9909133577,doctors,,,Lira,2.21726833,32.89915004,,,,,,
AKSHAR,8558276617,pharmacy,,,Kiryandongo,1.80938447,32.01167346,Gulu - Kampala Road,,,,,
CHAKULIA HEALTH CENTRE II,11054959846,hospital,,,Koboko,3.59764247,31.05996762,,,,,,
Obolokofuku Clinic,5338522797,doctors,No,operational,Arua,3.03043539,30.90976844,,,,,,
Smash Drug Shop,10023482318,doctors,,,Arua,3.02752318,30.90767606,,,,,,
MIRAMBI,11001694630,clinic,,,Bukomansimbi,-0.29177225,31.63393587,,,,,,
Woki Drugshop,8493833017,clinic,,,Nebbi,2.48661207,31.08948223,,,,,,
Anncy Medical Centre,10020547602,doctors,,,Arua,3.03371464,30.90150975,,,,,,
God's Mercy Drug shop,10020565437,doctors,,,Arua,3.03849845,30.88925608,,,,,,
Eggwonero Life Saving Hospital,8963738669,clinic,private,,Kampala,0.34625328,32.56777494,,,,,6,
JALAMBA HEALTH UNIT II,11001694740,clinic,,,Mpigi,0.10482848,32.07321415,,,,,,
KIGASA H/C II,8802432,clinic,,,Kalungu,-0.06109146,31.78044089,,,,,,
Pharmalift Pharmacy,10023482338,pharmacy,,,Arua,3.02412784,30.91266707,,,,,,
Agha Khan University Hospital,4114252266,clinic,,,Kampala,0.33830296,32.58672064,Kampala,,,,,
Tuwonye Drug Shop,3955387772,clinic,,,Sironko,1.19370023,34.19052514,"Sironko kapchorwa Road, Bukhulo Sub County",,,,,
KMC,11001478475,hospital,,,Kabale,-1.25880775,29.99072193,,,,,,
KASOLO HEALTH CENTRE II,8435367,clinic,,,Iganga,0.61363565,33.45368100,,,,,,
Focus Medical Centre,4126684789,doctors,,,Kampala,0.35811107,32.61222157,"Kisaasi Road, kampala",,,,,
Atyenda,8632128776,clinic,government,,Zombo,2.49208855,30.86741653,,,,,1,
First Care Medical Centre,8492038219,clinic,,,Wakiso,0.33343785,32.48746633,,,,,,
OKUNGURO DISP.,11056451877,clinic,,,Bukedea,1.37235907,34.04592222,,,,,,
J.B Clinic,4097505331,doctors,,,Kampala,0.33420127,32.56388422,"Sir Apollo kaggwa road, Kampala",,,,,
Abedmot Medicare,10102653182,doctors,,,Gulu,2.76641173,32.31296164,,,,,,
K.R.LIFE DRUGSHOP,10091747123,pharmacy,,,Masaka,-0.33456496,31.70850690,,,,,,
KABARWA,11056451863,hospital,,,Bukedea,1.44016398,34.12828716,,,,,,
NYABIHINGA HEALTH CENTRE II,11001478459,hospital,,,Rukungiri,-0.79196240,29.95025745,,,,,,
New Life Medical Clinic,5581884790,doctors,private,operational,Yumbe,3.46423878,31.24787849,,,,,5,
HEALTH CENTREII,11056451847,clinic,,,Jinja,0.59289036,33.10799798,,,,,,
AMUDAT HOSPITAL,887403404063,hospital,,,Amudat,1.94171225,34.93695457,,,,,,
BWINDI,11001478382,hospital,,,Rubanda,-1.15666857,29.98093354,,,,,,
Amazon Pharmacy,8435168124,pharmacy,,,Kampala,0.27844192,32.56602488,,,,,,
BULAGA H/C II,11010338049,clinic,,,Kiboga,0.76713822,31.90888216,,,,,,
Itambabiniga Outpost,6210374895,doctors,Clinical Officer,yes,Kyegegwa,0.38518663,31.10796667,,,,,3,
BMK WAMPEWO,11010338482,hospital,,,Kampala,0.31952699,32.59385573,,,,,,
Universal Drug Shop,3927416768,pharmacy,,,Kisoro,-1.28165674,29.69236498,"45, Main Road",,,,,
Peace Medical Clinic,3946127492,clinic,,,Mbale,1.13999998,34.16999995,"Kolonyi Road, mbale",,,,,
Kitoke Oliver's Drug shop,10147626102,pharmacy,private,operational,Bundibugyo,0.67279060,30.00566644,,,,,,
PAIMOL HC II,11080473474,hospital,,,Agago,3.12896098,33.43546519,,,,,,
POTIKA H/C II,364753604073,hospital,,,Lamwo,3.74765607,32.90279718,,,,,,
Norin Pharmacy,9992537226,doctor,,,Lira,2.24028377,32.88856747,,,,,,
His Grace Drug Shop,10020565420,doctors,,,Arua,3.02704516,30.90280542,,,,,,
Good Hope Drug Shop,3946136640,pharmacy,,,Mbale,0.89870695,34.17973277,mbale,,,,,
St Giles Drug Shop,8280279746,pharmacy,private,,Kisoro,-1.31276978,29.64303203,,,,,1,
CHILDREN UNIT REFERAL HOSPITAL,11056451842,clinic,,,Jinja,0.43771644,33.20159576,,,,,,
LIFE CARE CENTRE CLINIC,11056452144,clinic,,,Tororo,0.70394907,33.95078209,,,,,,
JINJA ISLAMIC HEALTH CENTRE,11056452461,clinic,,,Jinja,0.42772336,33.20762067,,,,,,
NYAMITYOBORA HC II,11007309025,hospital,,,Mbarara,-0.59708776,30.66583989,,,,,,
ST.MARK NDAMA HEALTHCENTREIII,11001478310,hospital,,,Rukungiri,-0.83153613,30.01432025,,,,,,
RUGANDO HEALTH CENTRE IV,11007308907,hospital,,,Rwampara,-0.65887186,30.45762159,,,,,,
Family Care Medical Centre Eddwaliro,3032234585,clinic,,,Kampala,0.34140393,32.58423188,"211, Mawanda Road, Kampala",,,,,
Alpha clinic,8513158619,clinic,,,Kampala,0.32490390,32.56040238,Hoima Road,,,,,
Ndejje Archdeaconry Dispensary & Maternity,3528668984,clinic,private,,Luwero,0.60656082,32.47580459,,,,,,
OUR LADY OF ASSUMPTION HEALTH CENTRE II,11001694746,clinic,,,Butambala,0.06101292,31.87294919,,,,,,
NYAMAREBE HEALTH CENTRE III,1091662,hospital,,,Ibanda,0.11478493,30.54961114,,,,,,
Ecopharm,7312279985,pharmacy,,operational,Wakiso,0.36369434,32.63571915,,,,,,
GULU LIRA,11080473502,hospital,,,Gulu,2.78474069,32.29873185,,,,,,
Wandegeya Medical Clinic,8963716803,clinic,private,,Kampala,0.33478197,32.57373782,,,,,1,
God's Mercy Drug Shop,3998656334,pharmacy,,,Namayingo,0.37234924,33.89792329,"Namayemba Road, Buswale",,,,,
Shanyonja Health Center II,9147285482,clinic,,,Namayingo,0.34335968,33.87632539,,,,,,
HEALTH CENTRE II,11007308996,hospital,,,Ibanda,-0.17849611,30.55916692,,,,,,
Dama Medicinal Herbs,4118807648,clinic,,,Kampala,0.31013616,32.57820337,Kampala,,,,,
OTWAL HEALTH CENTRE III,7997590,hospital,,,Oyam,2.50100597,32.71288848,,,,,,
Palorinya Health Post,5215672025,doctors,MTI,,Obongi,3.50728664,31.66163328,,,,,,
OBILOKONGO,11054959820,hospital,,,Adjumani,3.27080859,31.73059422,,,,,,
Drug shop,5328918862,doctors,No,operational,Arua,3.05489890,30.83742675,,,,,,
Rings Medicare And Drug Shop,10102878060,doctors,,,Gulu,2.78750663,32.29257409,,,,,,
Aliapi Health Centre II,7214448,clinic,UHMG;MSF;UNICEF,operational,Yumbe,3.42590867,31.25570827,,,,True,4,
Mweffe pharmacy,11294811671,pharmacy,,,Wakiso,0.46005102,32.52866917,,,,,,
BUGONO HC IV,1750070,clinic,,,Iganga,0.79457664,33.45379734,,,,,,
Rumat Clinic,4104666139,clinic,,,Kampala,0.32899259,32.54832875,"Masiro Road, kampala",,,,,
EMPIRE,11010338255,clinic,,,Kampala,0.37265032,32.56798976,,,,,,
KABULE H/C II,11010338144,clinic,,,Mityana,0.41868164,32.13323352,,,,,,
family clinic,9130349147,clinic,,,Mbale,1.07179744,34.18918822,,,,,,
RB MEDICAL,11010338085,clinic,,,Kampala,0.34532817,32.56871899,,,,,,
Joint Medical Drug Shop,10023811302,doctors,,,Arua,3.01243777,30.90252354,,,,,,
KISAGAZI H/C II,11010338187,clinic,,,Kiboga,0.76477939,31.88192504,,,,,,
Akouro HTC 2,3958468149,doctors,,,Bukedea,1.32786902,34.10938756,Bukedea,,,,,
Gracious Medical and Maternity Center,8453962718,clinic,,,Nwoya,2.53712837,31.88227037,Arua - Kampala Road,,,,,
Multiple Pharmacy,5333996542,pharmacy,,,Kabale,-1.25828942,29.99122735,,,,,,
Saint Paul Clinic,4048796763,doctors,,,Iganga,0.61207595,33.47072258,Iganga,,,,,
KASAALI,11001694555,hospital,,,Kyotera,-0.62037697,31.55792274,,,,,,
Musina,6210374892,clinic,,yes,Kyegegwa,0.36795662,31.10823992,,,,,1,
Adekis Clinic,3990567326,doctors,,,Tororo,0.74782917,34.24264188,"Kwapa Road, Kwapa",,,,,
KABUNDI,11001694547,clinic,,,Ssembabule,-0.15767521,31.47698650,,,,,,
KASANGARI HEALTH CENTRE II,11001734206,clinic,,,Kasese,0.46993346,30.12010557,,,,,,
ABIM HEALTH CENTRE IV,11151230018,hospital,,,Abim,2.62792416,33.66622326,,,,,,
Health Care Ltd,4040404295,pharmacy,,,Jinja,0.43130177,33.21176628,"Scindia Road, Jinja",,,,,
BUKUKU,11001734046,hospital,,,Kabarole,0.66160872,30.17895709,,,,,,
MASYA COU HC II,11001478419,clinic,,,Rukungiri,-0.73354146,29.92117258,,,,,,
Latter Glory Healing Centre Church,5526068166,clinic,,,Wakiso,0.20863978,32.54408240,"Muchanga Road, Kajjansi, PO Box 11523",,,,,
Ruhoko Mobile Clinic,6288776633,clinic,MTI,operational,Isingiro,-0.76173332,31.00318165,,,,,,
NOOR ISLAMIC,11010338023,hospital,,,Kampala,0.30595535,32.56990687,,,,,,
AGULURUNDE HC III,11073166767,hospital,,,Kole,2.28375392,32.69371027,,,,,,
Peace Drug Shop Muni,10023482340,hospital,,,Arua,2.98863099,30.93318547,,,,,,
Good Life Heath Centre,8420462318,clinic,,,Wakiso,0.38759299,32.62544419,,,,,,
Bless clinic,7060880751,clinic,,,Kampala,0.36508775,32.55780944,,,,,,
KATOOGO,11010338457,hospital,,,Mukono,0.44596934,32.81496405,,,,,,
KYOMYA HEALTH CENTRE II,11010338495,clinic,,,Kiboga,0.75967255,31.96953965,,,,,,
DISPENSARY,11010338425,hospital,,,Mityana,0.47637629,32.04090946,,,,,,
MAKONGE,11056452282,hospital,,,Buikwe,0.27832365,33.13967219,,,,,,
De-Drug Store,4105119526,pharmacy,,,Kampala,0.28112413,32.60170019,"Soweto Road, Kampala",,,,,
LUKOLO H/L III,11056451970,hospital,,,Jinja,0.56347357,33.18827709,,,,,,
Rubindi Parents Clinic,8458233918,clinic,,,Mbarara,-0.32743364,30.57997047,,,,,,
Star pharmacy,9766690450,pharmacy,,,Wakiso,0.13711582,32.53795850,,,,,,
NYANJA HEALTH CENTRE 2,11010338183,clinic,,,Mukono,0.45612452,32.67753504,,,,,,
KAPAPI HEALTHCENTRE II,11029993016,clinic,,,Hoima,1.68201952,31.34932039,,,,,,
AJIKORO HC II,11054940360,hospital,,,Maracha,3.33616095,30.91488526,,,,,,
Delight Pharmacy and Diagnostic Ltd,8588880517,pharmacy,,,Wakiso,0.46300648,32.55542923,,,,,,
JB Orth Clinic,4123360424,doctor,,operational,Kampala,0.35237634,32.58632526,"Kisingiri Road, kampala",,,,,
St Francis Nagalama Hospital,8560755417,hospital,,,Mukono,0.52586405,32.77937306,,,,,,
Khadir Medical Clinic And Laboratory Services,5338522806,doctors,No partners,operational,Arua,3.03174205,30.91357374,,,,,,
Jadogab pharmacy,4123360425,pharmacy,,,Kampala,0.36720175,32.59254036,"Bahai Road, kampala",,,,,
Oasis Medical Centre,9233075,doctors,,,Kampala,0.32431029,32.56078326,"Hoima Road, kampala",,,,,
Greenland Medical Centre,10102817908,doctors,,,Gulu,2.78703222,32.29288975,,,,,,
Lubowa Medical Centre,3957966269,clinic,International Medical Group,,Wakiso,0.23654422,32.56667825,,,,,,
HEALTH CENTRE II,11007309024,hospital,,,Kazo,-0.06666995,30.67178182,,,,,,
BURARU,11029992991,clinic,,,Hoima,1.44268098,31.46396538,,,,,,
PADWOT,11066741272,hospital,,,Nebbi,2.51085228,31.20002394,,,,,,
KYALULANGIRA,11001694710,hospital,,,Rakai,-0.74571827,31.29056207,,,,,,
Echo Laboratories,9126238721,laboratory,,,Mbale,1.07570190,34.17641378,,,,,,
NAGWERE,11056452432,clinic,,,Butebo,1.16274754,33.86771759,,,,,,
PAMITU,11066741262,hospital,,,Zombo,2.35748239,30.93726594,,,,,,
HEALTH CENTRE II,11056451867,clinic,,,Jinja,0.60773898,33.37068197,,,,,,
BUTERANIRO HEALTH CENTRE III,11007308942,hospital,,,Rwampara,-0.72481472,30.37706924,,,,,,
Platinum plus Uganda pharmacy,7060166174,pharmacy,,,Kampala,0.36225508,32.56128458,,,,,,
J J Herbal Clinic,8457403217,clinic,,,Mukono,0.35096852,32.76198548,,,,,,
ABIRABIRA HC II,8446350,hospital,,,Kaberamaido,1.70562656,33.21348298,,,,,,
Princess Diana Health Centre,4105119575,clinic,,,Kampala,0.25083939,32.60823723,"Salaama Road, Kampala",,,,,
KABUWAMBO,11010338301,clinic,,,Mityana,0.34922609,32.06006009,,,,,,
EL-SHADAI MEDICARE KABULABULA,11451558569,clinic,,,Serere,1.50351004,33.16418188,,,,,,
ISLAMIC HC II,11151230037,hospital,,,Soroti,1.73065107,33.61428539,,,,,,
HEALTH CENTRE II,11066741295,hospital,,,Nebbi,2.28874484,31.12297120,,,,,,
Ggolo HC III,1507451,clinic,Ministry of Health,,Mpigi,-0.08350676,32.06142140,,,,,,
Zion Clinic,5406574337,doctors,Zion clinic,operational,Arua,2.96959962,30.94740897,,,,,,
DHAGUSI,11056451805,clinic,,,Mayuge,0.14757376,33.57034536,,,,,,
KARITUSI HEALTH CENTRE II,11007309041,hospital,,,Kazo,-0.02225617,30.59295605,,,,,,
MPIGI POLICE,11010338020,clinic,,,Mpigi,0.21992668,32.33128440,,,,,,
JUPANZIR,11066741235,hospital,,,Nebbi,2.36731789,31.06067824,,,,,,
KWAPA HEALTH CENTRE II,11056452405,clinic,,,Tororo,0.75043670,34.23792698,,,,,,
Holy Trinity Medical Care,10023811315,doctors,,,Arua,3.03233314,30.89874230,,,,,,
Children's hospital of uganda center for neurosurgery,10013059725,clinic,,,Mbale,1.07361212,34.17186652,,,,,,
KIKOIRO HEALTH CENTRE 11,11073166841,hospital,,,Nakasongola,1.40142953,32.57372198,,,,,,
MERCY Medical Clinic,4102652118,clinic,,,Kampala,0.39173332,32.60043829,kampala,,,,,
Joy Medical Centre,4069755429,doctors,,,Iganga,0.62332228,33.52937168,Northern Division,,,,,
Anzoa Medical Bureau,5789318244,doctors,,operational,Adjumani,3.37312825,32.00311822,,,,,0,
St. Adrian Medical Center,3990269128,doctors,,,Tororo,0.69147504,34.18373119,"Uhuru Drive, Western Division",,,,,
Devine Mercy Health Services,10020547583,doctors,,,Arua,3.02367539,30.91268199,,,,,,
KANYUM,11056452356,hospital,,,Kumi,1.38312295,33.91732589,,,,,,
Kasonga SDA Herbal Clinic,5639737539,pharmacy,Kasonga SDI,operational,Kikuube,1.18122595,30.77913162,,,,,3,
Makukuulu HC III,7173733,hospital,Private Not For Profit,,Bukomansimbi,-0.04361150,31.58641358,,,,,,
NSUMBA HEALTH CENTRE II,11001694640,clinic,,,Kyotera,-0.54277504,31.55569776,,,,,,
Joso Pharmacy,3953213711,pharmacy,,,Mbale,1.07313452,34.17795186,"Plot 17, Naboa Road, mbale",,,,,
Bujjuko HC III,7651410084,clinic,Ministry of Health,,Mpigi,0.33112470,32.37314346,,,,,,
NGANDO,11001694776,hospital,,,Butambala,0.07584906,31.92545779,,,,,,
Afekuru,5559515000,pharmacy,Private,operational,Yumbe,3.28794162,31.35242823,,,,,2,
Namwendwa Health Center II,8391874,doctors,,,Jinja,0.63040600,33.13131853,Butagaya,,,,,
SOP SOP HEALTHCENTRE II,11056451902,clinic,,,Tororo,0.83828172,34.06161356,,,,,,
BUYAMBA HEALTH CENTRE III,1416235,hospital,,,Rakai,-0.65634698,31.38658247,,,,,,
MIREMBE CLINIC,823100104193,clinic,,,Kampala,0.30972679,32.54036762,,,,,,
Kirigime Health Centre,8452077717,clinic,,,Kabale,-1.26160941,29.99039646,,,,,,
My God Drug Shop,10147626114,pharmacy,private,non_operational,Bundibugyo,0.80929325,30.14846993,,,,,,
KIGOGOLA,11010338064,hospital,,,Mukono,0.58776835,32.84142723,,,,,,
NYANGONGE HC II,3968715,clinic,,,Kasese,0.26134627,30.06508257,,,,,,
Lochom Health Center 2,4130375,hospital,,,Kaabong,3.41875514,34.14577835,,,,,,
Rubuguri Health Center IV,9216383,clinic,government,,Kisoro,-1.12568670,29.68255329,,,,,19,
MADAM DENTAL CLINIC,11010338427,clinic,,,Kampala,0.34138457,32.58883137,,,,,,
Mirembe Clinic,3998033279,clinic,,,Bugiri,0.51392579,33.79838702,Kapyanga,,,,,
Providence Medical Center,4102399378,doctors,,,Kampala,0.27618476,32.61545112,"Ggaba Road, kampala",,,,,
St Mary's medical center,11112086505,clinic,,,Wakiso,0.39704644,32.47839879,,,,,,
St. Mary's Maternity & Nursing Home HC III,7624891552,hospital,Private Not for Profit,,Bukomansimbi,-0.16391495,31.61812350,,,,,,
BWENDERO,11001694560,hospital,,,Kalangala,-0.44363113,32.22779229,,,,,,
Shalom Medical Centre,8963738676,clinic,private,,Kampala,0.35082829,32.56915829,,,,,5,
The Dental Plaza,4126473777,doctors,,,Kampala,0.31996268,32.64826526,"New Twins Center Road, kampala",,,,,
MUNDINDI H/CENTRE II,11056452065,clinic,,,Busia,0.28544332,33.92119523,,,,,,
KAMION HEALTH CENTRE II,11080473472,hospital,,,Kaabong,3.73135503,34.25012776,,,,,,
BIHANGA,11007285480,hospital,,,Buhweju,-0.27632792,30.35623065,,,,,,
God's Plan Ewuata,10020565436,doctors,,,Arua,2.97751675,30.92382330,,,,,,
Health Center III,5215672067,clinic,RMF,,Yumbe,3.36965646,31.30842969,,,,,,
EREPI HEALTH CENTRE 11,11054959868,hospital,,,Moyo,3.65175285,31.76546755,,,,,,
China-Uganda Friendship Hospital,4102531653,clinic,,,Kampala,0.32894959,32.60673243,Kampala,,,,,
Alpha Medical Centre,1681146265,doctors,,,Mpigi,0.24400856,32.38093318,,,,,,
Susan Drug Shop,8963716814,pharmacy,private,,Kampala,0.38126298,32.57848466,,,,,1,
MUNTEME,11029992972,clinic,,,Kikuube,1.30368815,31.16342838,,,,,,
Urban Drug Shop,5581884794,pharmacy,private,operational,Yumbe,3.46502827,31.24657493,,,,,2,
Ebenezer Medical Center,8457497617,clinic,,,Mukono,0.35212639,32.70004749,,,,,,
HEALTH CENTRE II,11001734043,clinic,,,Bundibugyo,0.60868765,29.99635909,,,,,,
Aafiya Pharmacy,8575836918,pharmacy,,,Kabarole,0.65331567,30.27284086,,,,,,
MASAFU HOSPITAL,11056451856,hospital,,,Busia,0.41317012,34.03466113,,,,,,
Mercy Classic Clinic,9950001,doctors,,,Kampala,0.32936818,32.53437942,"Masanafu Road, kampala",,,,,
Gods Hope Of Life Medical Centre,3955247625,clinic,,,Namisindwa,0.79848143,34.37874798,"Lwakhakha, Lwakhakha Town Council",,,,,
KABIRO HEALTH CENTRE II,11029992851,clinic,,,Hoima,1.67326898,31.25159075,,,,,,
Wandegeya Health Centre II,7461488,doctors,,,Mayuge,0.34823065,33.57036824,,,,,,
Rock Clinic,6189148,doctors,,,Kampala,0.28460203,32.60904039,"Ggaba Road, kampala",,,,,
TODORA HEALTH UNIT II,11066741236,hospital,,,Nwoya,2.48963559,31.93318080,,,,,,
Trust Care Drug Shop,8336695382,pharmacy,private,,Kisoro,-1.26882614,29.66254686,,,,,2,
Horizon Drug Shop,5566723163,pharmacy,,,Yumbe,3.34203826,31.21207997,,,,,,
KITANABA HEALTH CENTRE II,6671748,clinic,,,Jinja,0.67756166,33.19203168,,,,,,
Elgon View,3948078580,doctors,,,Mbale,1.15567254,34.20086329,Mbale,,,,,
Kamda Medical Services,5789318232,doctor,,operational,Adjumani,3.46450993,31.94945996,,,,,0,
Good Care International Medical Center,10102817913,doctors,,,Gulu,2.77791438,32.27062323,,,,,,
MUTERERE,11056452460,clinic,,,Bugiri,0.42586409,33.78600552,,,,,,
IMC,8631105818,hospital,,,Mukono,0.36103217,32.74559190,Jinja - Kampala Road,,,,,
ST FRANCIS HEALTH CENTRE III,11054959857,hospital,,,Arua,3.07438356,31.06680507,,,,,,
NAMUTUMBA,11056452115,clinic,,,Namutumba,0.83359884,33.68553852,,,,,,
HEALTH CENTRE II,11001446284,clinic,,,Kanungu,-1.00200837,29.80318874,,,,,,
HEALTH CENTRE,11010338491,hospital,,,Mpigi,0.22114524,32.27434798,,,,,,
MUGULUKA HEALTH CENTRE II,11056452430,clinic,,,Jinja,0.61191460,33.19080700,,,,,,
Mbogo Medical Centre,4104666127,doctors,,,Kampala,0.32916174,32.53448805,"Masanafu Road, kampala",,,,,
SIRIMULA UC,11029992965,clinic,,,Kyankwanzi,0.85128583,31.64138244,,,,,,
WAKISI,11056452415,clinic,,,Buikwe,0.51033347,33.11417067,,,,,,
Family Medicine Centre,4107569775,clinic,,,Kampala,0.24856555,32.61330963,"Salaama Road, kampala",,,,,
RWENSHAMA HEALTH CENTRE III,11007309033,hospital,,,Rukungiri,-0.41207343,29.77746896,,,,,,
KITOVU,11001694612,hospital,,,Masaka,-0.34336470,31.75972795,,,,,,
BUYANJA,11007309030,hospital,,,Bushenyi,-0.61758160,30.23532086,,,,,,
AMORI GEE HEALTH CENTRE II,11056452198,clinic,,,Tororo,0.65759689,34.04116314,,,,,,
HEALTH CENTRE III,11066741212,hospital,,,Madi Okollo,2.55981106,31.11366913,,,,,,
NDIBULA DOMICILIARY CLINIC,11010338539,clinic,,,Kiboga,0.83226360,31.89614058,,,,,,
KATHILE HEALTH CENTRE II,11080473462,hospital,,,Kaabong,3.64264466,34.07903468,,,,,,
COMMUNITY SUPPORT CENTRE,11056438802,clinic,,,Luuka,0.76769185,33.32212049,,,,,,
Okubani Health Center III,3407519,clinic,AAH,operational,Yumbe,3.22616666,31.41390823,,,,,27,
Iganga clinic,4069755428,clinic,,,Iganga,0.61771814,33.48142962,"Kaliro, Northern Division",,,,,
HEALTH CENTRE I,11056452082,clinic,,,Sironko,1.19453482,34.32130395,,,,,,
HOPE CLINIC,11010334404,clinic,,,Kampala,0.27964757,32.60087583,,,,,,
GADAFFI BARRACKS,11056438784,hospital,,,Jinja,0.44981395,33.20380615,,,,,,
MPARA,11029993037,clinic,,,Kyegegwa,0.38310549,30.98399958,,,,,,
Agape Doctors Medical Center,9147833041,clinic,private,,Kampala,0.37197197,32.57489478,Kanyanya,,,,4,
Kalorero Drug Shop,8336695376,pharmacy,private,,Kisoro,-1.28240508,29.69844823,,,,,1,
"St, Joseph's joint clinic",10058292356,clinic,,,Masaka,-0.34959095,31.73425954,,,,,,
Trust God Medical Centre,9147833023,clinic,private,,Wakiso,0.38656336,32.55383600,Kawempe_II,,,,2,
AGORO H/C III,9154051,hospital,,,Lamwo,3.79979905,33.01864153,,,,,,
NABIGANDA HEALTH CENTRE II,11056451917,clinic,,,Butaleja,0.97159883,34.05949579,,,,,,
alisha medical centre,5922925046,clinic,,,Kampala,0.36704040,32.57124010,,,,,,
Thereza Drug Shop,3776272054,pharmacy,,,Luwero,0.60535894,32.47580543,,,,,,
Loms General clinic,5328918851,doctors,Private,operational,Arua,3.12694823,31.16044325,,,,,,
Novik Medical Clinic,8632128740,doctors,private,,Zombo,2.41599328,30.98879663,,,,,2,
Kaserena Children's Clinic,8461409324,clinic,,,Kampala,0.34959439,32.60206279,Kiira Road,,,,,
Health Care Limited Pharmacy,10102817896,pharmacy,,,Gulu,2.77100149,32.30049499,,,,,,
Canel Medical Clinic,8591899017,clinic,,,Wakiso,0.43877038,32.60177110,,,,,,
BUTITI,11029979800,hospital,,,Kyenjojo,0.65241688,30.53228013,,,,,,
AKIDE H/C II,1060996,clinic,,,Kumi,1.59653249,34.04406823,,,,,,
MBARARA HEALTH CENTRE II,11029992962,clinic,,,Hoima,1.58748556,31.42910186,,,,,,
Irmgard & Reinhard Clinic,3998032239,doctors,,,Bugiri,0.51638722,33.62570330,Buwunga,,,,,
ST LUKE MED CENTER,11010338440,hospital,,,Kampala,0.35638817,32.55626876,,,,,,
BUNYIRO,11056452136,clinic,,,Iganga,0.68785648,33.46545179,,,,,,
HEALTH CENTRE II,11001478424,clinic,,,Kanungu,-1.00646360,29.80279756,,,,,,
KALONGA,11029992927,clinic,,,Mubende,0.48653415,31.58356047,,,,,,
Katunguru Health Center III,7335636,clinic,UNICEF;SFG,operational,Rubirizi,-0.13500174,30.05585493,,,,,8,
Lt Epunau,12169945394,alternative,,,Serere,1.60304783,33.47195849,,,,,,
MUKISA HEALTH CARE CLINIC,11001694572,clinic,,,Gomba,0.16804237,31.84041182,,,,,,
KAMPALA DISPENSARY,11010338537,hospital,,,Kampala,0.31151096,32.58654093,,,,,,
BWALULA,11056451831,clinic,,,Mayuge,0.45225074,33.62168359,,,,,,
God Care Royal Pharmacy,10102833322,pharmacy,,,Gulu,2.77011075,32.30242769,,,,,,
ONU HC II,11151161546,hospital,,,Otuke,2.40062086,33.34895188,,,,,,
Botogota Medical Center,6749856217,clinic,,closed,Kanungu,-0.88423173,29.63723829,,,,,3,
OKAROWOK HEALTH CENTRE,11073166854,hospital,,,Apac,2.19622304,32.58872659,,,,,,
EYE CENTRE,11056452124,clinic,,,Bukedea,1.35013379,34.04543632,,,,,,
NAKISWIGA HC 3,11056452084,hospital,,,Luuka,0.73108833,33.30146480,,,,,,
Neema Trust Clinic,8336695384,doctors,private,,Kisoro,-1.29129182,29.69150022,,,,,4,
Kanyenya Hospital,1947820229,hospital,,,Butaleja,0.94385875,34.12616327,,,,,,
ST JOHN COMMUNITY HEALTH CENTRE II,11007285481,hospital,,,Mbarara,-0.53136015,30.71573082,,,,,,
OGOKO,11066739685,hospital,,,Madi Okollo,2.88219339,31.21339953,,,,,,
EDIOFE,11066741254,hospital,,,Arua,3.01438346,30.90294096,,,,,,
Samaritan Clinic,5338522786,doctors,No,operational,Arua,3.02823179,30.90560238,,,,,,
MUTUFU HEALTH CENTRE II,11056451948,clinic,,,Sironko,1.20318000,34.30649857,,,,,,
Life Plan Pharmacy,9909142411,pharmacy,,,Lira,2.26201478,32.87055585,,,,,,
Trust Drug Shop,2870046221,pharmacy,,,Jinja,0.47494818,33.26440857,,,,,,
Kebiri Medical Care,5338522802,doctors,No,operational,Arua,3.02984078,30.90304288,,,,,,
HEALTH CENTRE II,11073166869,hospital,,,Kalaki,1.67501283,33.26950854,,,,,,
Bahamagara Drug Shop,6735301028,doctors,,operational,Rubirizi,-0.21057675,29.89522162,,,,,3,
Shalom Drug Shop,3966678688,doctors,,,Pallisa,1.25968920,33.75264119,"Palissa-kumi Road, Akisim Subcounty",,,,,
Bududa Life Care,3954783283,clinic,,,Bududa,1.01164965,34.33104573,"Bududa Ring, Bududa Town Council",,,,,
NGAI HEALTH CENTRE III,6630413,hospital,,,Oyam,2.49551876,32.49577489,,,,,,
Kampala Medical Laboratory,4121413932,doctors,,,Kampala,0.31522045,32.57660359,Kampala,,,,,
Rite Aid Ltd Pharmacy,610939420,pharmacy,,,Kampala,0.30797162,32.64069012,,,,,,
M.K Medical Centre,4100116601,clinic,,,Kampala,0.35237450,32.55912548,kampala,,,,,
KIRANGA HEALTH CENTRE II,11029992964,clinic,,,Ntoroko,1.05733874,30.27302124,,,,,,
KYONDO HEALTH CENTRE III,7394063,hospital,,,Kasese,0.09711043,29.93031958,,,,,,
Good Life Drug Shop,8280279748,pharmacy,private,,Kisoro,-1.32024937,29.66613524,,,,,1,
HEALTH CENTRE II,11073166744,hospital,,,Dokolo,1.98706648,33.13152632,,,,,,
Nawansega Health Centre III,1921525,clinic,,,Luuka,0.90623817,33.33084605,Bukooma,,,,,
DEI,11066741283,hospital,,,Pakwach,2.18949933,31.27520693,,,,,,
Center clinic,8963738666,clinic,private,,Kampala,0.34128323,32.57474667,,,,,6,
Upendo Clinic,8280279743,doctors,private,,Kisoro,-1.29501506,29.63618326,,,,,1,
WAKITAKA,11056452072,clinic,,,Jinja,0.49146715,33.21951677,,,,,,
MITALA MARIA,11001694647,clinic,,,Mpigi,0.08289162,32.12070275,,,,,,
KIBAALE HEALTH CENTRE IV,5689406,hospital,,,Kibaale,0.79029667,31.07470887,,,,,,
KAKIRA SUGAR WORKS HOSPITAL,5351766,hospital,,,Jinja,0.50929630,33.29464897,,,,,,
St. Luke,5354389872,clinic,UPMB; Government,operational,Madi Okollo,2.75610509,31.06521947,,,,True,,
KISASI,11056452250,clinic,,,Jinja,0.58912923,33.28779576,,,,,,
AYER HEALTH CENTRE II,11073166746,hospital,,,Kole,2.22726877,32.64416199,,,,,,
DISPENSARY,11001694641,doctors,,,Kyotera,-0.94703365,31.69124579,,,,,,
Stephano Pharmacy,9490476917,pharmacy,,,Wakiso,0.13892615,32.54292486,,,,,,
BUKASA H/C II,960256904327,clinic,,,Mpigi,0.00924537,31.93455174,,,,,,
BUYIJJA HEALTH UNITII,11001694521,hospital,,,Mpigi,0.11904075,32.12691994,,,,,,
Cure Human Drug Shop,8336695377,pharmacy,private,,Kisoro,-1.28014833,29.69918324,,,,,1,
AMALER HC III,4263650,hospital,,,Nakapiripirit,1.79310069,34.58828056,,,,,,
God Healing General Clinic,4097455443,clinic,,,Kampala,0.34264478,32.56062266,"Nanfumbambi road, kampala",,,,,
Family Medical & Dignistic Centre,3995681791,doctors,,,Butaleja,0.88112632,33.84997168,"Busaba- Busoko, Busaba",,,,,
Trinity Medical Clinic,10102878024,doctors,,,Omoro,2.76570539,32.24606123,,,,,,
Budhaya Health Centre 3,3996035361,doctors,,,Bugiri,0.40761560,33.80116159,Budhaya,,,,,
CHRIST MEDICAL CENTRE,11010338385,clinic,,,Kiboga,0.83423494,31.89417217,,,,,,
Omooakua,5354389856,doctors,,operational,Arua,2.96743642,30.87991713,,,,,,
Our lady,3955006909,hospital,,,Sironko,1.22578323,34.31184765,Bukiise Sub County,,,,,
BUGAMBA RWENZORI,11029992995,hospital,,,Kikuube,1.44253329,31.20279357,,,,,,
Guardian Pharmacy,4102399352,doctors,,,Kampala,0.28490638,32.60817143,"Ggaba Road, kampala",,,,,
KYAKARAFA HEALTH CENTRE II,2090902,clinic,,,Kamwenge,0.37289164,30.47810445,,,,,,
Earth Natural Life,8963738626,clinic,private,,Kampala,0.34726958,32.57108604,,,,,8,
RWOBUZIZI HEALTH CENTRE II,8156379,hospital,,,Ibanda,-0.09390862,30.56270384,,,,,,
BASIL MEDICAL CENTER,11010338319,hospital,,,Kampala,0.32892629,32.57821854,,,,,,
Manda Drug Clinic,3955147960,clinic,,,Sironko,1.17063835,34.38664910,"Bumasifwa Road, Bumasifwa",,,,,
Hilgrem Medical Center,8440884017,doctors,,,Mukono,0.35153639,32.75974684,Jinja - Kampala Road,,,,,
St. Monica Katende HC III,3926087,clinic,Ministry of Health,,Mpigi,0.24147094,32.37959878,,,,,,
Ala Lower,5354389853,doctors,,operational,Arua,2.91614169,30.90855164,,,,,,
New computer lab,9867904917,laboratory,,,Kabale,-1.27187891,29.98525190,,,,,,
Malcom Health Care,4105542222,clinic,,,Kampala,0.37570527,32.60612533,kampala,,,,,
Lifeline clinc,7441317586,clinic,,operational,Wakiso,0.39281718,32.63884124,"Kira, 7112",,,True,1,
Lira Modern Clinic And Laboratory Services,9992537227,doctor,,,Lira,2.23958548,32.88967799,,,,,,
Holy Innocents Health Center,4729889894,hospital,,,Bukedea,1.37851793,34.21744286,,,,,,
Harmony Drug Shop,5581884798,pharmacy,private,operational,Yumbe,3.49512257,31.27081104,,,,,1,
Faith Heals Clinic,4102724085,clinic,,,Kampala,0.28760845,32.57478824,"Namasole Kiyemba Road, Kampala",,,,,
Nakasero Medical Center,4118807663,clinic,,,Kampala,0.31116688,32.57935512,Kampala,,,,,
ST ADOLF BUTIITI H/C II,11029993063,clinic,,,Kyenjojo,0.63724102,30.53314044,,,,,,
Kabale Referral Hospital,1679340561,hospital,,,Kabale,-1.25020616,29.98911168,,,,,,
Homachs Medical Centre,8493427518,doctors,,,Wakiso,0.39855099,32.64070152,,,,,,
BUKANGARA HEALTH CENTRE II,3814971,clinic,,,Kasese,-0.00433977,29.81372446,,,,,,
Bukonko Primary School,4052756499,hospital,,,Iganga,0.64396699,33.46565094,Nawanyingi,,,,,
Superior Medi Care,10023487008,pharmacy,,,Arua,3.02864410,30.90704616,,,,,,
NAWAIKOKE H/C III,463996004362,hospital,,,Kaliro,1.08920933,33.40653992,,,,,,
ST CECILIA,11001694534,hospital,,,Rakai,-0.65535423,31.38851852,,,,,,
Ikhalas Drug Shop,8453947224,pharmacy,,,Koboko,3.44198047,31.03438462,Moyo Road,,,,,
OLD Kampala,11010338228,hospital,,,Kampala,0.31610617,32.56856745,,,,,,
JJUMBO CLINIC,11010338346,clinic,,,Kampala,0.31340108,32.56829797,,,,,,
Kigulu Health Centre II,4048658318,doctors,,,Mayuge,0.40216208,33.63853205,Kigandalo,,,,,
St. Ann Marie Children's Clinic,8481522918,clinic,,,Kampala,0.34998029,32.60297046,Kiira Road,,,,,
TIMU HEALTH CENTRE II,196665004369,hospital,,,Kaabong,3.87474416,34.02627546,,,,,,
HEALTH CARE,11056451945,clinic,,,Kaliro,1.15195039,33.41044052,,,,,,
NYABIRONGO HEALTH CENTRE,11001734104,clinic,,,Kasese,0.07085638,29.88598032,,,,,,
KIFAMPA HEALTH CENTRE III,8385610,hospital,,,Gomba,0.12172472,31.76007714,,,,,,
Labongo Gali Health Centre II,5456940764,doctors,,,Amuru,2.81513196,32.01771153,,,,,,
River Jordan Medical Centre,638726804374,clinic,,,Kampala,0.27473402,32.58638008,"Luwafu Road, Kampala",,,,,
RUBINGO HC II,11007285487,hospital,,,Rwampara,-0.78880008,30.52025830,,,,,,
Lord Gives Drug Shop,5309760255,pharmacy,,,Arua,3.01588994,30.98066350,,,,,,
Soki Pharmacy,4041781338,pharmacy,,,Jinja,0.46655153,33.23835292,"Iganga Road, Bugembe",,,,,
Gloria Medical Centre,4102726390,clinic,,,Kampala,0.26693114,32.59617852,"Boston Lane, Kampala",,,,,
HEALTH CENTRE II,11073166853,hospital,,,Kaberamaido,1.77785619,33.15672165,,,,,,
Baylor college of Medicine Childrens Foundation Uganda,7013126186,clinic,,,Kampala,0.33976677,32.57574889,,,,,,
Desire Medical Centre,4102222526,doctors,,,Kampala,0.34194297,32.54008834,kampala,,,,,
Biochemistry Lab,9822263437,laboratory,,,Kabale,-1.27241762,29.98501377,,,,,,
Christopax Medical Centre,8632128764,clinic,government,,Zombo,2.42425674,30.99347046,,,,,9,
Mary'S Drugshop,10583475461,clinic,private,,Hoima,1.42723179,31.38221450,Hoima,,,,,
Pulse Drug Shop,10147626111,pharmacy,private,operational,Bundibugyo,0.79900169,30.14451493,,,,,,
Alliance Medical Centre,8591781819,clinic,,,Wakiso,0.43729868,32.60231324,,,,,,
AWANGI HEALTH CENTRE II,11073166858,hospital,,,Oyam,2.39998845,32.56054278,,,,,,
Friecca Pharmacy,4089715592,doctors,,,Kampala,0.33082152,32.57506065,"Kalule Road, Kampala",,,,,
PAKIA,11066741292,hospital,,,Pakwach,2.52331223,31.44306728,,,,,,
NATEETE ARCHDICONERY,11010338479,hospital,,,Kampala,0.30930124,32.53527226,,,,,,
USUK HEALTH CENTRE II,11151230030,hospital,,,Katakwi,2.00426288,33.96524598,,,,,,
KAGHEMA PARISH PHC,11001734116,hospital,,,Kasese,0.12646444,29.94832626,,,,,,
HEALTH CENTER III,11151161548,hospital,,,Moroto,2.49837967,34.64768076,,,,,,
MARIAM,11010338469,clinic,,,Kampala,0.37293983,32.56840308,,,,,,
Boapar Pharmacy,8439861721,pharmacy,,,Kampala,0.37013877,32.62432303,,,,,,
Eseri Clinic,8440864520,clinic,,,Mukono,0.35718864,32.75349922,Jinja - Kampala Road,,,,,
KYERE,11056452112,clinic,,,Serere,1.48220635,33.59975796,,,,,,
Star Pharmaceuticals,3942872177,pharmacy,,,Kampala,0.31522708,32.59097705,,,,,,
PROPOSED SITE FOR HC II,11001478355,clinic,,,Rukungiri,-0.85987577,29.87919576,,,,,,
Good Summaritan,3967508362,clinic,,,Kaliro,1.10806929,33.54031040,"Nansiono, Kaliro",,,,,
MADDU HEALTH CENTRE IV,6516777,hospital,,,Gomba,0.21301647,31.66930247,,,,,,
LOOOLIM HEALTH CENTRE III,11151161592,hospital,,,Napak,2.36888597,34.52705285,,,,,,
St Francis Akia,9909257636,hospital,,,Lira,2.23553685,32.96753615,,,,,,
Preventive Care international clinic,8684522827,clinic,,,Kampala,0.36786316,32.57823052,Bahai Road,,,,,
ST CHARLES CLINIC,11010338133,clinic,,,Kampala,0.37150778,32.58158479,,,,,,
Gombe (Butambala) Hospital,7625359935,hospital,Government,,Butambala,0.18178475,32.11453559,,,,,,
Bukulo Drug Shop,3955382755,clinic,,,Sironko,1.22188304,34.20691947,"Bukomola street, Bukhulo Sub County",,,,,
Rhema Medical Clinic,8632128738,doctors,private,,Zombo,2.41684999,30.98653997,,,,,5,
KACHONGA H/C III,2476207,clinic,,,Butaleja,0.98480275,34.12308803,,,,,,
The Orthodontist,3355860221,dentist,,,Kampala,0.34242065,32.59250289,,,,,,
IKUMBA,11001446286,hospital,,,Rubanda,-1.11433627,29.85599524,,,,,,
Legacy Medical Center & Laboratory,9996740065,laboratory,Dr. Ronnie,,Mbale,1.07871100,34.16694684,,,,,,
Jupadindu Health Centre II,8632128809,clinic,government,,Zombo,2.36814996,30.90592995,,,,,,
VITHI MEDICAL CENTRE,11056452311,hospital,,,Jinja,0.43207206,33.20853279,,,,,,
AKENO H/UNIT II,11066741243,hospital,,,Nwoya,2.78023810,31.92714884,,,,,,
MANTOROBA,11001734028,clinic,,,Bundibugyo,0.79641068,30.09936908,,,,,,
BWERA,11001734139,hospital,,,Kasese,0.04752795,29.77655399,,,,,,
OSLER CLINIC,11010338423,hospital,,,Kampala,0.31853097,32.57285395,,,,,,
Reproductive Health Uganda,3990467016,clinic,,,Tororo,0.69196219,34.18450978,Western Division,,,,,
ARRA,11054940398,hospital,,,Adjumani,3.52413142,31.80174476,,,,,,
AGALI HEALTH CENTRE III,9923500,hospital,,,Lira,2.12461267,33.11397445,,,,,,
ANDELIJO HEALTH CENTRE II,11054940394,hospital,,,Arua,3.15821977,31.11042332,,,,,,
St Trinity Drug Shop,8632128800,pharmacy,private,,Zombo,2.37425073,30.87959577,,,,,1,
Bantu Medical Centre,8616726518,clinic,,,Wakiso,0.43982625,32.60431408,,,,,,
Hope Medical Clinic,3986161876,clinic,,,Tororo,0.69307950,34.18165759,"Bazaar Street, Tororo",,,,,
KALIBO HEALTH CENTRE III,11001734167,hospital,,,Kasese,0.18439973,29.99587328,,,,,,
ALANYI HC II,11073118348,hospital,,,Alebtong,2.12947694,33.26419349,,,,,,
HEALTH CENTRE II,11029992864,clinic,,,Hoima,1.46420059,31.40610837,,,,,,
EQ Concept Limited,4048902020,pharmacy,,,Mayuge,0.45564533,33.48096569,"Bugadde road, Mayuge",,,,,
Job Its Medical Centre,10583475476,clinic,private,,Hoima,1.43498857,31.34899056,Hoima,,,,,
Munguci Drug Shop,5299222408,pharmacy,,operational,Arua,3.23172168,31.12103992,,,,,0,
MBARARA MUSLIM HC II,11007309062,hospital,,,Mbarara,-0.60694983,30.66506347,,,,,,
NAWANZU HEALTH UNIT II,11056452420,clinic,,,Iganga,0.55195868,33.49343393,,,,,,
J.M.Pharmacy,4121028172,doctors,,,Kampala,0.31192570,32.57621115,"Ben Kiwanuka Street, Kampala",,,,,
IGANGA PRISONS,11056452022,clinic,,,Mayuge,0.48403852,33.42447283,,,,,,
Samaritan,8514859318,pharmacy,,,Kiryandongo,1.80720576,32.01052799,,,,,,
Daly Pharmacy,10020547585,pharmacy,,,Arua,2.99989702,30.91220313,,,,,,
RUYONZA H/CII,11001478463,clinic,,,Rukungiri,-0.97108711,29.99035882,,,,,,
The Kadiac - Kampala Diabetes Centre,610337894,doctor,,,Kampala,0.34357777,32.59046953,,,,,,
Bulasio Drug Shop,10147626106,pharmacy,private,operational,Bundibugyo,0.80015664,30.14513167,,,,,,
NDIWALANA DOCILLIARY,11010338257,clinic,,,Kampala,0.25714476,32.63553022,,,,,,
Amen Medical Clinic,4052772008,clinic,,,Iganga,0.60876929,33.47930858,Central Division,,,,,
St. John Neumann Medical Care,10102878039,doctors,,,Gulu,2.80417882,32.29035506,,,,,,
ITEK,11010338420,hospital,,,Kampala,0.34539430,32.63243478,,,,,,
KABIGI MUSLIM H/C IV,11001694519,hospital,,,Bukomansimbi,-0.16458944,31.66856084,,,,,,
KIGARAMA,11007308908,hospital,,,Sheema,-0.50298858,30.39257367,,,,,,
MAGHOMA HC II,7841477,clinic,,,Kasese,0.29313506,30.08407856,,,,,,
Maaji II Drug Shop,5789318194,doctors,,operational,Adjumani,3.18038823,31.65698996,,,,,2,
ST CHARLES H CENT,11010338160,hospital,,,Mityana,0.40058779,32.04186734,,,,,,
Healthy Care Clinic,10583475431,clinic,private,,Hoima,1.42173670,31.36927669,Hoima,,,,,
MaxCal Pharmacy,8481522818,pharmacy,,,Wakiso,0.38234810,32.64595957,Kyaliwajjala - Kira Road,,,,,
MPAIJA HEALTH CENTRE II,11029993020,clinic,,,Hoima,1.39591298,31.33249447,,,,,,
Holy Trinity Drug Shop,5338522805,doctors,,operational,Arua,3.03356243,30.91717787,,,,,,
OBANGANGEO HEALTH CENTRE II,11073166831,hospital,,,Oyam,2.34788973,32.54067348,,,,,,
Grace Medical Clinc,8591739318,clinic,,,Wakiso,0.43690582,32.60337707,,,,,,
KAMOD HC II,11151161590,hospital,,,Soroti,1.74191610,33.61613376,,,,,,
Health Care Clinic,5559514983,pharmacy,Health Care Clinic,operational,Yumbe,3.34597826,31.12669327,,,,,3,
BUTUNDUZI CLOSED,11029979783,clinic,,,Kyenjojo,0.49101688,30.83712089,,,,,,
Cure Care Medical centre,8963716815,clinic,private,,Kampala,0.38119995,32.57849824,,,,,3,
KAN INTERNATIONAL,11010338334,hospital,,,Kampala,0.28123946,32.59161952,,,,,,
BUNAWONA,11010338060,clinic,,,Kampala,0.33809056,32.56896190,,,,,,
NDOLO,11001694720,clinic,,,Kyotera,-0.69913500,31.58469378,,,,,,
MIREMBE MARIA,11010338379,clinic,,,Kassanda,0.54662016,31.80239042,,,,,,
God's Will Medical Clinic,4102726393,doctors,,,Kampala,0.27620446,32.58546972,"Luwafu Road, Kampala",,,,,
Tamu Care Clinic,8435293917,clinic,,,Wakiso,0.23839134,32.55510703,,,,,,
Drug shop,5215672034,pharmacy,Refugee,,Yumbe,3.33539996,31.30344665,,,,,,
BULUJEWA H/C III,9832726,hospital,,,Sironko,1.12497684,34.34689088,,,,,,
KAGUMU,11056452176,clinic,,,Kibuku,1.10220288,33.86102188,,,,,,
KARAMBI HEALTH CENTRE III,11001734225,hospital,,,Kabarole,0.63908705,30.23876272,,,,,,
NAMUNKESU HEALTH CENTRE II,6906397,clinic,,,Iganga,0.69414065,33.49990895,,,,,,
Samaritan Medical Clinic,10023482322,doctors,,,Arua,3.02823984,30.90543692,,,,,,
Kamuge Health Center,3966680771,doctors,,,Pallisa,1.16586913,33.81232126,Kamuge,,,,,
Ollan Medical Clinic,8632128739,doctors,private,,Zombo,2.41597995,30.98789163,,,,,3,
Parubanga Health Centre II,5456940749,doctors,,,Amuru,3.06431069,32.10821346,,,,,,
Blue Sky Medical Clinic And Labarotory Services,10020547593,doctors,,,Arua,3.03736907,30.91303512,,,,,,
RWAKIRUNGURA H/C II,2288877,clinic,,,Rukungiri,-0.83994427,29.97987599,,,,,,
KAGGO,11010338474,clinic,,,Kampala,0.27726812,32.60174763,,,,,,
HEALTH UNIT,11010338524,hospital,,,Mukono,0.20431564,32.80695724,,,,,,
St. Elijah Medical Clinic,5789318230,doctor,Private,operational,Adjumani,3.46361500,31.94986497,,,,,2,
Mareshwari Health Care Centre,3981884881,clinic,,,Kampala,0.31552882,32.57088496,,,,,,
COMMUNITY HEALTH CENTRE,11056452054,clinic,,,Kumi,1.32707417,33.88981028,,,,,,
Pajama Health Centre II,3155021,clinic,Government,operational,Yumbe,3.31783845,31.06588826,,,,,3,
ELEMA,11054959830,hospital,,,Adjumani,3.43739682,31.91328819,,,,,,
AMAI COMMUNITY HOSPITAL,5960967,hospital,,,Amolatar,1.79048973,32.92062942,,,,,,
BUSEGULA HC II,1576038,clinic,,,Jinja,0.65819938,33.21849854,,,,,,
Shalom Medical Center,7392452786,doctors,,,Wakiso,0.27183313,32.57211316,,,,,,
HEALTH CENTRE II,11056452309,clinic,,,Namutumba,0.79227446,33.68038206,,,,,,
MBABAZIZE HEALTH UNIT,11029992915,clinic,,,Kyenjojo,0.73953360,30.64633729,,,,,,
Hope druge shope,5567193429,pharmacy,,,Arua,3.25930753,31.28387625,,,,,,
Hope Clinic,9147833044,clinic,private,,Kampala,0.37527076,32.57131579,Kanyanya,,,,3,
HEALTH CENTRE II,11056452364,clinic,,,Kaliro,0.92818576,33.43464243,,,,,,
AFYA KAMIL,11001734137,hospital,,,Kasese,0.17609838,30.07832748,,,,,,
BUHINGA FORTPORTAL,11001734050,hospital,,,Kabarole,0.65597315,30.28128672,,,,,,
Drug shop,5215672059,pharmacy,Refugee,,Yumbe,3.52846997,31.35027827,,,,,,
Namusita Health Center 3,3966532525,clinic,,,Budaka,1.06104044,33.98527580,"Iki Iki Road, Kakule",,,,,
Wakas Pharmacy,3384006207,pharmacy,,,Kampala,0.30444242,32.55820398,,,,,,
HEALTH CENTRE II,11056452214,clinic,,,Namutumba,0.86411332,33.63377775,,,,,,
KIDILANI HEALTH CENTRE II,11073166770,hospital,,,Apac,2.05054540,32.38375327,,,,,,
Mwana Drugshop,3996068307,pharmacy,,,Bugiri,0.68530302,33.74766753,Nabukalu,,,,,
LANOGI HC III,11080473409,hospital,,,Amuru,2.82141579,32.09954322,,,,,,
HEALTH CENTRE II,11056452425,clinic,,,Jinja,0.65924729,33.25086182,,,,,,
IBANDA HC III,11001734136,hospital,,,Kasese,0.33126476,30.07365315,,,,,,
KABIRIZI HEALTH CENTRE II,11001730384,hospital,,,Kasese,0.07221844,29.92026566,,,,,,
JOB CLINIC,11010338259,clinic,,,Kampala,0.35109257,32.59796144,,,,,,
KAMIGO,11056452397,clinic,,,Jinja,0.61880536,33.26629995,,,,,,
Namawanga Health Center II,3953425762,clinic,,,Mbale,0.87488398,34.19565352,"Busiu-Manafa Road, Mbale",,,,,
God Heals Drug Shop,6735301027,doctors,Community,operational,Rubirizi,-0.07576004,30.17775328,,,,,1,
ASTRAM MEDICAL CENTRE MULAGO,8963738668,clinic,private,,Kampala,0.34120586,32.57442363,,,,,8,
Ropheka Drug Shoo,8494570817,pharmacy,,,Nebbi,2.47766497,31.08818923,,,,,,
Oasis medical center,11024599307,clinic,,,Wakiso,0.40032535,32.48094546,,,,,,
BASIC MED HEALTH CLINIC,11010338298,clinic,,,Kampala,0.34559052,32.56847625,,,,,,
BYANSI,11010338047,clinic,,,Kampala,0.37948937,32.55722329,,,,,,
MUWANGA HEALTH CENTRE III,4784316,hospital,,,Kiboga,0.69191827,31.96605948,,,,,,
Kibingo Health Center II,6288776630,clinic,Medical Team lnternational,operational,Isingiro,-0.84440655,30.88357047,,,,True,,
Drug Shop,8963716795,pharmacy,private,,Kampala,0.33595259,32.57467358,,,,,1,
Alomi Drug Shop,5789319854,doctors,,operational,Adjumani,3.39059328,32.01998663,,,,,1,
ZAM.ZAM CLINIC,11007285504,hospital,,,Mbarara,-0.60563923,30.66546806,,,,,,
Valley view Drug Shop,11264013176,pharmacy,,,Wakiso,0.44046796,32.56280648,,,,,,
BIVA MARTENITY CENTER,11010338071,hospital,,,Kampala,0.31057814,32.56324754,,,,,,
Mitala-Maria HC III,1676164,hospital,private_non_profit,,Mpigi,0.07631065,32.12355377,,,,,,
WAMBABYA,11029992900,clinic,,,Kikuube,1.38108338,31.12802490,,,,,,
TORORO DISTRICT HOSPITAL,11056438793,clinic,,,Tororo,0.69522887,34.18717129,,,,,,
FM Human Drug Shop,8274342549,pharmacy,private,,Kisoro,-1.29829004,29.67814089,,,,,1,
DISTRICT MEDICAL STORE,11073166847,hospital,,,Apac,1.98261636,32.52930099,,,,,,
PHOENIX CLINIC,7187513,clinic,,,Kampala,0.35120262,32.59797083,,,,,,
Kaboloi Health Center III,3093662,hospital,,,Pallisa,1.22229484,33.72378758,,,,,,
Physique Physiotherapy Services,5053724198,doctor,private,,Kampala,0.34194548,32.59402655,"63, Kanjokya Street, Kampala",,,,,
KASHENSHERO,11001478314,hospital,,,Mitooma,-0.62305524,29.99997127,,,,,,
KAGANGO,11001694672,hospital,,,Ssembabule,-0.03752591,31.42933244,,,,,,
Mpologoma Medical Centre,9313605,clinic,,,Luwero,0.84305555,32.49219749,,,,,,
Pakadha Health Centre III,6215769,clinic,private,,Zombo,2.39242496,30.92013166,,,,,1,
WANSOLO HC 11,11073118351,hospital,,,Apac,1.67255945,32.50084234,,,,,,
NGUGO HC II,2839075,hospital,,,Rwampara,-0.82054117,30.50087112,,,,,,
shira hospitals,5723717522,hospital,,,Arua,2.79710877,30.89193913,,,,,,
Shalom Doctors,4090056212,doctors,,,Kampala,0.34079196,32.57206764,Kampala,,,,,
KYABAZALA HEALTH CENTRE III,11056452037,clinic,,,Mukono,0.62048518,32.91774638,,,,,,
St. Santy Drug Shop,5306806507,pharmacy,,operational,Madi Okollo,3.04488579,31.42570819,,,,,1,
Kaliro H/C III,7651409924,clinic,,,Kalungu,-0.14350007,31.87901065,,,,,,
Santa Maria Medical Centre,8493914121,hospital,,,Nebbi,2.48027082,31.09395037,,,,,,
God's Will Drug Shop Unyama,10102817914,doctors,,,Gulu,2.81846008,32.33998222,,,,,,
ODUBU HC 11,11054959808,hospital,,,Madi Okollo,3.12927119,31.34727244,,,,,,
St. Rosemary Clinic - Mutungo,616348966,doctors,,,Kampala,0.31867455,32.64645192,,,,,,
GAHOMUTWE MATERNITY CENTRE,11001734208,clinic,,,Kabarole,0.61397386,30.29109388,,,,,,
NSOZIBIRI,11056451923,clinic,,,Jinja,0.61431073,33.22542585,,,,,,
Mukozi Human Drug Shop,8274304208,pharmacy,private,,Kisoro,-1.18913142,29.68931925,,,,,1,
Moon Light Star Clinic,4099298482,clinic,,,Kampala,0.35756767,32.55898383,Kampala,,,,,
ISLAMIC MEDICALCENTRE MVULE CRESCENT,11056451952,clinic,,,Jinja,0.43792565,33.21114820,,,,,,
Odravu,5354389840,doctors,USAID,operational,Arua,2.82501523,30.99526142,,,,,,
Anne's Clinic And Maternity,4102724058,clinic,,,Kampala,0.28923748,32.58626458,"Mbuga Road, Kampala",,,,,
Bunagana Health Centre II,6934439,clinic,government;SURE,operational,Kisoro,-1.29167831,29.60759670,,,,,5,
Quick Service Medical Centre,4048796762,doctors,,,Iganga,0.61962310,33.47975408,Iganga,,,,,
Offaka Health Centre III,5495210,clinic,Quam,operational,Madi Okollo,2.63669708,31.02994263,,,,True,,
KUCHWINY,11066739682,hospital,,,Nebbi,2.54805888,31.22948189,,,,,,
MITOOMA HC II,9468528,clinic,,,Rukungiri,-0.83559985,29.86912750,,,,,,
Daniel's Healthcare Centre,5781715054,clinic,,,Wakiso,0.35251749,32.66638912,Jinja - Kampala Road,,,,,
Allan’s pharmacy,10786484844,pharmacy,,,Hoima,1.43070584,31.35170018,,,,,,
White Cross Medical Centre,542570644,doctors,,,Bududa,1.02575950,34.37053615,,,,,,
Trinity Medical Clinic,10198909172,clinic,private,,Lira,2.26628519,32.90355415,Lira,,,,3,
ARIWA,11054940342,hospital,,,Yumbe,3.24150270,31.39537526,,,,,,
Kadic clinic service,6344388385,clinic,,,Kampala,0.32704313,32.56335767,,,,,,
MIDAS TOUCH MEDICAL SERVICES,11029993027,clinic,,,Kyenjojo,0.61391703,30.64411735,,,,,,
Naigobya Lutheran Church Health Centre II,4050456367,doctors,religious,,Luuka,0.80224205,33.36235949,Bukooma,,,,,
Geel Hospital,3986151811,hospital,,,Tororo,0.69220569,34.17792705,"Plot: 13, Rock Crescent Road, Western Division",,,,,
KIJOMORO H.C III,11054940348,hospital,,,Maracha,3.16737524,30.91153568,,,,,,
Busanda Health Centre II,7862326,doctors,,,Luuka,0.92626723,33.39563213,Bukooma,,,,,
St. Amos Midcare Clinic,8336695368,doctors,private,,Kisoro,-1.19143125,29.64044806,,,,,2,
Erida Medical Centre,8402158917,clinic,,,Kampala,0.27643278,32.56884606,,,,,,
ATANGWETTA HEALTH CENTRE II,11151230013,hospital,,,Otuke,2.48822827,33.39510105,,,,,,
HEALTH CENTRE II,11010338191,clinic,,,Mityana,0.60175665,31.91193887,,,,,,
Ngurwe HC ll,5608792661,clinic,,,Kikuube,1.19673700,30.75029192,,,,,,
OMBINDRIONDRIA HC III,11054940359,hospital,,,Arua,3.06852578,30.96581060,,,,,,
HEALTH CENTRE III,11056451897,hospital,,,Bulambuli,1.22658772,34.36147053,,,,,,
MRC KYAMULIBWA,11001694669,clinic,,,Kalungu,-0.06633694,31.75071045,,,,,,
Arona Herbal Medicine,4107569768,clinic,,,Kampala,0.29635765,32.57561596,"Kayemba Road, kampala",,,,,
IGAYAZA HC II,11029993001,clinic,,,Kakumiro,0.94258445,31.15591979,,,,,,
Parents pharmacy,9126135788,pharmacy,,,Mbale,1.07407145,34.17775313,,,,,,
Sarah Drug Shop,10102878051,doctors,,,Gulu,2.78823033,32.32539058,,,,,,
Sun Clinic,5583942,doctors,,,Kampala,0.35894155,32.56215370,"Bombo Road, kampala",,,,,
Hope Health Services,10023811312,doctors,,,Arua,3.00828789,30.91149553,,,,,,
BUZIRANDUULU H/ UNIT II,11001694719,clinic,,,Kyotera,-0.57969523,31.55129056,,,,,,
Kalamba Community HC II,3000885,hospital,Private Not For Profit,,Butambala,0.22625728,32.20765803,,,,,,
HABUBALE,11001478422,hospital,,,Kabale,-1.43874308,29.90308552,,,,,,
LUBIRA HC 2,11056452362,clinic,,,Bugweri,0.71553009,33.62715873,,,,,,
ST.FRANCIS HOSPITAL,11056452218,hospital,,,Buikwe,0.38374276,33.15209358,,,,,,
C and A Pharmacy,4104857867,pharmacy,,,Kampala,0.29930716,32.59713205,"Ggaba Road, kampala",,,,,
LOPEEI HEALTH CENTRE III,8541973,hospital,,,Napak,2.52580886,34.36475238,,,,,,
Z3-08,5215672028,clinic,MSF,,Obongi,3.40868948,31.58368737,,,,,,
ST LUKE BUJUNI HEALTH CENTRE III,11029993030,hospital,,,Kibaale,0.77588122,31.07989040,,,,,,
Budadiri Health Center,3953636040,doctors,,,Sironko,1.17056325,34.33467853,"Budadiri, Budadiri Town Council",,,,,
Guardian Health Pharmacy,4100092130,doctors,,,Kampala,0.26659284,32.62408506,"Ggaba Road, Kampala",,,,,
NAMUGANGA,11056452434,hospital,,,Mukono,0.72327623,32.77960734,,,,,,
HEALTH CENTRE II,11073118334,hospital,,,Kole,2.43793718,32.71621073,,,,,,
KYOMA HEALTH CENTRE II,11007308948,hospital,,,Rwampara,-0.81127506,30.61779834,,,,,,
Nawanjofu Drug Shop,3995681806,pharmacy,,,Butaleja,0.90333552,33.84253878,"Nawanjofu Road, Namayonfu",,,,,
Hope pharmacy,8963738627,pharmacy,private,,Kampala,0.34675183,32.57111722,,,,,5,
Gwok Yot Kom Medical Center,10102817899,doctors,,,Gulu,2.77112839,32.29914399,,,,,,
LUZIRA SDA,11010338535,hospital,,,Kampala,0.30629297,32.64900773,,,,,,
Good Care Medical Centre,9909163218,doctor,,,Lira,2.25716392,32.90309415,,,,,,
KATADOBA HEALTH CENTRE,11001734055,clinic,,,Kasese,0.17512340,30.07698244,,,,,,
HEALTH CENTRE III,11007285488,hospital,,,Ibanda,-0.24336491,30.43645159,,,,,,
LUKKU,11066739681,hospital,,,Zombo,2.64500724,30.84864006,,,,,,
BIWOLOBO,11001694622,clinic,,,Lyantonde,-0.44678415,31.17956723,,,,,,
Alpha Medic Care,5789319859,doctors,,non operational,Obongi,3.51019499,31.67504324,,,,,1,
CLINIC,11001694706,clinic,,,Ssembabule,-0.28806602,31.55762535,,,,,,
KIRINGA HEALTH CENTRE II,11056452139,clinic,,,Iganga,0.83042453,33.42204862,,,,,,
ST STEPHENE,11010338266,clinic,,,Kampala,0.36818520,32.57647485,,,,,,
Victory Women's Medical Center,10023486997,doctors,,,Arua,3.01665588,30.92586974,,,,,,
Cannan Medical Clinic,10198909171,clinic,private,,Lira,2.23952664,32.88881163,Lira,,,,2,
New Found Land Drug Shop,5559514976,pharmacy,Private,operational,Yumbe,3.41787696,31.12133279,,,,,2,
NAMUGANGA HEALTH CENTRE 111,7803400,hospital,,,Mukono,0.72183798,32.78375965,,,,,,
Health Plus Pharmacy,8481522033,pharmacy,,,Kampala,0.34410374,32.56940052,Bombo Road,,,,,
Mukama Drug Shop,8280279742,pharmacy,private,,Kisoro,-1.33278643,29.60837219,,,,,1,
NAMBALE HEALTH CENTRE II,11056452402,clinic,,,Butaleja,0.99132103,34.10698665,,,,,,
Eye Care Centre,4126680476,doctor,,,Kampala,0.32025337,32.59108543,"Yusuf Lule Road, kampala",,,,,
LUMULI HEALTH CENTRE II,5475678,clinic,,,Jinja,0.64760030,33.06737626,,,,,,
BUTEBO,11056451811,hospital,,,Butebo,1.19889768,33.91925490,,,,,,
AMUGO HEALTH CENTRE 3,11073166855,hospital,,,Alebtong,2.09874092,33.24281159,,,,,,
BUNAWALE,11056452296,clinic,,,Butaleja,0.78543273,33.84092149,,,,,,
ALEREK HC III,9226524,hospital,,,Abim,2.79560908,33.72982322,,,,,,
MAUNDO CENTRAL HC II,11056452337,clinic,,,Tororo,0.75468548,34.07889017,,,,,,
Joy Dental Clinic,605253834,dentist,,,Kampala,0.33436279,32.63073745,,,,,,
AKWORO,11066741302,hospital,,,Nebbi,2.24387366,31.22115346,,,,,,
Shiva Clinic,10077657107,clinic,,,Kapchorwa,1.40115955,34.44337908,Sironko Rd,,,,,
Iwemba Health Centre III,3875458,doctors,,,Bugiri,0.60061303,33.80843776,Iwemba,,,,,
SAIDINAH ABUBAKAR,11010338214,hospital,,,Kampala,0.31578917,32.56258235,,,,,,
Ofua 4 and 5 Health Centre II,5193275996,clinic,MSF,operational,Arua,3.15701353,31.20619294,,,,,,
AMWA H/C II,7565550,hospital,,,Oyam,2.32041837,32.38561263,,,,,,
AWER HC II,9679928,hospital,,,Amuru,2.81600393,32.18461233,,,,,,
MUBENDE BARRACKS,11029993014,clinic,,,Mubende,0.56026539,31.37678554,,,,,,
ST. PETERS AND PAUL HEALTH CENTRE III,11080473448,hospital,,,Lamwo,3.48508876,32.82490415,,,,,,
Baroda Dental Hospital,8456547352,dentist,,,Wakiso,0.37650013,32.64442216,Kyaliwajjala - Naalya Road,,,,,
RWENGIRI HEALTH CENTRE II (HC II),11001478349,clinic,,,Rukungiri,-0.66690315,29.87784116,,,,,,
IDINDA H/C II,7652410,clinic,,,Bugweri,0.78712177,33.59665774,,,,,,
PROD HEALTH,11010338197,hospital,,,Mityana,0.40169512,32.04907846,,,,,,
Ntandi Health Centre III,189807804635,hospital,,,Bundibugyo,0.80082124,30.14437797,,,,,,
MUWANGA,11010338473,clinic,,,Kiboga,0.69565308,31.96076597,,,,,,
Christ Family Care,9909133567,doctor,,,Lira,2.24777527,32.88727783,,,,,,
Busitema Health Centre III,7002866,clinic,,,Busia,0.55295084,34.04058278,"Tira Road, Busitema",,,,,
KAMBUNGU HC II,11010338366,clinic,,,Kiboga,0.80351283,31.78850747,,,,,,
NAKAZIBA,11010338392,clinic,,,Mityana,0.35167402,32.11677817,,,,,,
NAGOJJE,11010338419,hospital,,,Mukono,0.43942945,32.87940102,,,,,,
KITANABA,11056452190,clinic,,,Jinja,0.67472087,33.19042285,,,,,,
MEDICAL AID,11073118353,hospital,,,Amolatar,1.63171846,32.80908306,,,,,,
IMC igira medical clinic,9412356931,clinic,,,Wakiso,0.42895819,32.52058734,,,,,,
Kiti medical Centre,11536809931,clinic,,,Wakiso,0.46386613,32.55457629,,,,,,
KAWOKO H/C III,11001694716,hospital,,,Bukomansimbi,-0.20490463,31.69454986,,,,,,
Ggaba Dental Clinic,5917180305,clinic,,,Kampala,0.25654085,32.63632968,"Ghana Bypass, Kampala",,,,,
NTENJERU,11056452422,hospital,,,Kayunga,0.72439328,32.89606676,,,,,,
Eastern Pharmacy Ltd,5470642166,pharmacy,,,Kampala,0.31792395,32.57338494,,,,,,
KILEMBE H/C II,1362569,clinic,,,Kasese,0.19857688,30.01286255,,,,,,
St James Dental Clinic,8509103120,clinic,,,Wakiso,0.20807324,32.54103692,,,,,,
Super Pharmaceuticals,3982514574,pharmacy,,,Kampala,0.31538868,32.57167328,,,,,,
Kasulenge Health Centre II,4879147,hospital,,operational,Bundibugyo,0.66069593,30.04754687,,,,,,
MASAKA,11001694689,hospital,,,Masaka,-0.32911547,31.73522832,,,,,,
MUTUKULA,11001694755,hospital,,,Kyotera,-0.98909043,31.41956719,,,,,,
HEALTH CENTRE IV,11029992822,hospital,,,Hoima,1.34086944,31.41724188,,,,,,
GLORIA DENTAL,11010338433,clinic,,,Kampala,0.34548105,32.57731949,,,,,,
HEALTH CENTRE II,11007285473,hospital,,,Ibanda,-0.27184218,30.42600472,,,,,,
RED CROSS OFFICES,11073166836,hospital,,,Apac,1.98307753,32.52863547,,,,,,
Gulu University Health Center III,10102817900,hospital,,,Gulu,2.78737428,32.31597309,,,,,,
Home City Drug Shop,5581884797,pharmacy,private,operational,Yumbe,3.49550873,31.27084599,,,,,1,
God Is My Savour Paramedical,10102833320,doctors,,,Gulu,2.78794819,32.32098773,,,,,,
KITANDA,11001694742,clinic,,,Bukomansimbi,-0.09754477,31.56868737,,,,,,
Frost Hospital,9378960,hospital,,,Wakiso,0.45434404,32.53282198,,,,,,
Better Health Centerare Drug Shop,8274304188,pharmacy,private,,Kisoro,-1.12525830,29.68186497,,,,,2,
St Luke Clinic,5461085198,clinic,,,Wakiso,0.16629792,32.53189310,,,,,,
Baylor Medical Centre,8442093828,clinic,,,Wakiso,0.38114219,32.62613712,,,,,,
MAKUUKULU,11001694579,clinic,,,Bukomansimbi,-0.04401065,31.58654912,,,,,,
KABIGI MUSLIM,11001654302,clinic,,,Bukomansimbi,-0.16187043,31.66763263,,,,,,
OGOOMA HEALTH CENTRE III,11056451991,hospital,,,Ngora,1.67357433,33.81944512,,,,,,
SB DOMICILIARY,11010338074,clinic,,,Kampala,0.37803377,32.57670652,,,,,,
Ayinza Drug Shop,3955253041,pharmacy,,,Manafwa,0.78025724,34.28343510,"Bunyinza Trading centre, Bunabwana",,,,,
BUWOLOGOMA HL II,11056452392,clinic,,,Luuka,0.72493819,33.39282059,,,,,,
AGARIA HEALTH CENTRE II,7161700,clinic,,,Kumi,1.34766398,33.78365700,,,,,,
KICHWAMBA,11001734176,hospital,,,Kabarole,0.71310286,30.20215820,,,,,,
KABAALE H/CENTRE III,11001694543,hospital,,,Kalungu,-0.09451472,31.81202147,,,,,,
KOOME HEALTH CENTRE III,3757757,hospital,,,Mukono,-0.08065516,32.73434976,,,,,,
Medven Pharmacy,3176668043,pharmacy,,,Jinja,0.43142045,33.21105642,"Main Street, Jinja",,,,,
Palissa Medical Centre,3966678686,doctors,,,Pallisa,1.21220278,33.78857055,"Palissa-kumi Road, Kibale Subcounty",,,,,
Morah Pharmacy,8539725119,pharmacy,,,Wakiso,0.38800027,32.65503407,,,,,,
KAKUMIRO HEALTH CENTRE IV,1778811,clinic,,,Kakumiro,0.78417520,31.32440728,,,,,,
BUTUKURU HC II,11001734017,clinic,,,Bunyangabu,0.56019038,30.16791863,,,,,,
St. Martha Clinic,3947989767,clinic,,,Mbale,0.97509400,34.14731626,mbale,,,,,
IHANDIRO H/C III,9009868,hospital,,,Kasese,0.08925256,29.78106438,,,,,,
BUHIMBA HEALTH CENTRE III,5599733,hospital,,,Kikuube,1.34734815,31.31515256,,,,,,
ABEDO-BER HC II,11073166712,hospital,,,Kwania,1.94305026,32.85155055,,,,,,
Nyiragakoro Human Drugshop,8274304212,pharmacy,private,,Kisoro,-1.27597171,29.75061996,,,,,2,
Max Health pharmacy and clinic,8422779817,pharmacy,,,Wakiso,0.38356758,32.65002136,Namugongo Road,,,,,
ODYAK HEALTH CENTRE II,11073166731,hospital,,,Amolatar,1.60125007,32.93805515,,,,,,
Alpha Medical Clinic,10583475436,clinic,private,,Hoima,1.43458683,31.35219823,Hoima,,,,,
St.Justine Clinic,8280279739,doctors,private,,Kisoro,-1.31128727,29.62064313,,,,,1,
Osukuru Health Centre III,926520104692,doctors,,,Tororo,0.64725454,34.17160400,"Busia Road, Osukuru",,,,,
AMAZ-KISAMBA HEALTH CARE CENTRE,11007285457,hospital,,,Ibanda,-0.22576878,30.54855627,,,,,,
KIJONGO PARISH HEALTH CENTRE II,11007309057,hospital,,,Ibanda,-0.01244708,30.39395626,,,,,,
Amuca Medical Clinic,9992537239,doctors,,,Lira,2.27417483,32.82921756,,,,,,
Mbale General Clinic,3947925175,clinic,,,Mbale,1.07584590,34.17775866,"Kumi Road, mbale",,,,,
KYENZAZA,11007308919,hospital,,,Rubirizi,-0.20252065,30.10875983,,,,,,
KIMULI,11001694788,hospital,,,Rakai,-0.62730302,31.31048720,,,,,,
Evidence Drug Shop,5338522796,doctors,,operational,Arua,3.03528977,30.91343108,,,,,,
Jovi Clinic,4075190230,doctors,,,Kampala,0.33556518,32.56356479,"Sir Apollo Kaggwa road, kampala",,,,,
Drug Shop,5573437702,pharmacy,Private,operational,Yumbe,3.49586169,31.22234327,,,,,0,
Drug shop,5215671208,pharmacy,Refugee,,Arua,3.22775059,31.28037278,,,,,,
NABUTONGWA,11001654288,clinic,,,Kalungu,-0.15088964,31.72211802,,,,,,
BUSEGA,11056451938,clinic,,,Jinja,0.51624992,33.13713289,,,,,,
Metralco,3947916028,pharmacy,,,Mbale,1.07331758,34.17934477,"Republic Street, mbale",,,,,
BUDAKA HC 5,11056438804,hospital,,,Budaka,1.01737684,33.95288209,,,,,,
MAZUBA CENTRE II,11056452025,clinic,,,Namutumba,0.93119814,33.71172744,,,,,,
KIGAMBO HEALTH CTR,11007309023,hospital,,,Kasese,-0.03016458,30.14133073,,,,,,
St Andrews Domiciliary Clinic,9602391135,clinic,,,Wakiso,0.45531173,32.53249349,,,,,,
NSOOLA,11056452307,clinic,,,Namutumba,0.93581204,33.66585714,,,,,,
KANYAWAMBOGO HEALTH CENTRE III,11007308979,hospital,,,Ibanda,-0.16761304,30.34887059,,,,,,
Edwaliro,8963738653,clinic,private,,Kampala,0.34167667,32.57550288,,,,,4,
KYAMULIBWA,11001694796,clinic,,,Kalungu,-0.08145152,31.75321672,,,,,,
NZIRI HEALTH CENTRE III,11066741301,hospital,,,Nebbi,2.36710976,31.06063356,,,,,,
Clinic,8274304210,doctors,private,,Kisoro,-1.23849505,29.71385828,,,,,7,
TASO SITE,11056452150,clinic,,,Budaka,1.07787717,34.11105179,,,,,,
Niyo pharmacy,11112086306,pharmacy,,,Wakiso,0.39530878,32.47914855,,,,,,
Choice Pharmacy,4102399341,pharmacy,,,Kampala,0.27541664,32.61615956,"Ggaba Road, kampala",,,,,
KALOWANG H/C III,2240297,hospital,,,Nebbi,2.55103370,31.04913845,,,,,,
MAGOLA HEALTH CENTRE 11,11056452102,clinic,,,Tororo,0.62419668,34.05574036,,,,,,
ADYEGI HEALTH CENTRE II,8792151,hospital,,,Oyam,2.09622006,32.37844803,,,,,,
Safe medicines,11263985720,pharmacy,,,Wakiso,0.43383084,32.56807568,,,,,,
Alpha Medical Drug shop,8274342545,pharmacy,private,,Kisoro,-1.31895638,29.67775759,,,,,1,
Farajala Drug Shop,10102833333,doctors,,,Gulu,2.77337215,32.31049912,,,,,,
Kirongero Health Centre ll,3998032253,clinic,,,Bugiri,0.59221377,33.75586252,Kapyanga,,,,,
KITHOLU,11001730397,hospital,,,Kasese,0.08370273,29.75220959,,,,,,
Rhino Clinic,8594729318,clinic,,,Lira,2.25770698,32.89447319,Police Road,,,,,
Ushindi Medical Clinic,9909257632,doctors,,,Lira,2.21853659,32.89824362,,,,,,
Foundation Of Grace Drug Shop,10020565446,doctors,,,Arua,3.02772158,30.91542480,,,,,,
TOWN YARD,11056452031,clinic,,,Jinja,0.42927620,33.22070105,,,,,,
Holy Family Medical Care,8632128801,clinic,private,,Zombo,2.40055968,30.87276175,,,,,1,
God's Power Drug Shop,10102817915,doctors,,,Gulu,2.78477355,32.28651137,,,,,,
Oreku Health Centre II,5308494965,clinic,Ministry Of Health,operational,Arua,3.06291829,30.92881497,,,,,,
MDN Pharmcy,10102769174,pharmacy,,,Gulu,2.77675592,32.29714482,,,,,,
Mumoja Pharmacy,10583475440,pharmacy,private,,Hoima,1.42153704,31.36936085,Hoima,,,,,
Namela Lab and Clinic,2554310814,clinic,,,Kampala,0.32944664,32.60513040,,,,,,
NAWANYINGI H/UNIT II,11056452004,clinic,,,Iganga,0.69461506,33.46152503,,,,,,
Drug Shop,5215671206,pharmacy,Refugee,,Yumbe,3.47806163,31.37940664,,,,,,
Shree R Medical Centre,4119308382,clinic,,,Kampala,0.33979293,32.58556318,kampala,,,,,
KIKENENE HEALTH CENTRE II,9195432,clinic,,,Lwengo,-0.43014724,31.56961105,,,,,,
Trinity Pharmacy,3632456931,pharmacy,,,Kampala,0.36191972,32.56112758,,,,,,
Bunamono Health Centre,3954783303,clinic,,,Bududa,1.02915115,34.33510777,Bushiribo,,,,,
Global Health Drug Shop,5789318214,doctors,Private,operational,Adjumani,3.26365330,31.95522495,,,,,1,
KADIC,11010338513,hospital,,,Kampala,0.32695327,32.56269869,,,,,,
HEALTH CENTRE II,11001478483,clinic,,,Kanungu,-0.83684967,29.75207917,,,,,,
NYARUBUNGO HEALTH CENTRE II,8012059,hospital,,,Mbarara,-0.45308432,30.50407326,,,,,,
Orivu Health Center III,10023482343,hospital,,,Arua,3.02736049,30.98584880,,,,,,
KIBUGGA,11010338051,clinic,,,Butambala,0.16413916,32.16433399,,,,,,
Ntinda Medical Centre,4048796756,doctors,,,Iganga,0.61484164,33.47567972,Iganga,,,,,
KAIKU HEALTH CENTRE III,11151161562,hospital,,,Nakapiripirit,1.75475793,34.61631559,,,,,,
LOBALANGI HC II,11080473477,hospital,,,Karenga,3.39208384,33.74649256,,,,,,
Consult Medical Care,10020547588,doctors,,,Arua,3.11447478,30.91721232,,,,,,
Buyoga HC III,5795249,hospital,Private Not For Profit,,Bukomansimbi,-0.26398004,31.63781150,,,,,,
Kinuuka HC III,7195036,clinic,,,Lyantonde,-0.27441676,31.12416663,,,,,,
KUCWINY H/C III,3425622,hospital,,,Nebbi,2.54687552,31.23040054,,,,,,
Lancet Labaratories,3799573881,pharmacy,,,Kampala,0.32867458,32.57527724,"Buganda Road, Kampala",,,,,
Multicare Medical Clinic,9147833040,clinic,private,,Kampala,0.37744469,32.57635935,Kanyanya,,,,3,
Favor Drug Shop,8456548320,pharmacy,,,Wakiso,0.40444405,32.54330514,Gulu - Kampala Road,,,,,
BIRONGO HEALTH CENTRE II,11007285456,hospital,,,Ibanda,0.00790669,30.42825048,,,,,,
Citronet Pharmacy,8482832518,pharmacy,,,Wakiso,0.43769448,32.60256344,,,,,,
KAMPALA MENTAL,11010338478,hospital,,,Kampala,0.34807274,32.56566823,,,,,,
Majaro Health Care,3953776280,clinic,,,Manafwa,1.00295418,34.33546207,Kaato,,,,,
DMO,11010338114,hospital,,,Kiboga,0.91166319,31.77603687,,,,,,
LOKWAKARAMOE HEALTH CENTRE II,6797768,hospital,,,Kaabong,3.71792722,34.12561258,,,,,,
Gombe Hospital,7651410056,hospital,Ministry of Health,,Butambala,0.18154653,32.11513054,,,,,,
Bileafe Health Centre III,5299222406,clinic,Ministry Of Health;IDI,operational,Arua,3.10318998,31.08468166,,,,True,,
Wazalendo General Clinic,3944005677,doctors,,,Mbale,1.07601965,34.16366717,Mbale,,,,,
AKWATA MPOLA,11010338279,hospital,,,Kampala,0.31352622,32.53554166,,,,,,
KATETE HEALTH CENTRE III,11007285500,hospital,,,Mbarara,-0.62082372,30.68076319,,,,,,
BUTIRU,11056451839,clinic,,,Manafwa,0.82023808,34.29582305,,,,,,
Lentan pharmacy,4043422968,pharmacy,,,Jinja,0.43335064,33.21251286,"88/90 Main Street, Gokhale Road East, Jinja Central Division",,,,,
BURONDO,11001734125,clinic,,,Bundibugyo,0.86339726,30.17752345,,,,,,
Faith Drug Shop,3953885323,pharmacy,,,Bududa,1.05098073,34.34032198,"Nagako Road, Bushika",,,,,
Royal Human Drug Shop,8274342547,pharmacy,private,,Kisoro,-1.31490984,29.67865663,,,,,1,
MAGALE,11056438796,clinic,,,Namisindwa,0.87280955,34.36635785,,,,,,
SDA DISPENSARY,11073118327,hospital,,,Lira,2.26695398,32.85415188,,,,,,
Kisoro Community Clinic,8336695370,doctors,private,,Kisoro,-1.28185573,29.69733679,,,,,3,
ITUBA HC II,5980399,clinic,,,Iganga,0.76644403,33.41728786,,,,,,
KAWEMPE HC,11010338190,hospital,,,Kampala,0.36880185,32.55958456,,,,,,
NGERIBALYA HC 11,11001694676,clinic,,,Gomba,0.15023334,32.01781170,,,,,,
KITIMBA,11010338203,hospital,,,Butambala,0.29615934,32.26755905,,,,,,
Milo Clinic,8963738647,clinic,private,,Kampala,0.34123277,32.57579860,,,,,4,
Axon Gum Drug Shop,10102653175,doctors,,,Gulu,2.77890294,32.28829085,,,,,,
NAGOJJE HEALTH CENTRE III,11010338308,hospital,,,Mukono,0.43826243,32.88462253,,,,,,
INDILINGA H/C 11,11054940343,hospital,,,Obongi,3.22001476,31.53128136,,,,,,
St. Joseph's Medical Center,3278782635,doctors,,,Luwero,0.82935223,32.50089296,,,,,,
Our Drug Shop Aywee,10102769146,doctors,,,Gulu,2.75873097,32.31573966,,,,,,
Swift Pharmacy,8795582117,pharmacy,,,Bushenyi,-0.54358901,30.14018526,,,,,,
HEALTH CENTRE II,11010338396,clinic,,,Mukono,0.43003895,32.92309613,,,,,,
H.R Medical Clinic,4099298473,doctors,,,Kampala,0.35638465,32.55922556,Kampala,,,,,
Frose Dental,8481522822,dentist,,,Kampala,0.34165958,32.57069586,Bombo Road,,,,,
Pharmacy LastChance,9126274870,pharmacy,,,Mbale,1.07636273,34.17570325,,,,,,
Nyumanzi Health Center III,4359933,clinic,Medical teams international,operational,Adjumani,3.45354163,31.94599329,,,,,17,
IBANDA HC II,11001734036,clinic,,,Kasese,0.32816714,30.07897632,,,,,,
Twayamba Drug Shop,3968139966,clinic,,,Pallisa,1.24120408,33.61294805,"Opeta Road, Gogonyo",,,,,
KASOKWE HC II,11073118385,hospital,,,Kayunga,1.23161133,32.87035209,,,,,,
DOHO HEALTH CENTRE II,1037048,clinic,,,Butaleja,0.92731740,34.03757326,,,,,,
CLINIC,11029993043,clinic,,,Ssembabule,0.15791124,31.06143906,,,,,,
Pharma Health LTD,4121413939,pharmacy,,,Kampala,0.31438453,32.57738596,kampala,,,,,
Bercaf Pharmacy,9909133570,pharmacy,,,Lira,2.23903822,32.88991494,,,,,,
Kkikholo Health Centre,1747446439,doctors,,,Bududa,1.04658627,34.37176217,,,,,,
Mbale General Clinic,3944014461,clinic,,,Mbale,1.07675450,34.17868654,"Kumi Road, mbale",,,,,
Lira Polyeclinic,9909142407,doctor,,,Lira,2.24208362,32.89839223,,,,,,
MAGORO HEALTH CENTRE III,6868975,hospital,,,Katakwi,1.73100110,34.10190428,,,,,,
Drug shop,5215672038,pharmacy,Refugees,,Yumbe,3.52468479,31.36375444,,,,,,
St Luke Life Medical Care,3948078601,clinic,,,Mbale,1.15107298,34.21202656,"Budadili Road, Mbale",,,,,
Deogracious Medical Centre,10102653146,doctors,,,Gulu,2.76948940,32.30405948,,,,,,
Kana General Clinic,4102399360,doctors,,,Kampala,0.27682304,32.61515113,"Ggaba Road, kampala",,,,,
Biyinzika Medical Clinic,8870446,clinic,,,Kampala,0.35485797,32.55963477,,,,,,
KAGADI HOSPITAL,11029992936,hospital,,,Kagadi,0.94266207,30.80900355,,,,,,
E&T Clinic,10102833342,doctors,,,Gulu,2.76242404,32.29794127,,,,,,
Oking Drug Shop,3946117128,pharmacy,,,Mbale,0.92096643,34.16072127,"Mbale - Tororo Road, mbale",,,,,
Ngolonyako,5406574335,doctors,Individual based,operational,Arua,2.90742493,31.06492828,,,,,,
Nabikooli Health Centre II,8415919,hospital,,,Kaliro,0.92791453,33.43403365,,,,,,
Bunjako HC III,4807790,hospital,Government,,Mpigi,-0.05619936,32.13345732,,,,,,
Brother Drug Shop.,5789319858,doctors,LWF,non operational,Obongi,3.50954825,31.67452993,,,,,1,
HEALTH CENTRE II,11010338104,clinic,,,Buikwe,0.10970004,32.98564625,,,,,,
Unity Drug Shop,6750035910,doctors,,operational,Kanungu,-0.97783077,29.61508048,,,,,1,
NAMUSIISI HEALTH CENTRE II,11056452188,clinic,,,Iganga,0.85957243,33.43771708,,,,,,
HEALTH CENTRE 11,11056452097,clinic,,,Buikwe,0.41390664,33.14010553,,,,,,
Hope and Faith,2375816099,hospital,,,Kampala,0.29801433,32.53387919,,,,,,
familycare clinic,1875798560,doctors,,,Kampala,0.37822764,32.56119858,,,,,,
TEREGO DISPENSARY,11056452095,clinic,,,Jinja,0.53045817,33.28494398,,,,,,
LWENTULEGE HEALTH CENTRE III,11001694780,hospital,,,Rakai,-0.62733587,31.31045275,,,,,,
Muterere Health Center III,4206266,clinic,,,Bugiri,0.45801238,33.76690409,Muterere,,,,,
HEALTH CENTRE III,11056452045,clinic,,,Buyende,1.21834336,33.37244653,,,,,,
KIGALAMA,11056451857,clinic,,,Namutumba,0.78936737,33.69908343,,,,,,
Planet Pharmacy,4107809619,pharmacy,,,Kampala,0.36934475,32.60151319,"Kisaasi-Kikaya Road, kampala",,,,,
Yumbe Hospital,8456544518,hospital,,,Yumbe,3.44011357,31.18621073,Moyo Road,,,,,
BUKAALI H/UNIT II,11056452256,clinic,,,Buvuma,0.27090885,33.37385854,,,,,,
Star Medical Centre,8963738655,clinic,private,,Kampala,0.34267907,32.57525788,,,,,7,
KAMUKUZI HC II,11007309036,hospital,,,Mbarara,-0.60726633,30.64458053,,,,,,
Beatrice Tierney Health Centre,8597201326,clinic,Arlington Academy of Hope; Reach for Uganda,,Namisindwa,0.90232382,34.37937059,,,,,,
Otumbia Medical Clinic,10023482342,doctors,,,Arua,2.97798907,30.91917495,,,,,,
Riverstone Clinic,8963716802,clinic,private,,Kampala,0.33421008,32.57385425,,,,,2,
Garden City Medical Centre,4126680479,clinic,,,Kampala,0.32030073,32.59098275,"Yusuf Lule Road, kampala",,,,,
KANYANYA HC,11010338339,clinic,,,Kampala,0.37585397,32.58652919,,,,,,
KAKOOBA DIVISION HC III,11007308988,hospital,,,Mbarara,-0.60467003,30.68197337,,,,,,
ST PAUL MED CENTER,11010338413,clinic,,,Kampala,0.38202355,32.57659857,,,,,,
Destiny Drug Mat,10583475430,pharmacy,private,,Hoima,1.43724272,31.34949398,Hoima,,,,,
KATATENGA HEALTH CENTRE II,6505708,clinic,,,Rakai,-0.67947902,31.13749712,,,,,,
RUHINDI HC III,11007308926,hospital,,,Mbarara,-0.32356916,30.57980049,,,,,,
LOMUNGA,11054959865,hospital,,,Obongi,3.35344729,31.55873168,,,,,,
Kawempe Dental Clinic,9147833030,clinic,private,,Kampala,0.38179766,32.55637027,Kawempe_II,,,,3,
MM Clinic 2,12455388801,clinic,,,Wakiso,0.42900923,32.55780718,,,,,,
Aka Pharmacy,3623524089,pharmacy,,,Wakiso,0.23758752,32.55485432,,,,,,
Kyaliwajja Medical Center,8456547348,clinic,,,Wakiso,0.37745382,32.64471243,Kyaliwajjala - Naalya Road,,,,,
ERUSI,11066739703,hospital,,,Nebbi,2.32471368,31.10158343,,,,,,
KAKAMBA H/CII,11001478330,clinic,,,Rukungiri,-0.74452737,29.96353564,,,,,,
NYABIRONGO,11001734099,hospital,,,Kasese,0.07387529,29.87387233,,,,,,
KABATUNDA HEALTH CENTRE II,11001734146,clinic,,,Kasese,0.42558883,30.15267798,,,,,,
Cure Health Centre,3999155369,doctors,,,Busia,0.56027948,34.02724952,"Tororo Road, Busitema",,,,,
Good Hope Medical Center,4589341694,clinic,,,Lamwo,3.43451462,32.58153115,,,,,,
Our Lady Of Lourdes Mulagi Health Centre III,3995681809,doctors,,,Butaleja,0.87138739,33.90819028,"Busolwe Busaba Road, Busaba",,,,,
Iganga Youth Center,4069755427,doctors,,,Iganga,0.61748756,33.48147195,"Kaliro Road, Northern Division",,,,,
Arivu Health Centre,5409895841,clinic,,operational,Arua,2.87175323,30.98110330,,,,,,
Odrani,5496024017,clinic,Ministry Of Health;CUAM,operational,Arua,2.73254993,30.85278667,,,,,9,
Passionate Medical Centre,8442093821,clinic,,,Kiruhura,-0.46373395,31.03676006,,,,,,
Malisa Maternity Home,10102721850,doctors,,,Gulu,2.80628319,32.28978174,,,,,,
BUGIOGO HC 2,11029992825,clinic,,,Buliisa,1.90474177,31.43657684,,,,,,
Saint Jude Medical Center,4100092185,clinic,,,Kampala,0.29007424,32.58287426,Kampala,,,,,
Chanika Medical Clinic,6759234869,doctors,private,operational,Kisoro,-1.33857171,29.73863669,,,,,1,
Lifecheq,10583475421,clinic,private,,Hoima,1.43082327,31.35875346,Hoima,,,,,
Medicare Clinic,4064824710,clinic,,,Kampala,0.32423913,32.57385483,"Bombo Road, Kampala",,,,,
MWEZI HEALTH CENTRE II,6940196,clinic,,,Kiboga,0.65078307,32.03780329,,,,,,
Pearl Medical Centre,4102399376,clinic,,,Kampala,0.28143024,32.61046087,"Pearl Medical Lane- Kansanga, kampala",,,,,
Jinja Nile Medical Center,4040033255,clinic,,,Jinja,0.42991213,33.20292957,"Bax Road, Kimaka/Mpumudde/Nalufenya Division",,,,,
Makhonje Health Center III,336839404868,hospital,,,Mbale,0.91400325,34.13051247,,,,,,
KABAALE HEALTH CENTRE III,8668167,hospital,,,Hoima,1.44457420,31.03687950,,,,,,
Uganda Redcross Office,8493896718,hospital,,,Bushenyi,-0.54193400,30.19747800,,,,,,
ST KIZITO DENTAL CLINIC,10130151687,clinic,,,Masaka,-0.34487672,31.73784297,,,,,,
Reproductive Health Uganda,10102878062,doctors,,,Gulu,2.77535304,32.30290805,,,,,,
KYANGA,11029993012,hospital,,,Kagadi,1.08331618,31.06547176,,,,,,
Medical World,5053693741,doctor,private,,Kampala,0.34151096,32.59450793,"71, Kanjokya Street, Kampala",,,,,
Georgina Eye Hospital,4118665486,hospital,,,Kampala,0.33664602,32.57957339,"Kira Road, kampala",,,,,
Pearl Drug Shop and Cosmetics,11264000405,pharmacy,,,Wakiso,0.43797544,32.56533144,,,,,,
Ultimo Medicals,8631105017,clinic,,,Wakiso,0.39179283,32.54993372,,,,,,
ISULE,11001734200,hospital,,,Kasese,0.36763015,30.06670405,,,,,,
KYARUMBA,11001734129,hospital,,,Kasese,0.12230693,29.95220884,,,,,,
RWOBURUNGA,11007309014,hospital,,,Bushenyi,-0.46088812,29.97703998,,,,,,
DEN CLINIC,11010338098,hospital,,,Kampala,0.32493567,32.55924786,,,,,,
Bigasa HC III,1160524,hospital,Government,,Bukomansimbi,-0.08712783,31.62647606,,,,,,
NYAMIRAMA HEALTH CENTRE II,11007309021,hospital,,,Mbarara,-0.35944002,30.66194188,,,,,,
Kins Medical Centre,7060880740,clinic,,,Kampala,0.36097467,32.55658929,,,,,,
HEALTH CENTRE III,11001478445,hospital,,,Kanungu,-0.86936735,29.74773022,,,,,,
White House Medical Drug Shop,10023486992,doctors,,,Arua,3.02505522,30.90385299,,,,,,
RWEITERA,11001734069,clinic,,,Kabarole,0.50356777,30.33219404,,,,,,
Bugarama Health Centre II,8458220225,clinic,,,Ibanda,-0.04138401,30.50135417,,,,,,
Master Pharmacy,8435294017,pharmacy,,,Wakiso,0.23830015,32.55476983,Entebbe Road,,,,,
MILDMAY CENTER,11010338424,clinic,,,Wakiso,0.22726713,32.54963985,,,,,,
Lister Pharmaceuticals Ltd,4040404303,pharmacy,,,Jinja,0.43310756,33.21296439,"Gokhale Road East, Jinja",,,,,
OTUBOI H/C III,6038891,hospital,,,Kalaki,1.92412853,33.31104188,,,,,,
Seek And Live Medical Care,10102878050,doctors,,,Gulu,2.76166179,32.29765025,,,,,,
TOROI HEALTH CENTRE II,11080473488,hospital,,,Kaabong,3.32631616,34.23813720,,,,,,
TEBOKE HC II,11073166868,hospital,,,Apac,2.19737203,32.58873523,,,,,,
Alpha Treatment Center,7060880748,clinic,,,Kampala,0.37341333,32.55663933,,,,,,
HEALTH UNIT,11010338178,clinic,,,Mukono,0.15490868,32.79545877,,,,,,
Bukusi health centre,3990563759,doctors,,,Tororo,0.81233579,33.95986782,tororo,,,,,
All Saints Clinic,4102724055,clinic,,,Kampala,0.28147525,32.59464950,"Lukuli Road, Kampala",,,,,
NEW FIVE STAR,11010338349,hospital,,,Kampala,0.28713773,32.57961312,,,,,,
HEALTHCENTRE II,11056452046,clinic,,,Namutumba,0.85864966,33.68227167,,,,,,
Kyebando drag shop,8963716783,pharmacy,private,,Kampala,0.34893197,32.58612292,,,,,1,
Hope Drug Shop,3955128183,pharmacy,,,Mbale,1.05616184,34.16095722,"Marare Road, mbale",,,,,
Multiple Pharmacy,4121413936,pharmacy,,,Kampala,0.31576737,32.57607713,"Wilson Street, kampala",,,,,
Health Centre III,5215672039,clinic,IRC,,Yumbe,3.33556106,31.29867249,,,,,,
Item and Family Clinic,8684524223,clinic,,,Kampala,0.36078104,32.57943936,Kyebando Road,,,,,
Integra Drug Shop,4041947940,clinic,,,Jinja,0.64987456,33.17143675,Buwenge Town Council,,,,,
EUREKA MEDICAL CENTER,11010338378,clinic,,,Kampala,0.25671117,32.63574756,,,,,,
JANKOKORO,11066741252,hospital,,,Zombo,2.40931600,30.89599337,,,,,,
White Dental Clinic,4941345663,dentist,,,Kampala,0.33113375,32.60267207,"Lugogo By-Pass - Rotary Avenue, Kampala",,,,,
Barakala Modern Drug Shop,6351698908,doctors,Ministry Of Health,operational,Yumbe,3.48968825,31.33759997,,,,,1,
Leo Pharmacy,9147833031,pharmacy,private,,Kampala,0.38152064,32.55654218,Kawempe_II,,,,3,
KAMWENGE MEDICAL CENTRE,11007308914,hospital,,,Kamwenge,0.18325988,30.45352745,,,,,,
Maria Assumpta HC III,9885625,clinic,private_non_profit,,Butambala,0.12086885,31.99417062,,,,,,
Kamuli District Hospital,2365455559,hospital,,,Kamuli,0.94731905,33.12112622,,,,,,
Mukwaya General Hospital,10749905206,hospital,,,Kampala,0.30019966,32.59519088,Ggaba Road,,,,,
Mariyana Maternity Home,4060242977,clinic,,,Luwero,0.71536229,32.50411078,,,,,,
LOKERUI HEALTH CENTRE II,8195927,hospital,,,Kaabong,3.55197258,34.08385737,,,,,,
NANKYA MEDICAL CENTRE,11001694603,clinic,,,Kalungu,-0.14426274,31.87858049,,,,,,
Legacy Drug Shop,5308494956,pharmacy,Private,,Arua,3.15705670,31.01264825,,,,,,
HOSPITAL RIVERSIDE MEDICAL RESEARCH CENTRE,11056452433,clinic,,,Budaka,1.07549528,34.11892315,,,,,,
Abacus Pharmacy Ltd,4048796720,pharmacy,,,Iganga,0.61578234,33.47746004,Iganga,,,,,
ATANGA HC III,5076528,hospital,,,Pader,2.99402005,32.72307928,,,,,,
MAJANJI HEALTH UNIT,11056452114,clinic,,,Busia,0.26052493,33.99005910,,,,,,
Nuwa Clinic and Diagnostic Centre,8963738638,clinic,private,,Kampala,0.34481503,32.57656990,,,,,2,
Pleasured Home Clinic,8963716794,clinic,private,,Kampala,0.33662926,32.57515327,,,,,1,
Wakus Drug Shop,5594324675,pharmacy,Private,operational,Yumbe,3.57936506,31.52057868,,,,,0,
Cure Orthopedics Clinic,5223526109,clinic,private,,Hoima,1.43397495,31.35282059,Hoima,,,,,
Kam Medical Consult clinic,8684522623,clinic,,,Kampala,0.37348860,32.57621937,Gayaza Road,,,,,
NKENGE,11001694728,clinic,,,Kyotera,-0.61120507,31.50910578,,,,,,
NYABISIRIRA HC II,8306516,hospital,,,Mbarara,-0.33540424,30.62802392,,,,,,
Karongo health Centre 3,10814519366,hospital,,,Hoima,1.48301654,31.30611394,,,,,,
Nakusi Health Centre,3948078590,doctors,,,Mbale,1.12923158,34.21820838,"Budadiri Road, Mbale",,,,,
BUREMBA CENTRAL CLINIC,11007309038,hospital,,,Kazo,0.08769696,30.71674955,,,,,,
Katugoonza Drug Shop,10583475448,pharmacy,private,,Hoima,1.42449510,31.34354995,Hoima,,,,,
Omugo Life Care Centre,5297239853,pharmacy,,operational,Arua,3.27309166,31.11349169,,,,,1,
WAKAWAKA,11056452411,clinic,,,Bugiri,0.32509174,33.71344238,,,,,,
Katureebe Pharmacy,4921096896,pharmacy,,,Ntungamo,-0.87863514,30.26471896,,,,,,
ST FRANCIS BUKESA,11010338226,hospital,,,Kampala,0.32467415,32.56304654,,,,,,
Health Centre - Belimering,5215671217,clinic,MTI,,Obongi,3.47609398,31.61084306,,,,,,
KATONYA H/C II,7119119,hospital,,,Rukungiri,-0.98352837,29.88812207,,,,,,
St. Steven's dispensary and Maternity Center,8547854017,clinic,,,Kampala,0.30084004,32.64911980,,,,,,
MUZIZI,11029992913,clinic,,,Kagadi,0.92537799,30.67158744,,,,,,
Nabitsikhi Health Centre 3,7062400,clinic,,,Namisindwa,0.79382335,34.30251273,Namboko,,,,,
God Gives Drug Shop.,5559514998,pharmacy,Draru Jean,operational,Yumbe,3.22484006,31.41571939,,,,,3,
God's Mercy Drug Shop,6759234873,pharmacy,Private,operational,Kisoro,-1.34311478,29.70204030,,,,,1,
Natural Chinese Herbal & Acupuncture Clinic,5581482034,clinic,,,Kampala,0.27474198,32.56561693,,,,,,
Mutima Medical Centre,8963716816,clinic,private,,Kampala,0.38447476,32.57729669,,,,,6,
RUTOTO,11007308993,hospital,,,Rubirizi,-0.35247416,30.09701996,,,,,,
HEALTH CENTRE 11,11001694731,clinic,,,Kyotera,-0.46230291,31.62790434,,,,,,
Kisa Kya Maria Clinic,4107802663,clinic,,,Kampala,0.25665585,32.62962165,"Ggaba Road, Kampala",,,,,
MURCHISON BAY,11010338088,hospital,,,Kampala,0.29968812,32.63636363,,,,,,
KIBIBI,11056452378,clinic,,,Jinja,0.54043398,33.11196036,,,,,,
Amino Health Centre,5328918855,clinic,Save the Children,operational,Arua,3.10938554,31.18494825,,,,True,,
Bulucheke Health Centre 3,3954783295,hospital,,,Bududa,1.02885888,34.37185127,Bulukecheke,,,,,
PAIDHA,11066741287,hospital,,,Zombo,2.41635403,30.98155684,,,,,,
KATARAKA H/UNIT IV,11001734165,hospital,,,Kabarole,0.63674992,30.29568750,,,,,,
Tumwebaze Medical Clinic,8963738672,clinic,private,,Kampala,0.34750168,32.56698662,,,,,1,
Doctor's Diagnostic Clinic,4180127,clinic,,,Kampala,0.27118277,32.60976098,"Lukuli Road, Kampala",,,,,
Lubira Health Center,4052756543,clinic,,,Bugweri,0.71564015,33.62754380,Buyanga,,,,,
Bangatuti Health Center,5948762058,clinic,UNICEF,non_operational,Yumbe,3.36931825,31.30779828,,,,,8,
MEDICAL STORES,11001694643,hospital,,,Ssembabule,-0.09075694,31.45775648,,,,,,
Tayo Medical Services,4099101581,doctor,,,Kampala,0.36174345,32.57368284,"Gayaza road, kampala",,,,,
St.Robert Rukundo Drug Shop,8274304198,pharmacy,private,,Kisoro,-1.25834038,29.62034532,,,,,1,
RUGASHARI HEALTH CTR III,11029979785,hospital,,,Kagadi,1.08469828,30.81949635,,,,,,
Good Hope Edroni,10020565431,doctors,,,Arua,3.07868473,30.88521893,,,,,,
BUYAMBA MOSLEM HEALTH CENTRE II,11001694524,clinic,,,Rakai,-0.65313956,31.38753273,,,,,,
LOLACHAT HEALTH CENTRE II,11151161545,hospital,,,Nabilatuk,1.93913214,34.55741948,,,,,,
FORMER LEPROSY CENTRE,11056452393,clinic,,,Butaleja,0.90455953,34.00038066,,,,,,
MOROTO H/C III,11080417489,hospital,,,Lamwo,3.69341812,32.93022234,,,,,,
HEALTH CENTRE,11001734151,hospital,,,Bundibugyo,0.71413174,30.09919943,,,,,,
ANAKA HOSPITAL,11066741261,hospital,,,Nwoya,2.59974219,31.94795792,,,,,,
J-Stone Pharmaceuticals,3363376171,pharmacy,,,Luwero,0.71738048,32.52901802,,,,,,
Made clinic,3995843968,doctors,,,Namutumba,0.89606572,33.70642882,Magada,,,,,
MC pharmacy,9581127517,pharmacy,,,Gulu,2.77166743,32.29684886,Jomo Kenyatta Road,,,,,
SEETA KASAWO HEALTH CENTRE 11,11056451843,clinic,,,Mukono,0.81138813,32.79134066,,,,,,
Alidiga Safi Drug Shop,5576371854,pharmacy,,operational,Yumbe,3.48003649,31.32542928,,,,,1,
Yesu Amala Clinic,4107802681,doctors,,,Kampala,0.25592503,32.63433404,"Ggaba Road, Kampala",,,,,
MUHOKYA HC III,8513546,hospital,,,Kasese,0.09375163,30.04565466,,,,,,
Care Clinic,7381514,clinic,,,Kampala,0.32527773,32.57394486,"Bombo Road, Kampala",,,,,
Freedom Medicare Ewadri,10020565444,doctors,,,Arua,3.08751146,30.95674113,,,,,,
NYARAVUR H/C III,5583063,hospital,,,Nebbi,2.43646163,31.20959138,,,,,,
Bumwoni Health Centre 3,1403133,clinic,,,Namisindwa,0.83506944,34.37720890,"Bumwoni, Bumwoni",,,,,
LWEMIKOMAGO,11029992934,clinic,,,Mubende,0.60387719,31.35725168,,,,,,
Kasajja Drug Store,8462810219,pharmacy,,,Kampala,0.37145800,32.62220249,,,,,,
Echo Pharmacy,3982839814,pharmacy,,,Kampala,0.31686339,32.57020745,,,,,,
Iqra pharmacuticals ltd,8963716792,pharmacy,private,,Kampala,0.37933657,32.55720293,,,,,2,
Care Medical Clinic,9992537234,doctors,,,Lira,2.22777202,32.88593488,,,,,,
Oroma Drug Shop,8632128743,pharmacy,private,,Zombo,2.34031827,30.93180170,,,,,1,
SERIANA HEALTH CENTRE II,11056452361,clinic,,,Tororo,0.67768613,34.20180425,,,,,,
Lokunene Drug Shop,5573437713,pharmacy,Ministry Of Health,operational,Yumbe,3.42895826,31.21017325,,,,,1,
KABWANGAS,11056452222,hospital,,,Butebo,1.14075183,34.11428360,,,,,,
REBECCA MARTENITY,11001694685,clinic,,,Masaka,-0.42033405,31.67218769,,,,,,
LIRA KATO HC II,11080473446,hospital,,,Agago,2.86094996,33.49668712,,,,,,
Sleeping Pharmacy,10583475419,pharmacy,private,,Hoima,1.43531588,31.35053727,Hoima,,,,,
Barakala Health Centre,5215672065,clinic,Goverment of Uganda,,Yumbe,3.48986134,31.33917694,Swinga Road,,,,,
Rashid Lukwago,4119308380,doctor,,,Kampala,0.34359999,32.58923739,Kampala,,,,,
GLORIA,11010338529,clinic,,,Kampala,0.30522856,32.65207836,,,,,,
KITUULE H/C II,11001730400,clinic,,,Kabarole,0.76002643,30.37423490,,,,,,
HEALTH CENTRE III,11010338129,hospital,,,Mpigi,0.24790288,32.40788234,,,,,,
Emmaus Medical Centre,3619136626,clinic,,,Wakiso,0.07138427,32.48169665,,,,,,
Medvin Pharmacy Ltd,4041833895,pharmacy,,,Jinja,0.43146672,33.21098324,"Main Street, Jinja",,,,,
LII H/C II,11073166829,hospital,,,Nwoya,2.47817459,32.21585235,,,,,,
Ebenezer Drug Shop,8963716812,pharmacy,private,,Kampala,0.37966589,32.57801569,,,,,1,
Helena Family Health Care,10102721895,doctors,,,Gulu,2.78635689,32.29262513,,,,,,
ARMY BARRACKS HC III,7496567,hospital,,,Moroto,2.63223095,34.70516913,,,,,,
AKWANGI HEALTH CENTRE II,4941012,hospital,,,Oyam,2.39280935,32.59020424,,,,,,
Nakivumbi Health Center,4048895502,doctors,,,Bugweri,0.55144755,33.61515585,"Buwunga Road, Ibulanku",,,,,
Elgon Medical Clinic,3947925173,clinic,,,Mbale,1.07571715,34.17685744,mbale,,,,,
Jinja Medical Clinc,4041833890,doctor,,,Jinja,0.43356924,33.21208035,"Main Street, Jinja",,,,,
Aafiya (A) Ltd,8684522635,pharmacy,,,Kampala,0.38455438,32.57767505,Gayaza Road,,,,,
Galilee Pharmacy,9909163223,pharmacy,,,Lira,2.25199556,32.90032485,,,,,,
PATIENCE,11010338335,hospital,,,Kampala,0.31089489,32.56522457,,,,,,
HEALTH CENTRE II,11056452240,clinic,,,Sironko,1.15554422,34.25787817,,,,,,
KASAALI H/C II,11001694785,clinic,,,Kalungu,-0.22530971,31.82138750,,,,,,
MAKANAGI,11029979804,clinic,,,Kagadi,0.90409106,30.87911783,,,,,,
Blessed Medical Center,10583475434,clinic,private,,Hoima,1.43096517,31.35534169,Hoima,,,,,
Siira health Centre,3946120550,clinic,,,Mbale,1.00268412,34.12866678,mbale,,,,,
METHA HOSPITAL,11010338516,hospital,,,Buikwe,0.37746505,32.93797904,,,,,,
HIGH WAY FAMILY CLINIC,11001694702,hospital,,,Lwengo,-0.37326161,31.25551096,,,,,,
CNM Drug Shop Bunambutye,3958447296,pharmacy,,,Bulambuli,1.40482143,34.34377089,"Market Street, Bwikhonge",,,,,
SIRONGO H/CENTRE,11056452098,clinic,,,Tororo,0.65287537,33.94835486,,,,,,
Kings medical center,8631094125,clinic,,,Wakiso,0.34631824,32.64889885,Kireka,,,,,
Sunny Day Medical Clinic and Lab,10198909185,clinic,private,,Lira,2.26494493,32.90649167,Lira,,,,3,
Zumbo HC III,7551460,hospital,,,Zombo,2.50956457,30.91190214,,,,,,
Shanadia Drug Shop,3954783348,clinic,,,Bududa,1.02239710,34.37633693,"Kuushu, Bulukecheke",,,,,
Beatrice Tierney Health Centre,8597201324,laboratory,Arlington Academy of Hope; Reach for Uganda,,Namisindwa,0.90226146,34.37938098,,,,,,
Chinese T Herbs,8684523034,clinic,,,Kampala,0.36684175,32.57890686,Bahai Road,,,,,
Guardian Pharmacy,7317967885,pharmacy,private,,Kampala,0.35524555,32.61319932,,,,,,
BUDIMA,11056452349,clinic,,,Jinja,0.64503024,33.10098887,,,,,,
Amber Medical Clinic,8457496719,clinic,,,Mukono,0.36137859,32.71834066,,,,,,
LULAMBA,11010338011,clinic,,,Kalangala,-0.19518104,32.30421027,,,,,,
JUPANGIRA H/C II,3829383,hospital,,,Nebbi,2.41064889,31.03684916,,,,,,
First Choice Medical Care,10102833330,doctors,,,Omoro,2.74100568,32.26029823,,,,,,
Kam Imaging Center,10763896622,clinic,,,Hoima,1.43486594,31.34903817,,,,,,
ST LUKE KIGANDALO,11056452247,clinic,,,Mayuge,0.33999686,33.63812025,,,,,,
HEALTH CENTRE IV,11001694774,hospital,,,Bukomansimbi,-0.04363103,31.58641786,,,,,,
IMC Mukono,8412449918,hospital,,,Mukono,0.36119109,32.74538319,Jinja - Kampala Road,,,,,
Ibulanku Community Health Centre,4048894478,doctors,,,Bugweri,0.60492568,33.60048366,"Nakivumbi Road, Ibulanku",,,,,
Ombidriondrea Health Centre III,10023482346,hospital,,,Arua,3.06855587,30.96576676,,,,,,
KITI HEALTH CENTRE II,11001694635,clinic,,,Kalungu,-0.08070402,31.86691984,,,,,,
Annet Drug Shop,10583475464,pharmacy,private,,Hoima,1.42700372,31.34705459,Hoima,,,,,
KABUNGO,11001694598,clinic,,,Kalungu,-0.12545718,31.77104067,,,,,,
KATEBA HC II,11151161575,hospital,,,Katakwi,2.17254693,33.96417788,,,,,,
Mocha Health Centre II,5594324674,clinic,CUAM,operational,Yumbe,3.57323495,31.22562822,,,,True,6,
Good Hope Drug Shop,5576371856,pharmacy,,operational,Yumbe,3.49530002,31.27165158,,,,,1,
NYAKASHAKA,11007308966,hospital,,,Buhweju,-0.40895662,30.33306903,,,,,,
Mbaya Health Center 3,7585772,clinic,,,Sironko,1.24207656,34.32124603,Butandiga,,,,,
Kampala Imaging Centre,3766230236,clinic,,,Kampala,0.32326264,32.59727882,"8, Ngabo Road, Kampala",,,,,
BUSIA,11056452211,hospital,,,Busia,0.47094674,34.08856440,,,,,,
Global Health Care Clinic,5338522801,doctors,,operational,Arua,3.03332933,30.91358807,,,,,,
PAKWERO,11066741286,hospital,,,Pakwach,2.55607424,31.41785854,,,,,,
Paidha Health Centre,8632128750,clinic,government,,Zombo,2.41616829,30.98121327,,,,,5,
Nelnet Pharmacy Limited,10583475458,pharmacy,private,,Hoima,1.43764530,31.34939079,Hoima,,,,,
KIBIBI,11010338231,clinic,,,Butambala,0.22907377,32.17638197,,,,,,
Devine Drug Shop,10583475453,pharmacy,private,,Hoima,1.43856496,31.34099665,Hoima,,,,,
Good Shepherd Medical Clinic,10020565429,doctors,,,Arua,3.03477605,30.88473949,,,,,,
CENTRE POINTI,11001694798,hospital,,,Kyotera,-0.46579263,31.65798632,,,,,,
Mirembe Drug Shop,3998551967,doctors,,,Namayingo,0.17556697,33.82388913,Sigulu Islands,,,,,
Mega Drug shop,10023811288,doctors,,,Arua,3.01459393,30.90450268,,,,,,
HEALTH CENTRE II,11007309010,hospital,,,Ibanda,-0.19208803,30.41595507,,,,,,
LIRA HOSPITAL,11073166863,hospital,,,Lira,2.25189506,32.90262216,,,,,,
NATIONAL DRUG AUTHORITY,11056452423,doctor,,,Jinja,0.43077832,33.20894619,,,,,,
GOMA,11010338014,hospital,,,Mukono,0.39362377,32.70127518,,,,,,
Parents Drug Shop,8494569421,pharmacy,,,Nebbi,2.47773613,31.08817214,,,,,,
Ofua 4 and 5 Health Centre,5328918853,clinic,MTI and AMREF,operational,Arua,3.15699165,31.20638497,,,,,,
Dell dental,8963738663,dentist,private,,Kampala,0.34154139,32.57514313,,,,,5,
KOOB HOSPITAL,11010338079,hospital,,,Mukono,0.37190727,32.70780603,,,,,,
NYANAMA DOM,11010338402,hospital,,,Kampala,0.28425058,32.54993942,,,,,,
Lutindo Pharmacy,8482836718,pharmacy,,,Wakiso,0.43523732,32.60162718,,,,,,
FREEDOM RWOTOMIO PHARMACY,8408899317,pharmacy,,,Kiryandongo,1.80873336,32.01083033,Gulu - Kampala Road,,,,,
HEALTH CENTRE 11,11056452262,clinic,,,Tororo,0.61919730,34.08547307,,,,,,
LIWIRA CLINIC,11056451887,clinic,,,Tororo,0.82010749,33.99715949,,,,,,
HEALTH UNIT,11056452055,clinic,,,Budaka,1.10147625,34.01282477,,,,,,
KYANYA ADVENTIST HEALTH CENTRE II,11001734128,clinic,,,Kasese,0.33534046,30.07615607,,,,,,
NYARIEGI H/C II,1934260,hospital,,,Pakwach,2.41521116,31.30771539,,,,,,
HEALTH CENTRE IV,11056452157,hospital,,,Bugweri,0.75902077,33.60750116,,,,,,
Gittoes Pharmaceuticals Limited,10020565443,pharmacy,,,Arua,3.02185249,30.91077804,,,,,,
Ruhaama HC III,8523457017,hospital,,,Ntungamo,-0.98442196,30.35173284,,,,,,
Mbarara City Health Centre IV,9900048417,hospital,,,Mbarara,-0.61193631,30.65999569,,,,,,
CHAWOLO HC II,9705171,clinic,,,Tororo,0.65239508,33.95272199,,,,,,
Butabika Hospital,10963260468,hospital,,,Kampala,0.31574273,32.65710633,,,,,,
BUGOYE H.C 11,11010338414,clinic,,,Mukono,0.22416499,32.75603298,,,,,,
OAK Diagnostic Center,10023482350,doctors,,,Arua,3.02081775,30.91154968,,,,,,
MAGANDA HEALTH CENTRE III,11056452289,hospital,,,Namutumba,0.89136339,33.72447246,,,,,,
BUKUMI,11029993005,clinic,,,Kakumiro,0.81441534,31.36538850,,,,,,
Victorious Medical Center,9147833026,clinic,private,,Wakiso,0.38414325,32.55517417,Kawempe_II,,,,3,
PAWEL HC II,11080417498,hospital,,,Amuru,3.14866876,32.15909454,,,,,,
RWEMIKOMA HEALTH CENTRE THREE,11029992977,clinic,,,Kazo,0.05574557,30.85201713,,,,,,
NSOZI BBIRI HC 11,11010338476,hospital,,,Butambala,0.26300137,32.19504704,,,,,,
Ideal Health Drug Shop,5789318213,doctors,Private,operational,Adjumani,3.26354827,31.95475330,,,,,2,
BAHAI CLINIC,11010338205,hospital,,,Kampala,0.36981062,32.59055552,,,,,,
Zee Pharmacy,4121584560,doctor,,,Kampala,0.31432200,32.57850243,"Kampala Road, Kampala",,,,,
AGOJO,11054940340,hospital,,,Adjumani,3.42447989,31.72341177,,,,,,
HEALTH CENTRE II,11007308971,hospital,,,Ibanda,-0.04141687,30.50142894,,,,,,
BUHARA,11001478389,hospital,,,Kabale,-1.35969745,30.03327844,,,,,,
Angaya HC III,9150048,hospital,,,Gulu,2.83822285,32.37928756,Gulu - Kitgum Roaf,,,,,
Zedlife Pharmacy,10023486986,pharmacy,,,Arua,3.03152739,30.91362336,,,,,,
Victoria University Health Care Center,4114253439,hospital,,,Kampala,0.33734834,32.58073596,"Kiira Road, Kampala",,,,,
Welfare Medical Clinic,10212577742,clinic,,,Kapchorwa,1.40074783,34.44250157,,,,,,
DWOLI HEALTH CENTRE II,11029979774,clinic,,,Hoima,1.50407582,31.34663323,,,,,,
Omega Human Drug Shop,6759234866,pharmacy,Private,operational,Kisoro,-1.04912087,29.59265872,,,,,1,
Doctor's Corner,11264001102,clinic,,,Wakiso,0.43602740,32.56676760,,,,,,
Uganda Cancer Institute,1656783,clinic,,,Kampala,0.34082910,32.57735688,"Mulago Hill Road 2, Kampala",,,,,
HEALTH CENTRE 11,11010338119,clinic,,,Butambala,0.26363303,32.20800144,,,,,,
Hallelujah Drug Shop,8274342539,pharmacy,private,,Kisoro,-1.34218866,29.66711073,,,,,1,
KYANJA,11010338150,hospital,,,Kampala,0.39181378,32.60213839,,,,,,
Drug Shop,10147626092,pharmacy,private,operational,Bundibugyo,0.63234984,30.01361374,,,,,,
PURONGO,11066739673,hospital,,,Nwoya,2.56755233,31.82817458,,,,,,
St Vincent Clinic,4105120493,clinic,,,Kampala,0.28144667,32.60178166,,,,,,
HEALTH CENTRE III,11073166867,hospital,,,Nakasongola,1.28866636,32.66181704,,,,,,
NAKASONGOLA HEALTH CENTRE IV,11073118335,hospital,,,Nakasongola,1.32240436,32.46727189,,,,,,
KISAGAZI,11029979802,clinic,,,Kyegegwa,0.28508667,31.04913535,,,,,,
Trinity Community Clinic,3946026143,clinic,,,Mbale,1.00830536,34.16791588,mbale,,,,,
NYAMARWA H/C II,11029992820,clinic,,,Kibaale,0.69501756,31.20723573,,,,,,
LUZIRA CLINIC,11010338354,clinic,,,Kampala,0.30489965,32.64518843,,,,,,
HC II,11001734005,clinic,,,Ntoroko,0.73968422,30.19601066,,,,,,
DR AHMED CLINIC,11010338389,clinic,,,Kampala,0.31268669,32.57723073,,,,,,
HEALTH CENTRE,11010334402,clinic,,,Butambala,0.22879348,32.17860150,,,,,,
RIKI HEALTH CENTRE III,11066741249,hospital,,,Arua,3.01882034,31.03649552,,,,,,
Getwell Medical Care,4041781317,clinic,,,Jinja,0.46475646,33.22940658,"Wanyama Road, Bugembe",,,,,
LORENGEDWAT HEALTH CENTRE III,7128649,hospital,,,Nabilatuk,2.35980209,34.57866953,,,,,,
Fukang health care,8420653120,clinic,,,Mukono,0.40919433,32.69437889,,,,,,
Power Medi-Car,8481522018,clinic,,,Wakiso,0.38321873,32.64294410,,,,,,
BIVA MARTENITY CENTER,11010338137,hospital,,,Kampala,0.30367564,32.57539777,,,,,,
ANYARA HC III,8520992,hospital,,,Kalaki,1.99287514,33.32386828,,,,,,
Ebenezer Community Medical Center,8424899916,hospital,,,Masindi,1.50822227,31.53246623,,,,,,
St. Mary Beatrice Medical Clinic,8108785318,clinic,,,Kitagwenda,-0.08216298,30.36285814,,,,,,
Locor Health Centre II,5456940762,doctors,,,Amuru,2.81237088,31.93796150,,,,,,
NAKAPRIPITI HC III,11151161568,hospital,,,Nakapiripirit,1.84448796,34.72271773,,,,,,
Ikamiro Health Centre II,8274304206,clinic,government,,Kisoro,-1.16855544,29.72852686,,,,,2,
Atyak Health Centre II,8632128783,clinic,government,,Zombo,2.65308739,30.92719375,,,,,1,
NGARIAM HEALTH CENTRE III,4874722,hospital,,,Katakwi,1.88834493,34.13706905,,,,,,
MADERA HC III,11151161550,hospital,,,Soroti,1.71891003,33.61670164,,,,,,
St Agnes Drugs Shop,8632128759,pharmacy,private,,Zombo,2.41046994,30.98588492,,,,,2,
St. Francis Domiciliary Center,610939166,doctors,,,Kampala,0.30222389,32.64756973,,,,,,
Marie Stopes Uganda,9909273841,clinic,,,Lira,2.24283229,32.89410606,,,,,,
NYAKIZING,11001478428,hospital,,,Mitooma,-0.74406075,30.12429862,,,,,,
BUVUMA,11056452018,clinic,,,Buvuma,0.04649488,33.25855582,,,,,,
Hope Drug Shop,5789318217,doctors,,operational,Adjumani,3.28946327,31.94332826,,,,,1,
The Savoiur Medical Care Clinic,10023487003,doctors,,,Arua,3.03953688,30.91298893,,,,,,
Ndiwalana Domiciliary Clinic,4102399372,doctors,,,Kampala,0.28782236,32.60680753,"Kansanga Ggaba Road, kampala",,,,,
Amonikakinei Health Centre 11,3999151554,doctors,,,Busia,0.56570952,34.07804436,Buteba,,,,,
KAHANGI H/C II,7164467,clinic,,,Kabarole,0.70471618,30.38528342,,,,,,
Gasiza Drug Shop,8274342555,pharmacy,private,,Kisoro,-1.34122332,29.66758992,,,,,1,
Getwell Medical Care,4043791887,clinic,,,Jinja,0.46473248,33.22936534,"Wanyama Road, Bugembe Town Council",,,,,
KAWEMPE MBOGO,11010338544,clinic,,,Kampala,0.36392283,32.56572179,,,,,,
KITWE,11029992949,clinic,,,Gomba,0.31446323,31.59664420,,,,,,
BUTAWATA,11029992855,clinic,,,Mubende,0.37319934,31.29598927,,,,,,
ADC Diagnostic Center and Clinical Services,9903650392,doctor,,,Lira,2.25210930,32.90039107,,,,,,
KAKOMBO H/U II,11056452040,clinic,,,Iganga,0.55218247,33.52074494,,,,,,
Kalangala Health Centre IV,2412411,hospital,,,Kalangala,-0.32118644,32.29172844,,,,,,
BUSERUKA,11029979788,hospital,,,Hoima,1.55275104,31.15529609,,,,,,
NADUNGET HC III,11151161596,hospital,,,Moroto,2.51263796,34.58154545,,,,,,
Oleba Health Center III,8019290,clinic,,,Maracha,3.29837709,30.92815917,Arua Avenue,,,,,
PAMODO HC II,11054959882,hospital,,,Koboko,3.58511429,31.01140849,,,,,,
MEDICAL CENTRE,11010338065,hospital,,,Kiboga,0.69560245,31.93685450,,,,,,
ST FRANCIS,11056452310,clinic,,,Buikwe,0.44577966,33.17146190,,,,,,
PADIBE HEALTH CENTRE IV,712789805159,hospital,,,Lamwo,3.48715993,32.81606459,,,,,,
Rwot Lakica Drug shop,10102878056,doctors,,,Gulu,2.75172898,32.30379109,,,,,,
St Jude Cubu Community Medical Centre,10102878042,doctors,,,Gulu,2.76191777,32.32219180,,,,,,
BUYOBO MILLENIUM HEALTH CENTRE II,11056452388,clinic,,,Sironko,1.16017673,34.28830238,,,,,,
Bujubuli Health Center III,6210374899,hospital,AHA;UNHCR;WFP;Relief International;ACORD,yes,Kyegegwa,0.35852824,31.07954322,,,,,106,
ONGICA HEALTH CENTRE 3,11073166816,hospital,,,Lira,2.29114776,32.96516323,,,,,,
Case Medical Centre,4050080858,clinic,,,Luuka,0.56589393,33.41186997,"Mawundo, Waibuga",,,,,
ANARA HEALTH CENTRE 2,11073166764,hospital,,,Alebtong,2.36273206,33.21496356,,,,,,
Drug Shop,10198909187,pharmacy,private,,Lira,2.23526427,32.88163128,Lira,,,,1,
Maria Maternet Centre,4050080868,clinic,,,Luuka,0.56776477,33.41130863,Waibuga,,,,,
Bbosa Pharmacy,3338683406,pharmacy,,,Kiboga,0.90979059,31.77701328,,,,,,
Abacus Pharmacy,8440876221,pharmacy,,,Mukono,0.35791242,32.75177850,Jinja - Kampala Road,,,,,
OTENO HEALTH CENTRE II,420521905171,hospital,,,Alebtong,2.39268873,33.13099516,,,,,,
Teeba Pharmacy,3406834823,pharmacy,private,,Kampala,0.37357200,32.56844406,Kanyanya,,,,3,
BULUBULU HC III,11073166805,hospital,,,Kalaki,1.73462694,33.31328387,,,,,,
Lokpe Health Center II,5594324672,clinic,UNICEF; Doctors With Africa,operational,Obongi,3.55211599,31.54719122,,,,True,2,
DISPENSARY,11010338289,clinic,,,Mukono,0.42777709,32.91390244,,,,,,
COMMUNITY SUPPORT CENTRE,11056451922,clinic,,,Jinja,0.57102910,33.21398346,,,,,,
KONKO HEALTH CENTRE 11,11056451859,clinic,,,Buikwe,0.42966746,33.12156569,,,,,,
NABULENGER HEALTH CENTRE III,11151161599,hospital,,,Nakapiripirit,1.86269018,34.54034504,,,,,,
Platinum Pharmacy,4090056208,pharmacy,,,Kampala,0.34343863,32.56991383,"Bombo Road, Kampala",,,,,
Mother Grace Souvenir Medical Clinic,10023811284,doctors,,,Arua,2.98694463,30.92855966,,,,,,
Dental Care,4722114337,dentist,,,Kampala,0.35079895,32.60524179,,,,,,
KIDLANI HC II,11073166743,hospital,,,Apac,2.05018020,32.38368873,,,,,,
AMURU HC III,11080473456,hospital,,,Amuru,2.80966696,32.02364123,,,,,,
NABALANGA HL III,11010338528,hospital,,,Mukono,0.59029029,32.77443654,,,,,,
BUTOOLO HEALTH CENTRE III,944499805185,hospital,,,Mpigi,0.12525887,32.22952038,,,,,,
God's will Drug shop,4050080865,doctors,,,Luuka,0.70598067,33.35767820,"Iganga-Luuka Road, Bukanga",,,,,
Gods Glory Clinic,8632128799,doctors,private,,Zombo,2.38552665,30.88495993,,,,,1,
AID POST B,11056452438,clinic,,,Bulambuli,1.23111738,34.36486965,,,,,,
BURORA HC II,11001478502,hospital,,,Rukungiri,-0.97326833,30.04586295,,,,,,
Ewuta,5354389839,doctors,,operational,Arua,2.97159670,30.92020324,,,,,,
Fukang Health Care,8465185818,doctors,,,Wakiso,0.40051680,32.63482245,,,,,,
Rural Orphans And Widows Aids Network Uganda Ltd,3998033299,doctors,,,Bugiri,0.51669316,33.62529653,Buwunga,,,,,
NABINGOLA,11029992874,clinic,,,Mubende,0.48534258,31.18206202,,,,,,
Ebenezer Medical Drug Shop,6759234870,pharmacy,private,operational,Kisoro,-1.33621673,29.73750916,,,,,1,
KASANGALI,11001734056,clinic,,,Kasese,0.42538096,30.15261520,,,,,,
St Joseph Health Centre,9147833022,clinic,private,,Wakiso,0.38601820,32.55400992,Kawempe_II,,,,3,
Jona Medical Clinic,10102721880,doctors,,,Gulu,2.77447579,32.30270915,,,,,,
Teddy Medical Centre,4102726489,clinic,,,Kampala,0.27905305,32.59703985,"Lukuli Road, Kampala",,,,,
Mega Drug Shop,5559514977,pharmacy,Private,operational,Yumbe,3.41755728,31.12143345,,,,,2,
Ariwa Health Center III,7276974,clinic,Government of Uganda,,Yumbe,3.24272402,31.39482809,,,,,,
HEALTH CENTRE,11073118372,hospital,,,Buyende,1.39958433,32.89258324,,,,,,
BULWADDA HEALTH CENTRE IV,11001694594,hospital,,,Kalungu,-0.10740164,31.74025109,,,,,,
BURUNGIRA,11007308965,hospital,,,Bushenyi,-0.35286065,30.20824757,,,,,,
LOMERIS HEALTH CENTRE II,9125728,hospital,,,Kaabong,3.52470474,34.09373637,,,,,,
KAHONDO,11001478464,hospital,,,Kabale,-1.28843133,30.16189288,,,,,,
HEALTH CENTRE III,11029992869,hospital,,,Kazo,0.13942906,30.95683509,,,,,,
Alivu Driwala,5332973053,doctors,,operational,Arua,2.98069492,30.90253997,,,,,,
Muggi Health Center II,4048902055,clinic,,,Mayuge,0.46951017,33.54037435,mayuge,,,,,
NTAWO CLINIC,11010338369,hospital,,,Mukono,0.38532468,32.74084028,,,,,,
Etori Health Center III,5354389878,clinic,RTI,operational,Arua,2.81753949,30.98916065,,,,,,
Sunrise Medical Services,10583475416,clinic,private,,Hoima,1.43115938,31.35862748,Hoima,,,,,
BUGAYA,11056451961,clinic,,,Buvuma,0.04625046,33.28685497,,,,,,
Nambi Health Centre,3761571562,clinic,,,Luwero,0.66678698,32.65676979,,,,,,
BONDO HEALTH CENTRE III,11066741228,hospital,,,Arua,2.82787765,30.99576928,,,,,,
Century Dental Services,8566373717,dentist,,,Wakiso,0.40624432,32.64190139,,,,,,
ST MARY'S MARTENITY,11001694725,hospital,,,Bukomansimbi,-0.16411695,31.61818468,,,,,,
Family Health Centre,3946191094,doctor,,,Mbale,1.07125714,34.18040483,"Plot 56, Naboa Road, Mbale",,,,,
Destiny Medical Centre,4043791884,doctor,,,Jinja,0.46798827,33.24356479,"Kurukadde, Bugembe Town Council",,,,,
Mercy General Clinic,3990383958,clinic,,,Tororo,0.74619386,34.18094915,Rubongi,,,,,
Pakwach Health Centre IV,5132843,hospital,Government,,Pakwach,2.46008753,31.50347876,"Arua - Pakwach Road, Pakwach",,,,,
KASHAMBYA,11001446300,hospital,,,Rukiga,-1.04873857,29.97896874,,,,,,
RWAMANJA,11029992987,clinic,,,Kamwenge,0.33967432,30.65208602,,,,,,
Idiwa Health Centre III,8080186,clinic,MTI,,Obongi,3.42225995,31.56676322,,,,,,
NAZIGO,11056452253,hospital,,,Kayunga,0.65016105,32.98853927,,,,,,
KISAKYE HERBAL RESEARCH CENTRE,11010338125,clinic,,,Mukono,0.39002877,32.76737965,,,,,,
Affirm Pharmacy,4114252264,doctor,,,Kampala,0.31427372,32.58581849,Kampala,,,,,
Butenga HC IV,4308115,hospital,Government,,Bukomansimbi,-0.19531012,31.67246589,,,,,,
MABALE HC II,11029992994,clinic,,,Kyenjojo,0.71567703,30.46118910,,,,,,
KIBIITO HC IV,4348338,hospital,,,Bunyangabu,0.47762603,30.19530524,,,,,,
Bumoozi Health Center,4052756501,doctors,,,Bugweri,0.68766529,33.64609027,Buyanga,,,,,
BULANGA HEALTH CENTRE II,11056451876,clinic,,,Luuka,0.57021245,33.41836754,,,,,,
God's Care Clinic,3995680087,clinic,,,Butaleja,0.95537440,34.03172629,"Busolwe Mbale, Mazimasa",,,,,
BIRA,11054940390,hospital,,,Adjumani,3.31572487,31.87138404,,,,,,
Gava Medical Clinic,8200521,clinic,,,Wakiso,0.35794528,32.55630388,"Lugoba Road, kampala",,,,,
St Peter's,3946138561,clinic,,,Mbale,1.14214692,34.18820444,"Namunsi, mbale",,,,,
NAKAPIRIPIRIT HC III,5696682,hospital,,,Nakapiripirit,1.85320832,34.71987728,,,,,,
Goe Drugs Shop,8632128811,pharmacy,private,,Zombo,2.45867669,30.95635824,,,,,1,
BUGEMBE RURAL HEALTH CENTRE,11056452145,clinic,,,Jinja,0.46809773,33.22905119,,,,,,
Royal Drug Shop,10583475456,clinic,private,,Hoima,1.43741664,31.34292994,Hoima,,,,,
Viks medical center,9754075694,clinic,Medic,,Wakiso,0.43120655,32.51982777,,,,,,
NABIGWALI H/C II,11056452051,clinic,,,Kaliro,1.02953647,33.51827907,,,,,,
NAKIVUBO,11010338048,hospital,,,Kampala,0.31608957,32.57386648,,,,,,
Kumuyo Heath Centre II,5306806504,clinic,Governement;Aids Information Centre,operational,Arua,3.22284827,31.01670669,,,,True,,
Nagwere Health Center III,6607926,hospital,,,Butebo,1.16272072,33.86727939,,,,,,
IMC Namirembe Road,7354975,clinic,International Medical Group,,Kampala,0.31316186,32.56824013,,,,,,
NAMABU HEALTH C III,11056452230,hospital,,,Buikwe,0.36271617,33.18618069,,,,,,
People Drug Shop,8274304191,pharmacy,private,,Kisoro,-1.17559197,29.71578083,,,,,1,
Vintage Pharmacy,8509104618,pharmacy,,,Wakiso,0.16418493,32.54336432,,,,,,
Kisakye Medical Clinic,8481522229,clinic,,,Wakiso,0.38058966,32.64692642,Namugongo Road,,,,,
KYEIBUUZA H/C 11,11007308917,hospital,,,Kiruhura,-0.36969562,30.89664464,,,,,,
Safe Script Pharmacy,8460246119,pharmacy,,,Kampala,0.35546725,32.61434102,Ntinda Road,,,,,
The Royal Medical Center,9992537217,doctor,,,Lira,2.26435836,32.87413392,,,,,,
URHB,11010338026,hospital,,,Kampala,0.31685048,32.63216623,,,,,,
BUGOBI C/U HC III,11056451862,hospital,,,Namutumba,0.71632159,33.77399417,,,,,,
NABITENDE,11056452299,clinic,,,Iganga,0.76270269,33.46458770,,,,,,
NYARUGOTE,11007285451,hospital,,,Bushenyi,-0.41632557,30.06292833,,,,,,
UKUSIJONI,11054940371,hospital,,,Adjumani,3.28173734,31.68392873,,,,,,
QC Pharmacy,8435294018,pharmacy,,,Wakiso,0.20588833,32.54038564,,,,,,
Kema Medical Diagnostic Laboratory,4118807655,clinic,,,Kampala,0.31051242,32.58008477,Kampala,,,,,
Jambo Drug Shop,10023811306,doctors,,,Arua,2.98865026,30.93316468,,,,,,
NYAMIRAMA HEALTH CENTRE III,6141463,hospital,,,Kanungu,-0.70107072,29.76835749,,,,,,
Bru Care Drug shop,10031023710,clinic,,,Mbale,1.03928068,34.19224527,,,,,,
Mwebaza Medical Clinic,4107809618,clinic,,,Kampala,0.37752205,32.59878463,"Yves Saint Lane, kampala",,,,,
MABANGA HEALTH CENTRE II,11001478427,clinic,,,Rukungiri,-0.79687026,30.04090413,,,,,,
Platinum Pharmacy,8963738632,pharmacy,private,,Kampala,0.34009216,32.57374260,,,,,3,
KAIKOLONGO HEALTH CENTRE II,11001694544,clinic,,,Lwengo,-0.32911958,31.27902958,,,,,,
KAKINDO H/C IV,6502563,clinic,,,Kakumiro,1.07078113,31.18548486,,,,,,
ABER HEALTH CENTRE II,8697558,hospital,,,Oyam,2.20701810,32.34374469,,,,,,
Nairika Health Centre II,9588787,doctors,,,Luuka,0.84059747,33.34964272,Bukooma,,,,,
NAKIBEMBE CENTRE,11056452069,clinic,,,Bugweri,0.57826084,33.64615757,,,,,,
Giant Health Care,8963738623,clinic,private,,Kampala,0.34417993,32.58157666,,,,,4,
OLEBA HEALTH CENTRE III,801929005272,hospital,,,Maracha,3.29759850,30.92807317,,,,,,
OGOKO HEALTH CENTRE II,4625633,hospital,,,Madi Okollo,2.91433589,31.33367439,,,,,,
KYARUMBA,11001734089,clinic,,,Kasese,0.15342684,29.93465076,,,,,,
Drug Shop,5639737533,pharmacy,Apsaru,operational,Kikuube,1.18649993,30.78314822,,,,,1,
Healings Medical Centre,10020565423,doctors,,,Arua,3.02411695,30.90739175,,,,,,
Gulu Regional Referral Hospital,10102876414,hospital,,,Gulu,2.77733737,32.29856598,,,,,,
Praise Medical Centre,11263837421,clinic,,,Wakiso,0.44268448,32.56179973,,,,,,
Tumwesigye Drug Shop,4041947957,clinic,,,Jinja,0.65137970,33.16994318,"Kamuli Road, Buwenge Town Council",,,,,
ZAAM MARTENITY,11010338135,hospital,,,Kampala,0.29663316,32.57583933,,,,,,
Iyete Health Center III,1770756,clinic,Real Medicine Foundation,operational,Yumbe,3.46135356,31.36334004,,,,True,5,
nnyange medical centre,4097455477,clinic,,,Kampala,0.34367710,32.56077362,"Nanfumbambi Road, kampala",,,,,
RWENGAJU HEALTH CENTRE II,11001734172,clinic,,,Kabarole,0.68791574,30.30660308,,,,,,
MUHOKYA,11001734072,clinic,,,Kasese,0.09179999,30.09960075,,,,,,
HEALTH UNIT III,11073118362,hospital,,,Nakasongola,1.60293324,32.18521834,,,,,,
Alex Drug Shop,5789319868,doctors,,non operational,Obongi,3.41825323,31.54293665,,,,,1,
ALWOROCENG H/L II,11073166753,hospital,,,Apac,1.98102388,32.36668637,,,,,,
Health Care Ltd,4043422961,pharmacy,,,Jinja,0.43130177,33.21176628,"Scindia road, Jinja Central Division",,,,,
Good Sepherd Drug Shop,10020565427,doctors,,,Arua,3.07978443,30.85666389,,,,,,
Novafinia Pharmacy,10023482351,pharmacy,,,Arua,3.00110544,30.91226256,,,,,,
HEALTH UNIT,11056452005,clinic,,,Buyende,1.20007702,33.30047246,,,,,,
Hi-tech clinical diagnostic hub,10845311279,laboratory,,,Hoima,1.42696566,31.35602826,,,,,,
Tina Clinic,4102400489,doctors,,,Kampala,0.28830507,32.60661877,"Kansanga Ggaba Road, kampala",,,,,
Drugstore,1492337278,pharmacy,,,Kampala,0.30698297,32.61385537,,,,,,
KARUHEMBE HEALTHCENTRE II,11001446287,clinic,,,Rukungiri,-0.80204340,30.03545229,,,,,,
OROM HC II,11080417503,hospital,,,Kitgum,3.40187482,33.47627316,,,,,,
HEALTH CENTRE II,11010338430,clinic,,,Mukono,0.58997622,32.83980533,,,,,,
Ivukula Health Centre,3998182251,doctors,,,Namutumba,0.97128492,33.59796029,Ivukula,,,,,
MBN Lab,10021373518,laboratory,,,Mbale,1.07833935,34.14667546,Mbale City,,,,,
Hendora Clinic,5912110309,clinic,,,Kampala,0.25468425,32.63207595,,,,,,
Jennita Medical Centre,8591804917,clinic,,,Wakiso,0.43635614,32.60202750,,,,,,
Bestro Pharmacy,3332224743,pharmacy,,,Hoima,1.43009639,31.35361553,,,,,,
Total Care Medical Clinic,10102878025,doctors,,,Gulu,2.76673753,32.29036110,,,,,,
CORNEI CLINIC,11010338394,clinic,,,Kampala,0.34472308,32.59179672,,,,,,
Alpha Medical Centre,10102653179,doctors,,,Gulu,2.77867797,32.30200524,,,,,,
Faith general clinic,7350734485,clinic,private,,Wakiso,0.09744998,32.53034588,,,,,,
GIF Medical Centre,9027254,clinic,,,Kampala,0.36501323,32.55834077,,,,,,
HEALTH CENTRE III,11010338468,hospital,,,Buvuma,0.10487768,33.09627355,,,,,,
Vine Medicare Clinic,9119593439,clinic,,,Kampala,0.31688963,32.57125954,Rashid Khamis Road,,,,,
KISAKYAMUKAMA,11010338463,clinic,,,Kampala,0.25682952,32.62974788,,,,,,
Payawe,5406574332,clinic,UNICEF & IDI,operational,Madi Okollo,2.91443170,31.33365327,,,,True,,
HEALTH CENTRE III,11010338021,hospital,,,Buikwe,0.23712182,32.98245208,,,,,,
Mpugwe HC III,7651409968,clinic,government,,Masaka,-0.26984368,31.81018223,,,,,,
NKOZI HOSPITAL,870815005314,hospital,,,Mpigi,0.00220784,32.01589593,,,,,,
BUWOLERO,11056452270,clinic,,,Jinja,0.67994204,33.16621106,,,,,,
KYANGWALI,11029992963,clinic,,,Kikuube,1.23088688,30.80871345,,,,,,
PAMINYA H/C III,5107539,hospital,,,Nebbi,2.44020390,31.12933910,,,,,,
Felistus Medical Centre,4107569776,clinic,,,Kampala,0.24718002,32.61357474,"Salaama Road, kampala",,,,,
HEALTH CENTRE IV,11056452175,hospital,,,Sironko,1.16802437,34.35861993,,,,,,
CLINIC,11073166802,hospital,,,Dokolo,1.90488577,33.04947067,,,,,,
Devine Sisters Clinic,4089998419,doctors,,,Kampala,0.37774526,32.55345890,"Lugoba Road, kampala",,,,,
Ngolonyako,5406574339,doctors,Individual based,operational,Arua,2.90732166,31.06505325,,,,,,
KASANKALA HEALTH CENTRE II,8865892,clinic,,,Rakai,-0.58462153,31.32098385,,,,,,
Charis Health Care,9909133568,hospital,,,Lira,2.24560469,32.88628633,,,,,,
BAMATAGA,11010338484,hospital,,,Mityana,0.56267268,32.20387386,,,,,,
RWEMBOGO H/C III,11001478357,hospital,,,Ntungamo,-1.01656908,30.42897258,,,,,,
Drug Shop,5639737537,pharmacy,AAH,operational,Kikuube,1.18807329,30.78273164,,,,,1,
HEALTH CENTRE I,11056452345,clinic,,,Sironko,1.21440244,34.33742118,,,,,,
GEORGE MASEMBE'S BUILDING,11010338170,hospital,,,Kiboga,0.91356957,31.76958432,,,,,,
St Jesus Medical clinic,11039533105,clinic,,,Wakiso,0.39828168,32.48121938,,,,,,
KAWANDA,11010338492,hospital,,,Wakiso,0.41486192,32.53213944,,,,,,
Dora,3955128179,clinic,,,Mbale,1.05661446,34.16091003,"Marare Road, mbale",,,,,
PAROKETO HEALTH CENTRE II,6492584,hospital,,,Pakwach,2.44779774,31.45990736,,,,,,
NYAPEA,11066739687,hospital,,,Zombo,2.46096235,30.95028824,,,,,,
Pawor Health Centre III,9845151,clinic,IDI,operational,Madi Okollo,2.79541663,31.33793324,,,,True,,
Good Care clinic,8274342552,doctors,private,,Kisoro,-1.31181332,29.70154995,,,,,2,
Pato Medical Center,3968713242,doctors,,,Kibuku,1.01500862,33.87928412,Kadama,,,,,
Kashaka Health Centre II,5539900,clinic,UNICEF;Ministry of Health,operational,Rubirizi,-0.07566633,30.17454402,,,,,2,
Tinka Access,5916586924,pharmacy,Tinka Access Pharmaceuticals (U) LTD,,Kampala,0.25591019,32.63529703,"Ggaba Road, Kampala",,,,,
Sinco Pharmacy,4114323952,doctor,,,Kampala,0.32042847,32.57353959,"Bombo Road, Kampala",,,,,
WARIKI HC 111,11066741291,hospital,,,Arua,2.73239419,30.85302698,,,,,,
God Cares Drug Shop,6759234872,pharmacy,Private,operational,Kisoro,-1.33843005,29.73870827,,,,,2,
Life Line Medical Centre,9909142412,doctors,,,Lira,2.22808350,32.89494668,,,,,,
KATETE HC II,11010338374,clinic,,,Mukono,0.53069044,32.91560866,,,,,,
MAGBURU,11054959856,hospital,,,Adjumani,3.37339454,31.67614806,,,,,,
Perez Clinic,3983355099,clinic,,,Kampala,0.28372420,32.58309504,,,,,,
Buta Bubwala Health Centre,3953772733,clinic,,,Namisindwa,0.92666277,34.36364647,Buwabwala,,,,,
BUSIME H/CENTRE II,11056451825,clinic,,,Busia,0.25334625,33.94004479,,,,,,
Zee Pharmaceutical,3947925178,pharmacy,,,Mbale,1.07600147,34.17609846,"pallisa Road, mbale",,,,,
PAILA HEALTH CENTRE II,11066741232,hospital,,,Pakwach,2.46652567,31.31730755,,,,,,
MASANJA HEALTHCENTRE II,11056451989,clinic,,,Tororo,0.82141155,34.06071946,,,,,,
OFFAKA HEALTH CENTRE III,549521005352,hospital,,,Madi Okollo,2.63656624,31.02955975,,,,,,
Clinic Chemistry,3990269112,doctors,,,Tororo,0.69581518,34.17894294,"Mvule street, Western Division",,,,,
Drug Shop,8963716796,pharmacy,private,,Kampala,0.33593968,32.57485446,,,,,1,
St Jude Medical Clinic,8521244838,clinic,,,Kiryandongo,1.81228695,32.00841575,,,,,,
KIFAMBA,11001694701,hospital,,,Rakai,-0.77506247,31.45177340,,,,,,
Jinja Clinic,4038300547,doctor,,,Jinja,0.43158792,33.20900972,"Clive Road West, Jinja Central Division",,,,,
KYAKASA,11029992961,clinic,,,Mubende,0.23243567,31.18938806,,,,,,
Mercy Medical,11536797843,clinic,,,Wakiso,0.45670656,32.56362573,,,,,,
Rhema Hospital,10023482327,doctors,,,Arua,2.99340406,30.91343343,,,,,,
TEST AND FLY,9886986709,laboratory,,,Wakiso,0.05456254,32.46325277,,,,,,
Evalina Children's Clinic,8438780718,clinic,,,Wakiso,0.24786063,32.55910654,,,,,,
Village Care Drug Shop,5338522800,doctors,,operational,Arua,3.02889329,30.93201166,,,,,,
Buffalo Health Care,4104857865,doctors,,,Kampala,0.29872420,32.60260409,"Tank Hill Road, kampala",,,,,
Bukedea Health Centre 4,8047707,doctors,,,Bukedea,1.32907878,34.04232907,Bukedea Town Council,,,,,
KASUBI DOMICILLIARY,11010338042,hospital,,,Kampala,0.32952216,32.55150114,,,,,,
RWEMIIGO HC II,11007308958,hospital,,,Kitagwenda,-0.17469047,30.42126324,,,,,,
OBIM HEALTH CENTRE II,2836513,hospital,,,Alebtong,2.36050072,32.98674319,,,,,,
Valley Medical Center,3996085592,doctors,,,Namutumba,0.83694858,33.68572929,"Kayiti Road, Namutumba Town Council",,,,,
Pawor Unity Dawa Shop,5348727979,doctors,,operational,Madi Okollo,2.79604000,31.33568496,,,,,,
MADUD,11029992939,clinic,,,Mubende,0.66877315,31.49410184,,,,,,
STANISLUS MUGWANYA HEALTH UNIT,11010338010,clinic,,,Mukono,0.42202677,32.70348164,,,,,,
Kituntu HC III,9832955,clinic,government,,Mpigi,0.05265466,31.99869534,,,,,,
KYANGYENYI,11007285484,hospital,,,Sheema,-0.50119494,30.33768569,,,,,,
DMO CLINIC,11056452117,clinic,,,Jinja,0.42054594,33.20420974,,,,,,
LIFE STAR GENERAL MED,11010338041,hospital,,,Kampala,0.26714588,32.59639285,,,,,,
Ker Meri Obin Rwot Medicare,10102721872,doctors,,,Gulu,2.79256838,32.31465965,,,,,,
RUBAYA,11001478450,hospital,,,Kabale,-1.41546226,30.03347835,,,,,,
KAVULE,11010338350,clinic,,,Buikwe,0.11709163,32.92420355,,,,,,
Favour Drug Shop,10583475469,pharmacy,private,,Hoima,1.43881499,31.34462166,Hoima,,,,,
Papoli Community Health Center,3990909862,clinic,,,Tororo,0.65538382,34.09016794,Magola subcounty,,,,,
Proven Drug Shop,10147626100,pharmacy,private,operational,Bundibugyo,0.86483509,30.17342177,,,,,,
ANGAL HOSPITAL,4055373,hospital,,,Nebbi,2.40851662,31.19384120,,,,,,
DISPENSARY,11010338530,hospital,,,Mpigi,0.19075657,32.24857723,,,,,,
BULAULA,11056452458,clinic,,,Kayunga,0.85152739,32.95603894,,,,,,
MABIRA HC II,11029992896,clinic,,,Kyenjojo,0.79613315,30.74744283,,,,,,
Theruru Health Center III,8632128810,clinic,government,,Madi Okollo,2.60043496,30.99143165,,,,,2,
Kampala Imaging Centre,3766230237,clinic,,,Kampala,0.34132044,32.57079225,,,,,,
Niko Progressive,3966649776,pharmacy,,,Pallisa,1.16761768,33.70916183,Pallisa Town Council,,,,,
Baylor Medical Centre,4105119517,doctors,,,Kampala,0.25771649,32.60388133,"Salaama Road, Kampala",,,,,
KATERAMPUNGU HEALTH CENTRE II,3126536,clinic,,,Rukungiri,-0.72155307,29.81861245,,,,,,
BUKULULA,11001654294,hospital,,,Kalungu,-0.18082795,31.84524357,,,,,,
The Pharmaceutical Society of Uganda,3799208239,pharmacy,,,Kampala,0.32711354,32.57469872,"35-37, Bombo Road, Kampala",,,,,
Okollo Trading Centre,5354389870,doctors,,operational,Madi Okollo,2.65268162,31.14582119,,,,,,
MAGABI HEALTH CENTRE II,9153780,hospital,,,Rakai,-0.92518823,31.26658178,,,,,,
NORA MEDICAL CENTRE,11029979790,hospital,,,Kagadi,1.08406134,31.06400158,,,,,,
Prime Medical Clinic,8643725,clinic,,,Kampala,0.34296388,32.56265016,"Sir Apollo kaggwa Road, kampala",,,,,
Guardian Health Pharmacy,8963716811,pharmacy,private,,Kampala,0.33091959,32.57406698,,,,,3,
APALA HC II,11073118371,hospital,,,Alebtong,2.40122595,33.04096874,,,,,,
Qatar Pharmaceutical Limited,4041947952,pharmacy,,,Jinja,0.64947332,33.17098463,"Lubani Road, Buwenge Town Council",,,,,
Ikafe Health Centre,5215672045,clinic,Government of Uganda,,Yumbe,3.29786437,31.34738593,,,,,,
KITHOLHU HEALTH CENTRE III,224511605402,clinic,,,Kasese,0.08216415,29.74892833,,,,,,
ST KEVIN HEALTH CENTRE,11151230033,hospital,,,Katakwi,1.78058827,33.96845147,,,,,,
Ronam Health Care Clinic,9909257639,doctor,,,Lira,2.23963418,32.89015475,,,,,,
IMMACULATE HEALTH CENTRE NURSING HOME,11056452205,clinic,,,Tororo,0.69429957,34.17749362,,,,,,
First Pharmacy,8963716807,pharmacy,private,,Kampala,0.33262070,32.57367060,,,,,4,
Amazing Grace Healthy Services Clinic,9147833034,clinic,private,,Kampala,0.38165307,32.55985555,Kawempe_II,,,,3,
Rwambuga Clinic & Maternity,613003517,doctors,,,Kampala,0.31071795,32.63435323,,,,,,
Buyugu Health Centre II,4052167282,doctors,,,Mayuge,0.35524035,33.69656508,Mayuge,,,,,
AWACH HC IV,9029478,hospital,,,Gulu,2.94027805,32.43957633,,,,,,
KISEITAKA,11056452343,clinic,,,Bugiri,0.60385808,33.75519499,,,,,,
Satu,11047056005,pharmacy,,,Wakiso,0.39779310,32.48111394,,,,,,
Global Refugee International Health Centre,5299222418,doctor,Global Refugee International;MTN;MSF France,operational,Arua,3.24527824,31.26250667,,,,,,
Alpha Drug Shop,5789318235,doctor,Private,operational,Adjumani,3.46602329,31.95131328,,,,,1,
KASAKU TEA FACTORY WORKER'SCLINIC,11010338193,clinic,,,Buikwe,0.36325119,32.89111230,,,,,,
Gasovu Health Centre II,3078191,clinic,government,,Kisoro,-1.31550337,29.70180828,,,,,3,
Kinais Medical Clinic,8476206217,clinic,,,Kiryandongo,1.80995619,32.00663217,Market road,,,,,
Burondo Health Center III,9490361,hospital,public,operational,Bundibugyo,0.85929205,30.17434587,,,,,,
HEALTH CENTRE II,11056452273,clinic,,,Jinja,0.56064526,33.34885247,,,,,,
Paibona HC II,1042351,hospital,,,Gulu,3.01841826,32.45364518,Paibona - Awach Road,,,,,
AWERE HC III,4730739,hospital,,,Pader,2.68563466,32.79471388,,,,,,
Pikwo Medical Centre,10102769131,doctors,,,Gulu,2.77623825,32.28997494,,,,,,
Kigumba health center four,8478042921,hospital,,,Kiryandongo,1.80238457,31.98310668,Bobi- Masindi Road,,,,,
Capital Medical Clinic,610939421,doctors,,,Kampala,0.30795745,32.64071409,,,,,,
St. Jude Alleluia Clinic,8440098019,clinic,,,Omoro,2.76634065,32.24349092,,,,,,
ST KIZITO,11010338475,hospital,,,Kampala,0.37929155,32.58057075,,,,,,
Zion Medical Clinic,605253833,doctors,,,Kampala,0.33480888,32.63140029,,,,,,
Care Medical Center,10102653161,doctors,,,Gulu,2.76672798,32.29022389,,,,,,
RWANGARA,11029992834,clinic,,,Ntoroko,1.12134312,30.47743339,,,,,,
KOCHI,11054959845,hospital,,,Yumbe,3.56202575,31.44360858,,,,,,
ST PAUL HEALTH CENTRE,11001734154,clinic,,,Kasese,0.16826499,30.07400376,,,,,,
Immaculate Health Clinic,8963738658,clinic,private,,Kampala,0.34183610,32.57495219,,,,,4,
Peace Drug Shop,10583475424,clinic,private,,Hoima,1.43312846,31.35568443,Hoima,,,,,
Budiima Health Center III,4041886881,doctors,,,Jinja,0.64162559,33.10396537,Butagaya,,,,,
AIDS INFORMATION.CENTRE A,11066741284,hospital,,,Arua,2.98885252,30.91294485,,,,,,
KAKORE,11001478426,hospital,,,Rubanda,-1.15733208,29.92602788,,,,,,
HEALTH CENTRE II,11010338332,hospital,,,Mityana,0.56563694,31.95932714,,,,,,
Athuma,8632128775,doctors,private,,Zombo,2.46425275,30.87487969,,,,,2,
Cure Medical Center Lab and Dental Clinic,3996085560,clinic,,,Namutumba,0.83619714,33.68696093,"Mbale Jinja Road, Namutumba Town Council",,,,,
St. Michael Medical Center,8963716804,clinic,private,,Kampala,0.33591043,32.57415499,,,,,1,
Lookout Pharmacy,10198909176,pharmacy,private,,Lira,2.25720466,32.89662524,Lira,,,,2,
Endwario,606756798,doctors,,,Wakiso,0.34342380,32.64562128,,,,,,
KISUBA,11001734088,clinic,,,Bundibugyo,0.71172949,30.00331573,,,,,,
St.Mathew Medical Centre.,5789319863,doctors,,non operational,Obongi,3.41211164,31.55996323,,,,,2,
Nicu Health Centre,5299222410,clinic,Governement,operational,Arua,3.05044828,31.13015164,,,,,,
KOBKO MISSION,11054959884,hospital,,,Koboko,3.42081843,30.95524437,,,,,,
Kirika Health Centre,3968713221,doctors,,,Kibuku,0.99657748,33.82026068,Kirika,,,,,
Isegero,3996068289,pharmacy,,,Bugiri,0.63470499,33.72234103,Nabukalu,,,,,
AGURUT HEALTH CENTRE II,7541341,clinic,,,Kumi,1.45948100,33.89606217,,,,,,
CHRIS MEDICAL,11010338176,clinic,,,Kampala,0.34835755,32.59897808,,,,,,
BUSEDDE,11056451910,hospital,,,Jinja,0.59100058,33.31455943,,,,,,
Egara A,5354389854,doctors,,operational,Arua,2.87421499,30.98319668,,,,,,
HEALTH CENTRE 11,11056451995,clinic,,,Tororo,0.77583126,33.98132398,,,,,,
Shalom Dental Clinic,9147833037,clinic,private,,Wakiso,0.38334546,32.55559117,Kawempe_II,,,,3,
SERINYA H/C 11,11001694509,clinic,,,Mityana,0.25231394,31.93195352,,,,,,
HEALTH CENTRE II,11056451953,clinic,,,Tororo,0.71569144,33.99057526,,,,,,
KYOTERA MUSLIM HEALTH CENTRE,11001694599,clinic,,,Kyotera,-0.63282242,31.54466274,,,,,,
MAWUJJO NO,11029992975,clinic,,,Mubende,0.40247892,31.33481592,,,,,,
Iganga Parents Clinic,4052772040,doctors,,,Iganga,0.61256394,33.47827132,Central Division,,,,,
Wayimva,5328918852,clinic,"IDI,CUAMU",operational,Arua,2.99746669,30.87121822,,,,True,,
GOD'S GRACE MC,11010338325,clinic,,,Kampala,0.36347650,32.56547385,,,,,,
KIWANYI HEALTH CENTRE II,9513779,clinic,,,Iganga,0.80982248,33.43929338,,,,,,
Pyramid Pharma Ltd,4943079932,pharmacy,,,Kampala,0.33763266,32.59272375,"9, Mackenzie Vale, Kamapala, 8352",,,,,
Verona,1735374510,pharmacy,,,Kampala,0.28764785,32.57858198,,,,,,
GALIBOLEKA H/C II,1457659,clinic,,,Kagadi,0.98734079,30.77989303,,,,,,
Trust Drug Shop,6749856218,doctors,National Drug Authority;Multiple Pharmacy,operational,Kanungu,-0.88489675,29.63715162,,,,,1,
Bulumba Medical Centre,3967539504,clinic,,,Kaliro,0.99898636,33.45259663,"Namukoge Road, Kaliro",,,,,
masaka town motion clinic,10128061648,clinic,,,Masaka,-0.34542556,31.73936345,,,,,,
BUWENDA,11056452213,clinic,,,Jinja,0.47695665,33.17278364,,,,,,
HEALTH CENTRE II,11001730390,clinic,,,Kasese,0.32198105,30.21734780,,,,,,
MUHORRO CATHOLIC PARISH HEALTH UNIT III,11029979793,clinic,,,Kagadi,0.91194474,30.75606873,,,,,,
BUSABAGA HEALTH CENTRE III,7630042,hospital,,,Buikwe,0.29718780,32.90649846,,,,,,
St Agnes Drug Shop,8632128789,pharmacy,private,,Zombo,2.58585665,30.91881662,,,,,2,
Norvik Pharmacy,4064824224,pharmacy,,,Kampala,0.31961592,32.57382793,"78/3, Bombo Road, kampala",,,,,
LIFE CARE NURSINGHOME,11010338229,hospital,,,Kampala,0.35282796,32.56346136,,,,,,
Josam Pharmacy Ltd,8963738641,pharmacy,private,,Kampala,0.34359227,32.57627947,,,,,2,
NAKAJJU,11056452197,clinic,,,Jinja,0.66285746,33.24537075,,,,,,
Family Care Drug Shop,6759234867,pharmacy,Private,operational,Kisoro,-1.35153004,29.76659495,,,,,1,
HEALTH CENTRE III,11001478313,hospital,,,Kanungu,-0.93161446,29.67601692,,,,,,
ONGONGOJA HEALTH CENTRE II,1777262,hospital,,,Katakwi,2.20179734,33.97046405,,,,,,
Pixy Medical Clinic,10023482337,pharmacy,,,Arua,3.02137673,30.91233573,,,,,,
LURUJJO,11054940386,hospital,,,Koboko,3.35867072,31.01296224,,,,,,
Kigarama Health Center III,9515931317,hospital,,,Sheema,-0.50324942,30.39205248,,,,,,
Kireku Medical Centre,8457497318,clinic,,,Wakiso,0.35022320,32.66576693,,,,,,
KYABURERE HC II HEALTH CENTRE,11001478474,clinic,,,Rukungiri,-0.71318626,29.83199123,,,,,,
Gasiza Clinic,8274342520,doctors,private,,Kisoro,-1.26287507,29.72699993,,,,,1,
MUBUKU IRRIG,11001734134,clinic,,,Kasese,0.23408003,30.12016952,,,,,,
Egara A,5354389836,doctors,,operational,Arua,2.87463165,30.98313993,,,,,,
Orange Clinic,8481728417,clinic,,,Kampala,0.35928923,32.57739066,,,,,,
Planet Pharmaceuticals Limited,4124066944,pharmacy,,,Kampala,0.31447463,32.57700425,kampala,,,,,
HEALTHCENTRE II,11056452435,clinic,,,Tororo,0.78751865,34.05462708,,,,,,
Isenda Health Centre II,4048658314,doctors,,,Mayuge,0.45190733,33.62016060,Kigandalo,,,,,
BUKEDEA MED. CENTRE,11056452034,clinic,,,Bukedea,1.34503214,34.04702503,,,,,,
Kagoye Clinic,3966532508,doctors,,,Budaka,1.07426348,33.99655792,"Budaka Road, Kakule",,,,,
Al-noor Health Centre II,5594324677,clinic,IDI,operational,Yumbe,3.53678667,31.25556033,,,,True,4,
Citronet Pharmacy,8591753118,pharmacy,,,Wakiso,0.43762516,32.60249286,,,,,,
Medical Link Services,4100092154,clinic,Dr. Ronald,,Kampala,0.29021372,32.58244503,"Kayemba Road, Kampala",,,,,
KIKONKOMA HEALTH CENTRE II,3977161,hospital,,,Rwampara,-0.74384391,30.59055606,,,,,,
NAAMA,11010338235,clinic,,,Mityana,0.41463779,31.98212893,,,,,,
Dramba Health Centre III,6037623,clinic,Ministry of Health;IDI;UNICEF;CUAM;ICCF,operational,Yumbe,3.32040993,31.08867823,,,,True,9,
Peoples Clinic,607973047,doctors,,,Kampala,0.28862149,32.62703742,,,,,,
AKALO HC II,11073118380,hospital,,,Kole,2.12678384,32.88393529,,,,,,
Plus Medic Pharmacy,4089715605,doctors,,,Kampala,0.33260913,32.57460267,Kampala,,,,,
Fastline Medical Centre,3998032233,doctors,,,Bugiri,0.56592687,33.75500623,Bugiri Town Council,,,,,
DZAIPI,11054959892,hospital,,,Adjumani,3.39304859,31.95542637,,,,,,
Ya Keyu Pharmacy,8556871518,pharmacy,,,Pakwach,2.46064082,31.50174798,Arua - Pakwach Road,,,,,
Savannah Clinic,3992090349,clinic,,,Wakiso,0.23616779,32.55427244,,,,,,
Hope clinic,8963716779,clinic,private,,Kampala,0.34923656,32.57976718,,,,,3,
KICUUCU HC II,3196321,clinic,,,Bunyangabu,0.50622886,30.17740124,,,,,,
Lucky Domiciliary Home,4105119557,clinic,,,Kampala,0.26449703,32.59658572,"Salaama Road, Kampala",,,,,
Sharmar Clinic,5567075861,clinic,,,Kampala,0.28968524,32.54323817,,,,,,
Health Center,5309771349,clinic,DRC /MTI,operational,Arua,3.18156999,31.17896994,,,,True,,
KABENDE,11029992806,clinic,,,Kabarole,0.86692797,30.46484093,,,,,,
Maranatha Clinic,607973045,doctors,,,Kampala,0.28751969,32.63293476,,,,,,
Sky medical clinic,9751068775,clinic,,,Wakiso,0.42740133,32.52393515,,,,,,
Lucky Clinic,1022679,doctors,,,Kampala,0.29966373,32.62344804,,,,,,
Wisdom Drug Shop,5789318250,doctors,Private,operational,Adjumani,3.38116993,32.01655995,,,,,0,
OLILIM HEALTH CENTRE II,3199371,hospital,,,Katakwi,2.02242143,34.11659784,,,,,,
MUKOKO,11001694765,clinic,,,Kalungu,-0.19749000,31.84925875,,,,,,
Jehovah Rapha II Clinic,5031630921,clinic,,,Buikwe,0.37785096,33.22429999,Tongolo II,,,,,
KAHOKO HEALTH CENTRE,11001478365,clinic,,,Rukungiri,-0.82297905,29.86577030,,,,,,
Honest Drug Shop,8280279732,pharmacy,private,,Kisoro,-1.29201644,29.62027952,,,,,1,
BUMASOBO HEALTH CENTRE III,5195527,hospital,,,Bulambuli,1.20800915,34.38054783,,,,,,
PARAGON,11010338076,clinic,,,Kampala,0.28921359,32.60667962,,,,,,
HEALTH CENTRE,11073166729,hospital,,,Kole,2.35815798,32.89502506,,,,,,
BUHAGHURA HC II,11001734022,hospital,,,Kasese,0.23869753,30.03775915,,,,,,
Beckie's room,9463089794,doctors,,,Bushenyi,-0.53610204,30.14403523,,,,,,
Kalen clinic and pharmacy,4100092139,doctors,,,Kampala,0.29025429,32.58127190,"Namasole Road, Kampala",,,,,
Lyama Health Centre 3,2989646,doctors,,,Budaka,0.98365946,33.93109677,Lyama,,,,,
HEALTH CENTRE II,11056452383,clinic,,,Jinja,0.47331857,33.21081669,,,,,,
HEALTH CENTRE IV,11007309007,hospital,,,Kitagwenda,-0.00125817,30.36113524,,,,,,
Gittoes Pharmaceuticals Ltd,9909163221,pharmacy,,,Lira,2.24416803,32.89614044,,,,,,
Good Time Clinic,8494033817,clinic,,,Nebbi,2.47781618,31.09010157,,,,,,
Bushika Health Centre,3954783308,hospital,,,Bududa,1.05444556,34.35459134,"Nasunza Bushika Road, Nakatsi",,,,,
St Peter's Medical Clinic,8963716775,clinic,private,,Kampala,0.34880163,32.58608663,,,,,3,
OMEL HC II,11080473424,hospital,,,Gulu,2.81332465,32.56348525,,,,,,
University clinic,9189981414,clinic,,,Arua,2.99811352,30.92617878,,,,,,
KASEETA,11029992922,clinic,,,Kikuube,1.36162169,30.98073684,,,,,,
New Eden Drug Shop,3943934078,clinic,,,Mbale,1.04631008,34.17846148,"Tororo Road, mbale",,,,,
NGOLERIET HEALTH CENTRE II,1417576,hospital,,,Napak,2.52554886,34.48555983,,,,,,
Kakanyero Pharmacy,3411127797,pharmacy,,,Gulu,2.77394882,32.29930216,,,,,,
KIZIBA,11010338441,hospital,,,Wakiso,0.50649423,32.36718233,,,,,,
Holy Family Clinic,1789862587,clinic,,,Kampala,0.30760726,32.60058070,,,,,,
KONGORO HEALTH CENTRE II,7335628,hospital,,,Rwampara,-0.75423336,30.43861613,,,,,,
Kitovu Health Centre II,8487146,doctors,,,Mayuge,0.32789356,33.51809735,Kityerera,,,,,
Nakaseeta Health Centre,3337436414,doctors,,,Nakaseke,0.77372363,32.45027105,,,,,,
St. Glorious Clinic,8544201719,clinic,,,Wakiso,0.11497679,32.56676785,,,,,,
MIGADDE,11010338252,clinic,,,Wakiso,0.52437568,32.52238140,,,,,,
PAKADHA,11066741231,hospital,,,Zombo,2.39240115,30.92021657,,,,,,
Genesaret Drug Shop,10102833327,doctors,,,Gulu,2.77641788,32.29935488,,,,,,
JAS MED,11010338445,clinic,,,Kampala,0.33383859,32.57311396,,,,,,
Kiu Teaching hospital,3710890,hospital,,,Bushenyi,-0.54003005,30.14653597,,,,,,
AFRICAN CHRISTIAN FELLOWSHIP HEALTH CENTRE III,11001734135,hospital,,,Kabarole,0.59128078,30.30780278,,,,,,
Juha Drug Shop,3995996378,pharmacy,,,Bugiri,0.44906210,33.67751394,Nankoma,,,,,
Imvepi Health Centre II,5215672024,clinic,Government of Uganda,operational,Arua,3.23353192,31.28278559,,,,,,
OMUGO H/C IV,11054959876,hospital,,,Arua,3.27627435,31.11526169,,,,,,
KAPAPI,11029992813,clinic,,,Hoima,1.70101593,31.35707055,,,,,,
Owusawo Wawanyo,3981014868,dentist,,,Wakiso,0.35367503,32.53577384,,,,,,
Kayoro Health Centre II,3133621,doctors,,,Tororo,0.62650716,34.12181004,Osukuru,,,,,
KIZIBA DISPENSARY,11001694537,hospital,,,Rakai,-0.83440643,31.27188795,,,,,,
Amudat Hospital,887403405561,hospital,,,Amudat,1.95331976,34.94284973,,,,,,
Delly Pharmacy,4107809611,pharmacy,,,Kampala,0.36941725,32.60204259,kampala,,,,,
KARITA HEALTH CENTRE IV,4396316,hospital,,,Amudat,1.54360379,34.83007307,,,,,,
HEALTH CENTRE,11001478325,clinic,,,Rukungiri,-1.01089688,30.05238222,,,,,,
Tropical Spa Clinic,7088965,clinic,,,Kampala,0.35307774,32.56386034,"Mambale Road, kampala",,,,,
HEALTH CENTRE,11056451882,clinic,,,Buikwe,0.28051292,33.14512713,,,,,,
Abiriamajo Health Centre II,4322509,clinic,Government of Uganda,operational,Yumbe,3.37992564,31.29642622,,,,,5,
SSI,11010338099,clinic,,,Buikwe,0.17111349,32.97197730,,,,,,
MATANY HOSPITAL,11151161583,hospital,,,Napak,2.45424334,34.24010334,,,,,,
Gaddafi Musa,5559515010,pharmacy,Private,operational,Yumbe,3.49368994,31.15481665,,,,,0,
Nyakinama Health Centre III,9296980,clinic,government,,Kisoro,-1.28762985,29.66253043,,,,,13,
MPAMBWE,11056451818,clinic,,,Jinja,0.60411532,33.37159249,,,,,,
HAIBAALE HEALTH CENTRE II,11001734188,clinic,,,Kabarole,0.62142722,30.30415196,,,,,,
KISABAGWA HEALTH CENTRE 11,11029992935,clinic,,,Hoima,1.51175105,31.40295325,,,,,,
KABBO,11029979786,clinic,,,Mubende,0.35338150,31.18130229,,,,,,
Women's Health Foundation,4102400497,doctors,,,Kampala,0.28555397,32.60625265,"Soweto Road, kampala",,,,,
NKONDO HEALTH CENTRE III,1634453,hospital,,,Buyende,1.31226125,33.07035603,,,,,,
Old Kampala Hospital,2192667,hospital,,,Kampala,0.31660229,32.56836930,,,,,,
Nakalama Health Center,4052756560,doctors,,,Iganga,0.67131622,33.55780879,"Jinja - Mbale Road, Nakalama",,,,,
Prime Health Care Limited,10023482335,doctors,,,Arua,3.02474978,30.90916444,,,,,,
Tick Drug Shop,9147833055,pharmacy,private,,Kampala,0.36579124,32.57037752,Kanyanya,,,,2,
Laroo Health Centre III,10102721863,hospital,,,Gulu,2.78557058,32.32471458,,,,,,
FAMILY CARE,11010338418,hospital,,,Kampala,0.29417676,32.58854563,,,,,,
Cure Care Medical Centre,8963716813,clinic,private,,Kampala,0.38113616,32.57871257,,,,,4,
AID POST G,11056451986,clinic,,,Sironko,1.17991653,34.26729784,,,,,,
ACIMI H/C II,11073118379,hospital,,,Oyam,2.39150655,32.25717496,,,,,,
KISIMO HEALTH CENTRE II,11056452067,clinic,,,Namutumba,0.82570619,33.75654347,,,,,,
Mukono Drug Shop,4100092163,pharmacy,,,Kampala,0.29395045,32.57813782,"Kayimba Road, Kampala",,,,,
MBARARA HOSPITAL,11007308951,hospital,,,Mbarara,-0.61772208,30.65789292,,,,,,
HEALTH CENTRE II,11001694799,clinic,,,Rakai,-0.51988524,31.27451416,,,,,,
ICEME HC III,11073118352,hospital,,,Oyam,2.42914733,32.62221825,,,,,,
ALOI HC III,11073166738,hospital,,,Alebtong,2.26557508,33.13923968,,,,,,
CLINIC,11007308937,hospital,,,Kazo,-0.01864961,30.60509548,,,,,,
HEALTH CENTRE II,11001694550,hospital,,,Rakai,-0.88788113,31.25782236,,,,,,
Charity's Clinic,8420794919,pharmacy,,,Busia,0.54136856,34.02615367,Tiira Road,,,,,
Kitimba HC III,9403221,hospital,Government,,Butambala,0.29631113,32.26754640,,,,,,
KUREKU,11054959824,hospital,,,Adjumani,3.31986695,31.80945066,,,,,,
Luru Heath Center III,5789319880,clinic,MTI,operational,Obongi,3.43507244,31.58343910,,,,,7,
BUKUNGU HEALTH CENTRE,11073166751,hospital,,,Buyende,1.43643495,32.86731130,,,,,,
BEKIINA H/C 11,11010338087,clinic,,,Mityana,0.32729257,32.09644552,,,,,,
HEALTH CENTRE 11,11073166725,hospital,,,Nakasongola,1.51078629,32.40435666,,,,,,
Dr. Kibirege's Clinic,3967544896,doctors,,,Kaliro,0.89215775,33.50425237,Iganga Road,,,,,
NYENGA,11056452360,hospital,,,Buikwe,0.39106218,33.14283720,,,,,,
ALIBA,11054940363,hospital,,,Obongi,3.19367136,31.52642422,,,,,,
Peric maternity home,10901402160,clinic,private,,Hoima,1.43354672,31.35163949,,,,,,
ST BALIKUDDEMBE,11010338180,hospital,,,Kyankwanzi,1.17546398,31.70807766,,,,,,
Ishimwe Drug Shop,8274342537,pharmacy,private,,Kisoro,-1.32611142,29.69489808,,,,,2,
Mobile Clinic,5215672033,clinic,IRC,,Yumbe,3.21894498,31.40516163,,,,,,
Norin Pharmacy,10198909180,pharmacy,private,,Lira,2.23992830,32.88890828,Lira,,,,2,
KIBIRIZI KASANZI HC II,11001734024,clinic,,,Kasese,0.31373795,30.08076653,,,,,,
REPRODUCTIVE HEALTH UGANDA,11056451963,clinic,,,Iganga,0.61754950,33.48138729,,,,,,
Vumbi,5559515016,pharmacy,Private,operational,Yumbe,3.52589539,31.13447117,,,,,0,
HEALTH CENTRE III,11056452431,clinic,,,Sironko,1.15829030,34.22538430,,,,,,
BUNDIMULANGYA HC 11,11001734021,clinic,,,Bundibugyo,0.72637837,30.10423620,,,,,,
ZAMBIA HC II,11073118367,hospital,,,Oyam,2.32857572,32.28478227,,,,,,
Bade Medicals,8438780617,clinic,,,Wakiso,0.25019147,32.56082190,,,,,,
Family Pharmacy,8482836719,pharmacy,,,Wakiso,0.43312827,32.60085244,,,,,,
MABIRA HC II,8606404,hospital,,,Mbarara,-0.47446748,30.54758523,,,,,,
God's Grace Clinic,8457369818,clinic,,,Mukono,0.36544088,32.81564759,,,,,,
Select Pharmacy,9992537220,doctor,,,Lira,2.26230069,32.86916697,,,,,,
ST JUDE HEALTH CENTRE,11080473470,hospital,,,Karenga,3.69110597,33.94963310,,,,,,
Holy Innocents Children's Hospital (wrong),3983738356,hospital,,,Mbarara,-0.62318851,30.64746575,,,,,,
Kisinda Health Centre,3967508365,clinic,,,Kaliro,1.15431225,33.51896462,Kaliro,,,,,
Muramba Health Center III,3065758,clinic,government,,Kisoro,-1.31261060,29.64359965,,,,,12,
Recovery Drug Shop,5566720992,pharmacy,,,Yumbe,3.32796496,31.08657999,,,,,,
BUSOWOBI H/U III NAKIGO SCTY,11056451978,clinic,,,Iganga,0.61122167,33.53430267,,,,,,
KAPETA HC II,7353685,hospital,,,Lamwo,3.50667577,32.58933487,,,,,,
NAIRIKA HEALTH CENTRE II,958878705628,clinic,,,Luuka,0.84079068,33.34997867,,,,,,
OLILIM HEALTH CENTRE II,11151161571,hospital,,,Otuke,2.44552532,33.50554277,,,,,,
Mount Zion,3944005663,clinic,,,Mbale,1.08294705,34.16484114,mbale,,,,,
Sun Rise Drug shop,3965525601,pharmacy,,,Bukedea,1.43650788,34.05073620,Malera,,,,,
Quality Care Human Drug Shop,8336695397,pharmacy,private,,Kisoro,-1.15137430,29.63032976,,,,,1,
Reproductive Health Uganda Katego Clinic,4114253423,clinic,,,Kampala,0.33760273,32.58201193,Kampala,,,,,
CKI PHARMACY,11001694756,doctors,,,Lwengo,-0.38865967,31.32107698,,,,,,
Pharma Ltd,4048796760,pharmacy,,,Iganga,0.61420294,33.47498536,"Iganga Road, Iganga",,,,,
Goboro Health Center II,6351698902,clinic,CUAM;KADO,operational,Yumbe,3.63665495,31.45277495,,,,True,2,
DISPENSARY,11056452226,clinic,,,Luuka,0.66785098,33.39115317,,,,,,
NAMULONGE,11010338362,hospital,,,Wakiso,0.53037134,32.61700403,,,,,,
Emanuel clinic,8457496717,clinic,,,Mukono,0.35718202,32.72617178,,,,,,
Lutaaso Drug Shop,3955253557,pharmacy,,,Manafwa,0.84224762,34.30739309,Lutaaso,,,,,
Kumi Health Centre Grade III,2142776813,hospital,,,Kumi,1.48795038,33.93613873,"Ngora Road, Kumi",,,,,
RUKARARWE,11007308977,hospital,,,Bushenyi,-0.52375441,30.21752013,,,,,,
YIVU ABEA H/C II,11054959831,hospital,,,Maracha,3.24081144,30.97578397,,,,,,
Elpis medical center,11112069407,clinic,,,Wakiso,0.39487619,32.47939648,,,,,,
Mak Mukemi Drug Shop,10102721853,doctors,,,Gulu,2.77331506,32.31000007,,,,,,
Kitanda HC III,8223289,hospital,Government,,Bukomansimbi,-0.09734462,31.56838168,,,,,,
Zamzam Drug Shop,4048698410,pharmacy,,,Mayuge,0.52101286,33.34633053,"Bumanya Road, Magamaga",,,,,
ST. EDWARD HEALTH UNIT,11029992966,clinic,,,Kyenjojo,0.54074914,30.64149867,,,,,,
KIHIIHI HEALTHCENTRE IV,11001478418,hospital,,,Kanungu,-0.74862151,29.69670287,,,,,,
Professor Wamukota Memorial Health Centre,3946136642,clinic,,,Mbale,0.86957095,34.17181489,"Mbale Tororo road, Mbale",,,,,
ST AGNES,11010338224,hospital,,,Kampala,0.32917867,32.55796258,,,,,,
Westlink Pharmacy,3992090351,pharmacy,,,Wakiso,0.23650935,32.55443095,,,,,,
Primer Clinic,10023482334,doctors,,,Arua,3.02339644,30.91082154,,,,,,
Ebenezer Medical.Centre,8512567619,clinic,,,Wakiso,0.39465793,32.66436573,,,,,,
NAKASOGA H.C III,11001694789,hospital,,,Kyotera,-0.51653005,31.52472630,,,,,,
Integrated Medical Centre,4100092138,doctors,,,Kampala,0.29123405,32.57479662,"Mobutu Road, Kampala",,,,,
Nakiti Health Institute,3978882672,clinic,,,Butebo,1.19337208,33.99891818,Bupadoyi,,,,,
NYAKAGONGO HEALTH CENTRE II,11001478458,clinic,,,Ntungamo,-0.97730992,30.15337074,,,,,,
LALOGI,11073166815,hospital,,,Omoro,2.64305216,32.53622579,,,,,,
Health Care Pharmaceuticals,10102817895,pharmacy,,,Gulu,2.76951496,32.29800942,,,,,,
GWERI HEALTH CENTRE III,2608413,hospital,,,Soroti,1.71809976,33.73271967,,,,,,
V Care Pharmacy Ltd.,3711838531,pharmacy,,,Masindi,1.68358132,31.72122283,,,,,,
Kinoni Health Center,2073004113,hospital,,,Rwampara,-0.65898301,30.45890008,,,,,,
HIMA DISP,11001734111,clinic,,,Kasese,0.30002172,30.18147602,,,,,,
Peninah Drug Shop,6749856219,doctors,Bp Central Drug Shop;Multiple Pharmacy,closed,Kanungu,-0.88487002,29.63705708,,,,,,
Dial-Chin Health Center,2317188385,doctors,,,Kampala,0.28384976,32.60877032,,,,,,
KABENDE H/C III,8575142,clinic,,,Kabarole,0.86762148,30.46462694,,,,,,
BUKOOWA,11056452026,clinic,,,Luuka,0.89494682,33.35084653,,,,,,
MIDLANDS,11010338518,hospital,,,Kampala,0.32132659,32.57456134,,,,,,
HEALTH CENTRE,11066741307,hospital,,,Nebbi,2.44469819,31.20854649,,,,,,
First phamacy,7967254381,pharmacy,,,Kampala,0.33188795,32.57376942,,,,,,
ST JUDE,11056452064,clinic,,,Bukedea,1.34744747,34.04483308,,,,,,
Kaserem Health Center 3,3958413957,clinic,,,Kapchorwa,1.32593632,34.34947603,Kaserem,,,,,
Kagoggo HC II,5385105,hospital,Government,,Bukomansimbi,-0.21709804,31.61458558,,,,,,
KASIIKOMBE HEALTH CENTRE II,11010338058,clinic,,,Mityana,0.55535536,32.14881598,,,,,,
Life Care Drug Shop,5789318216,doctors,Private,operational,Adjumani,3.29613493,31.93507494,,,,,1,
Citric Pharmacy,8465189317,pharmacy,,,Wakiso,0.40053825,32.63480393,,,,,,
Anoshu Clinic,610916429,doctor,,,Kampala,0.35010987,32.59820988,,,,,,
Joel drug shop,7060880743,doctors,,,Kampala,0.35494296,32.56115114,,,,,,
Alli Drug Shop,5559514973,pharmacy,Private,operational,Yumbe,3.42747667,31.16563995,,,,,1,
ST JUDE MARTENITY,11001694636,hospital,,,Mityana,0.26347955,31.96866676,,,,,,
Unity Medical Clinic.,5789319864,doctors,,operational,Obongi,3.41815667,31.56662994,,,,,2,
Chibumba Health Centre II,2002744,clinic,government,,Kisoro,-1.31346615,29.79089903,,,,,4,
HEALTH CENTRE II,11001694527,clinic,,,Kyotera,-0.59131096,31.67833465,,,,,,
ZUMBO,11066739690,hospital,,,Zombo,2.50946248,30.91186417,,,,,,
KAMION HC II,11080473450,hospital,,,Kaabong,3.73429549,34.25439683,,,,,,
EWAL MATERNITY HOME,11073166728,hospital,,,Kwania,1.91166816,32.63107767,,,,,,
Rock Pharmacy,4102726461,clinic,,,Kampala,0.28022425,32.59567175,"Lukuli Road, Kampala",,,,,
BARAKALA,11054940344,hospital,,,Yumbe,3.48955037,31.33885407,,,,,,
Iki- Iki- Health Clinic,3966532498,clinic,,,Budaka,1.09731187,34.01330865,Iki - Iki,,,,,
NAMULITEYA HEALTH UNIT,11056451979,clinic,,,Buyende,1.11058595,33.26255014,,,,,,
HEALTH CENTRE II,11066741242,hospital,,,Nebbi,2.42006353,31.10139023,,,,,,
HEALTH UNIT,11001694649,clinic,,,Bukomansimbi,-0.21866403,31.61532478,,,,,,
RWAKIGAJU HEALTH CENTRE II (HC II),11001478402,clinic,,,Rukungiri,-0.76211981,29.82814427,,,,,,
Mal Komal Pharmacy,10102721851,pharmacy,,,Gulu,2.76543834,32.29899505,,,,,,
Good Health Drug Shop,6288776637,pharmacy,Self,operational,Isingiro,-0.77080514,30.95746323,,,,,,
RWANYANGWE HEALTH CENTRE 11,11007309070,hospital,,,Kiruhura,-0.18519551,30.70694407,,,,,,
HAMUKUNGU HC II,1263919,clinic,,,Kasese,0.01457173,30.07886317,,,,,,
Amuru Health Centre II,4973380,doctors,,,Amuru,2.80564834,31.85979363,,,,,,
Star Medical Clinic,9909257635,doctor,,,Lira,2.23992000,32.89593164,,,,,,
Kabundi HC II,7651409965,clinic,,,Kalungu,-0.04018205,31.83995836,,,,,,
NAKASOZI,11010338260,clinic,,,Kiboga,0.71320613,31.90152696,,,,,,
KIRANGALA H CENTRE II,11007308920,hospital,,,Ibanda,-0.05088113,30.52500556,,,,,,
TTIKALU,11010338149,hospital,,,Wakiso,0.54438613,32.50420843,,,,,,
Kiber Drug shop,10102721870,doctors,,,Gulu,2.79481976,32.30272550,,,,,,
HEALTH UNIT 11,11073118378,hospital,,,Nakasongola,1.60623454,32.30516413,,,,,,
NAMWEZI HEALTH CENTRE III,11056452317,clinic,,,Buikwe,0.43073456,33.14750214,,,,,,
TUHWERANE,11007308930,hospital,,,Sheema,-0.46457172,30.40175453,,,,,,
LORENGECHORA HC III,4023048,hospital,,,Napak,2.21930270,34.25518230,,,,,,
KATUNGURU,11007309048,hospital,,,Rubirizi,-0.13508967,30.05596934,,,,,,
God's Glory Clinic,8632128744,doctors,private,,Zombo,2.43193322,31.01250492,,,,,1,
Houma Image Centre,10583475484,clinic,private,,Hoima,1.43495119,31.35040174,Hoima,,,,,
Health Center II,8453954419,hospital,,,Maracha,3.27590320,30.95261455,Koboko - Arua Road,,,,,
Pharmacy Lastcance,9124073568,pharmacy,,,Mbale,1.07604656,34.17604272,,,,,,
JEMS Medical center.,8442970918,clinic,,,Mukono,0.37090806,32.71251079,,,,,,
Kenkebu Health Centre II,4397134,doctors,,,Kibuku,1.05075274,33.92782648,Kabweri,,,,,
JINJA,11056452446,clinic,,,Jinja,0.42990090,33.20405728,,,,,,
BUSIRIBA UC,11029992914,clinic,,,Kamwenge,0.39626323,30.47183965,,,,,,
Kibuku Health Centre IV,6624405,clinic,,,Kibuku,1.04781539,33.80038518,"Palisa Road, Kibuku Town Council",,,,,
DISPENSARY,11001694713,hospital,,,Rakai,-0.68873072,31.48682006,,,,,,
St. Stephen's Community Health Centre Kaboloi,3967897015,clinic,,,Pallisa,1.23137496,33.71074039,Pallisa,,,,,
ALERE,11054959860,hospital,,,Adjumani,3.45995429,31.75788310,,,,,,
Zeyne Pharmacy,3193627271,pharmacy,,,Tororo,0.69398248,34.18144527,,,,,,
Kikagate Health Center III,6879748,hospital,,,Isingiro,-1.04009968,30.65083695,,,,,,
KARANGARO HEALTH CENTRE II,3931358,clinic,,,Rukungiri,-0.75307314,29.92574508,,,,,,
LIWA H/C II,1449982,hospital,,,Obongi,3.25318573,31.49282033,,,,,,
Divine Medical,8544201617,clinic,,,Wakiso,0.13033235,32.55784305,,,,,,
KAKANJU,11007285490,hospital,,,Bushenyi,-0.49292988,30.19408710,,,,,,
Family Care Pawor,5348727982,clinic,,operational,Madi Okollo,2.79555167,31.33512329,,,,True,,
AAR Acacia Clinic,5210946121,clinic,,,Kampala,0.33252364,32.58526612,,,,,,
LUDARA,11054959825,hospital,,,Koboko,3.51946932,31.00156109,,,,,,
Devine Medical Clinic,4107569774,clinic,,,Kampala,0.27491473,32.60801235,kampala,,,,,
IMC Gulu,3957956164,clinic,International Medical Group,,Gulu,2.77615854,32.29631426,,,,,,
MARTENITY WARD H/C II,11073118324,hospital,,,Oyam,2.44589286,32.38269464,,,,,,
Ndrivu,5354389843,doctors,,operational,Arua,2.95061176,30.93281792,,,,,,
BUTAMA,11001734163,clinic,,,Bundibugyo,0.57582355,30.03129872,,,,,,
Mukisa Medical Center,9147833045,clinic,private,,Kampala,0.37346697,32.56878588,Kanyanya,,,,5,
RUKUNGIRI HEALTH CENTRE III,11001478506,hospital,,,Rukungiri,-0.78110205,29.92451646,,,,,,
MEDICAL STORE,11007285455,hospital,,,Ibanda,-0.13112561,30.50044465,,,,,,
Silence Medical Clinic,4107571612,clinic,,,Kampala,0.25179627,32.60680175,"Salaama Road, kampala",,,,,
Odia Nyadri,5354389860,doctors,Non,operational,Arua,2.95775843,30.91649584,,,,,,
Drugshop,3955077832,pharmacy,,,Mbale,1.08542507,34.16353222,Mbale,,,,,
KOBOLI HEALTH CENTRE,11056451912,clinic,,,Bukedea,1.24694887,33.94958674,,,,,,
LOYORO HC III,2439646,hospital,,,Kaabong,3.34839166,34.25817908,,,,,,
Chuho Human Drug Store,3920617793,pharmacy,,,Kisoro,-1.28000726,29.69410054,,,,,,
KITUNTU H/C 111,983295505746,hospital,,,Mpigi,0.05212333,31.99765515,,,,,,
KIDOKO HEALTH CENTRE II,4153170,clinic,,,Tororo,0.87561966,34.13301899,,,,,,
Life care drug Shop,8631105018,pharmacy,,,Wakiso,0.39380038,32.66295983,Martyrs' Way,,,,,
St Asunta Health Center Iii,5338522788,clinic,WHO,operational,Arua,3.01759557,30.89868966,,,,,,
Okuyo Health Center II,342553305750,clinic,Ministry Of Health;ACF,operational,Yumbe,3.30904499,31.33240495,,,,True,5,
HEALTH CENTRE II,11001694760,clinic,,,Rakai,-0.67514935,31.33033378,,,,,,
Shubu pharmacy,8963716791,pharmacy,private,,Kampala,0.38005548,32.55777298,,,,,2,
Medilab (U) Ltd,3799252122,clinic,,,Kampala,0.32651792,32.57475974,"Buganda Road, Kampala",,,,,
ST PIUS KIDEPO HEALTH CENTRE III,7072775,hospital,,,Moroto,2.56757572,34.62191118,,,,,,
Nurses skills lab,9822188175,laboratory,,,Kabale,-1.27250982,29.98641430,,,,,,
Muzade Clinic,4099298485,doctor,,,Kampala,0.35908932,32.56837156,kampala,,,,,
KAGANDO HOSPITAL,7399677,hospital,,,Kasese,0.06412386,29.89904796,,,,,,
KAMPIRINGISA,11010338147,hospital,,,Mpigi,0.19062983,32.24819987,,,,,,
Destined Medicare,10102653144,doctors,,,Gulu,2.81766489,32.33852703,,,,,,
Marie Stopes Namuwongo,3766268623,clinic,,,Kampala,0.30387354,32.61458242,,,,,,
BATASFA MEDICAL CLINIC,11010338297,clinic,,,Kiboga,0.66409597,31.97898714,,,,,,
Elema Health Center II,2622300,clinic,Medical teams international;Medicalteamsinternational,operational,Adjumani,3.47769827,31.90046665,,,,,3,
BUBUKWANGA,11001734142,clinic,,,Bundibugyo,0.77510606,30.06260077,,,,,,
DR. APOKO - OKOL MEMORIAL HOSPITAL HEALTH CENTRE,11056452408,clinic,,,Kumi,1.47338817,33.86520956,,,,,,
Zaak Drug Shop,10147626112,pharmacy,private,operational,Bundibugyo,0.79874630,30.14462037,,,,,,
Barapwo Health Centree III,9909133572,hospital,,,Lira,2.24995657,32.83687937,,,,,,
Life Care Drug Shop,5789319855,doctors,Private,operational,Adjumani,3.39171948,32.01898315,,,,,0,
St. Joseph Drug Shop,5789318248,doctors,,operational,Adjumani,3.38001323,32.01531163,,,,,2,
XABIX MEDICAL CLINIC,7060880756,clinic,,,Kampala,0.36350290,32.55572302,,,,,,
Repoductive health uganda,9909273831,doctor,,,Lira,2.24076188,32.89579074,,,,,,
HEALTH CENTRE II,11001694784,hospital,,,Kyotera,-0.92135250,31.70902876,,,,,,
HEALTH CENTRE,11056451946,clinic,,,Buvuma,0.31387508,33.33514513,,,,,,
Clinic,5559514975,pharmacy,Private,operational,Yumbe,3.41725000,31.12077447,,,,,1,
Sure Faith Medicare,4043797811,doctor,,,Jinja,0.46879125,33.24233282,"Iganga Highway, Bugembe Town Council",,,,,
Julius' Drug Shop,6759234875,pharmacy,Private,operational,Kisoro,-1.33930001,29.72485827,,,,,1,
KASHANGURA HEALTH CENTRE II,11007309020,hospital,,,Ibanda,-0.08546696,30.43234169,,,,,,
BUKOYO,11056452252,clinic,,,Iganga,0.60838037,33.44098183,,,,,,
HEALTH CENTRE III,11001654293,hospital,,,Kyotera,-0.55808861,31.48934586,,,,,,
ST.FRANCIS HEALTH UNIT,11056452342,clinic,,,Budaka,1.00765174,33.95473943,,,,,,
KYETUME,11010338245,hospital,,,Mukono,0.29920658,32.78113989,,,,,,
Mary Maternity Clinic,5223525763,clinic,,,Hoima,1.43580723,31.35132056,,,,,,
Makula health centre,8963716788,clinic,private,,Kampala,0.38108914,32.55960887,,,,,4,
KIKAGATA,11001478381,hospital,,,Sheema,-0.67658836,30.15196879,,,,,,
KABYUMA,11029992830,clinic,,,Mubende,0.56045709,31.55386833,,,,,,
Health Center III,5215672053,clinic,MTI,,Yumbe,3.39506075,31.34768675,,,,,,
ABAKO AGWINGIRI HEALTH CENTRE II,11073166795,hospital,,,Amolatar,1.60211978,32.72795428,,,,,,
Prosper Dental Clinic,8963738671,dentist,private,,Kampala,0.34840826,32.56463994,,,,,2,
Nazma Pharmacy,8336695375,pharmacy,private,,Kisoro,-1.28216007,29.69602326,,,,,2,
NTUUSI,11029993028,hospital,,,Ssembabule,0.04995233,31.20068427,,,,,,
OBBO JOSEPH LAND SURVEYOR 0758192371,13176788453,alternative,OBBO JOSEPH,,Tororo,0.71698293,34.14188059,,,,,,
HEALTH CENTRE II,11029992978,clinic,,,Kamwenge,0.28586938,30.56344832,,,,,,
KAKINGOL HC I,11151230041,hospital,,,Moroto,2.58617483,34.74345423,,,,,,
Alveen Pharmacy,4124066926,pharmacy,,,Kampala,0.31484419,32.57666319,kampala,,,,,
HEALTH CENTRE II,11001478394,clinic,,,Kanungu,-0.86386337,29.71091832,,,,,,
LWALA,11056451817,clinic,,,Tororo,0.65536320,34.03803569,,,,,,
HEALTH CENTRE II,11001478322,clinic,,,Kanungu,-0.89974295,29.73219444,,,,,,
BWANDA,11001694619,clinic,,,Kalungu,-0.23674790,31.74946096,,,,,,
KADERUNA,11056452382,clinic,,,Budaka,1.12112267,33.93560464,,,,,,
Otuka Pharmacy,3079682996,pharmacy,,,Soroti,1.71552308,33.62017904,,,,,,
BUBANGIZI,11001478409,hospital,,,Mitooma,-0.62757442,30.00303813,,,,,,
RUBAYA CO,11001478332,hospital,,,Kabale,-1.42119732,30.00393574,,,,,,
Mpungwe Medical Clinic,4048902053,clinic,,,Mayuge,0.45584197,33.54876992,Mayuge,,,,,
LULAGALA,11010338140,clinic,,,Mityana,0.35060583,32.01968723,,,,,,
Drug Shop,5985108747,clinic,,,Yumbe,3.39691500,31.33614169,,,,,,
KUNGU HEALTH CENTRE II,11073118373,hospital,,,Apac,1.70790133,32.13086815,,,,,,
Gulu Prison Health Center III,10102817903,hospital,,,Gulu,2.76996700,32.29272069,,,,,,
RUSHESHE HC III,11001446297,hospital,,,Rukungiri,-0.72634643,29.98051394,,,,,,
EDDWALIRO gloval medical centre,4119308789,clinic,,,Kampala,0.34100277,32.58661268,Kampala,,,,,
Carlton Pharmacy,8441957022,pharmacy,,,Mpigi,0.14817818,32.22505258,Masaka Road,,,,,
KITYERERA,11056452326,clinic,,,Mayuge,0.32769122,33.51886907,,,,,,
Becca's Clinic and Laboratory Services,4099298469,clinic,,,Kampala,0.35988217,32.55787918,kampala,,,,,
HEALTH CENTRE 11,11073166760,hospital,,,Dokolo,1.94886780,33.22781779,,,,,,
Busede Health Center III,4043649799,pharmacy,,,Jinja,0.61688188,33.29862987,"Kakira Road, Busedde",,,,,
Medical Clinic,3087233815,hospital,,,Jinja,0.43357553,33.21220742,,,,,,
KASUBI COU,11010338307,clinic,,,Kampala,0.32867173,32.55160004,,,,,,
Palandra,5406574324,doctors,"NACWOLA, UNICEF",operational,Madi Okollo,2.83291677,31.12185247,,,,,,
Kisugu Health Centre III,8205973,clinic,KCCA,,Kampala,0.30671098,32.61154917,,,,,,
KIRINYA,11001694567,clinic,,,Kalungu,-0.15826077,31.86844417,,,,,,
Family Health Clinic,8963716772,clinic,private,,Kampala,0.35491170,32.58468165,,,,,3,
HEALTH CENTRE II,11001694714,clinic,,,Ssembabule,-0.25204295,31.41564949,,,,,,
HOPE MEMORIAL,11056452096,hospital,,,Jinja,0.43789665,33.20175410,,,,,,
AJIA HEALTH C III,11066741224,hospital,,,Arua,2.91617019,31.02702749,,,,,,
OD Clinic,8963716768,clinic,private,,Kampala,0.35672663,32.58892323,,,,,2,
NABALANGA,11010338280,hospital,,,Mukono,0.54150686,32.76000525,,,,,,
KITONDO HEALTH UNIT II,11001478476,clinic,,,Ntungamo,-0.79059313,30.16018213,,,,,,
Hope Drug Shop.,5789319899,doctors,,non operational,Obongi,3.48405184,31.62663406,,,,,1,
HEALTH CENTRE II,11029992898,clinic,,,Hoima,1.40026863,31.28930462,,,,,,
Care Plus Medical Clinic,10102653160,doctors,,,Gulu,2.76649329,32.28999095,,,,,,
Omega Drug Shop,5573437705,pharmacy,Health Care Pharmacy; Glo _wander,operational,Yumbe,3.42566359,31.25623768,,,,,0,
Philomela Health Care Clinic,4097455459,clinic,,,Kampala,0.33508439,32.56263968,"Kimera street, kampala",,,,,
MICHUNGIRO HEALTH CENTRE 111,11001694695,hospital,,,Rakai,-0.74266701,31.44334858,,,,,,
Kasasira General Clinic,4105542215,clinic,,,Kampala,0.36805193,32.60452774,kampala,,,,,
Getwell General Clinic,4104666113,clinic,,,Kampala,0.33037116,32.53189084,"Sentema Road, kampala",,,,,
ISHONGORERO HEALTH CENTRE IV,11007309045,hospital,,,Ibanda,0.04906938,30.49801675,,,,,,
IML Clinic,9345717117,clinic,,,Sheema,-0.57913876,30.37844622,Masheruka Road,,,,,
Hawa Pharmacy,663674281,pharmacy,,,Wakiso,0.06117352,32.47187255,"Kampala Road, Entebbe",,,,,
BANYENZAKI,11001478346,hospital,,,Rubanda,-1.20435774,29.81098559,,,,,,
Messiah Medical Centre,3340189012,doctors,,,Hoima,1.42756757,31.35869664,,,,,,
Blitz Drug Shop,10102653167,doctors,,,Gulu,2.76118402,32.29574773,,,,,,
Kyabadaza HC III,7082185,clinic,Ministry of Health,,Butambala,0.12095862,32.18180464,,,,,,
Bugema Clinic And Maternity Home,3946026136,clinic,,,Mbale,1.02672635,34.17555129,mbale,,,,,
NGOMA HEALTH CENTRE III,7673655,hospital,,,Ntungamo,-1.15597102,30.21674187,,,,,,
KISWABULI HEALTH CENTRE III,11056451809,clinic,,,Namutumba,0.78672388,33.63834606,,,,,,
MAKERERE F. CLINIC,11010338453,clinic,,,Kampala,0.32726106,32.56655394,,,,,,
KATOOKE HC III,1604546,hospital,,,Kyenjojo,0.74198028,30.69239476,,,,,,
Sterling Dental Clinic,4004988772,dentist,,,Kampala,0.32026720,32.59074244,,,,,,
WII-ANAK HEALTH UNIT II,11066739679,hospital,,,Nwoya,2.57931558,31.77539675,,,,,,
Bukimbiri Health Center III,9539123,clinic,government,,Kisoro,-1.20105527,29.70768098,,,,,11,
NALUGONDO HEALTHCENTRE II,11056452106,clinic,,,Budaka,0.98325252,33.96165224,,,,,,
Mirembe Drug Shop Ggaba,4100092157,doctors,,,Kampala,0.25637807,32.63655298,"Ggaba Trading Centre Street, Kampala",,,,,
GALIMAGI,11056451901,clinic,,,Butebo,1.17268563,33.93513609,,,,,,
BUGARAMA HC II,11029993007,clinic,,,Kyenjojo,0.79315045,30.83226014,,,,,,
Mugabi Pharmacy LTD,4041833897,pharmacy,,,Jinja,0.43042603,33.21235653,"Alidina Road, Jinja",,,,,
Medizin,8709811417,pharmacy,,,Kampala,0.39211520,32.58815377,Waliggo Road,,,,,
GOLI,11066739696,hospital,,,Nebbi,2.38846618,31.02850296,,,,,,
Velvet Pharma Limited,4124066952,pharmacy,,,Kampala,0.31424245,32.57645146,kampala,,,,,
MWEEZI,11010338093,clinic,,,Kiboga,0.65136185,32.03716518,,,,,,
ST MARY'S,11010338363,clinic,,,Kampala,0.29080045,32.56251127,,,,,,
KABERAMAIDO HC IV,11073166844,hospital,,,Kaberamaido,1.77576557,33.16434583,,,,,,
KARENGA HEALTH CENTRE IV,5691168,hospital,,,Karenga,3.56601210,33.69647523,,,,,,
APOPONG,11056452453,clinic,,,Pallisa,1.25201590,33.61492719,,,,,,
Ebenezer Medical Clinic,7154933268,clinic,,,Ibanda,-0.13396012,30.49248922,,,,,,
BUTEBA HEALTH CENTRE III,7644221,hospital,,,Busia,0.53804120,34.12431087,,,,,,
COMMUNITY HEALTH CARE,11001734109,clinic,,,Kabarole,0.61208986,30.21312156,,,,,,
TUBA HEALTH CENTRE II,11056452410,clinic,,,Tororo,0.79324886,34.17238913,,,,,,
PALABEK GEM HC II,11080473489,hospital,,,Lamwo,3.37151507,32.65397954,,,,,,
Abacus Pharma (A) Limited,4124066924,pharmacy,,,Kampala,0.31416442,32.57685564,kampala,,,,,
Mulanda Health Centre IV,9597409,hospital,,,Tororo,0.69254272,34.01540472,"Mulanda Road, Mulanda",,,,,
Praise Medical Clinic,5581884795,doctors,private,operational,Yumbe,3.45895927,31.24795149,,,,,3,
Favour Of God Medicare Drug Shop,10102833332,doctors,,,Gulu,2.78806327,32.31127537,,,,,,
"Access Clinic ,Maternity &Dental",4107802631,doctors,,,Kampala,0.26085560,32.62564888,"Mwambusa Close, Kampala",,,,,
Egara A,5354389874,doctors,,operational,Arua,2.87466325,30.98345165,,,,,,
Nyondo St Teresa Health Centre 3,3946019558,hospital,,,Mbale,0.98735387,34.22401034,"Manafwa Road, Mbale",,,,,
KAHENDERO HC II,1199315,clinic,,,Kasese,0.05634144,30.05170765,,,,,,
Mungula Health Center IV,5377072,clinic,Government of Uganda;Medicalteamsinternational;Care,operational,Adjumani,3.18974168,31.79466163,,,,,18,
Nyondo Clinic,3942739013,clinic,,,Kampala,0.31261318,32.58558078,,,,,,
Goboro Drug Shop,6351698904,doctors,Ministry Of Health,operational,Yumbe,3.63817668,31.45025996,,,,,1,
KATUM HC II,11080473415,hospital,,,Lamwo,3.56496755,32.81718433,,,,,,
Mukono International Medical Center,8440876318,hospital,,,Mukono,0.35123959,32.76625698,,,,,,
CLINIC,11010338248,clinic,,,Mityana,0.53157716,32.05669434,,,,,,
Healing Rain Medical Clinic,10020565424,doctors,,,Arua,3.11956327,30.89383696,,,,,,
Health Care Ltd.,3176662622,pharmacy,,,Jinja,0.43125500,33.21191967,,,,,,
Drug Shop,5299223121,pharmacy,George Elisa,operational,Arua,3.17636324,31.18586665,,,,,1,
KIHOKO H/C II,11001734218,clinic,,,Kasese,0.06245033,29.77365729,,,,,,
Busede Health Center III,4052167279,pharmacy,,,Jinja,0.61666152,33.29890195,"Kakira Road, Mayuge",,,,,
BUSEMBATIA HEALTH CENTRE III,11056451832,clinic,,,Bugweri,0.77712149,33.62135284,,,,,,
NYABITEETE CHC II HEALTH CENTRE II,11001478385,clinic,,,Rukungiri,-0.70631318,29.89940696,,,,,,
KOOME,11010338103,clinic,,,Mukono,-0.07434065,32.83222415,,,,,,
Kango Health Centre,8632128781,clinic,government,,Zombo,2.64426167,30.84507993,,,,,12,
KAYENGJE HEALTH UNIT,11001730404,clinic,,,Bundibugyo,0.67059228,30.04504043,,,,,,
KAKKWANGUZI LEPROSY TREATMENT CENTRE,11010338036,clinic,,,Kiboga,0.93114717,31.80359909,,,,,,
Muduuma HC III,9042253,clinic,Ministry of Health,,Mpigi,0.33722178,32.31490474,,,,,,
GBALALA,11054959879,hospital,,,Moyo,3.55634517,31.77754193,,,,,,
HEALTH CENTRE III,11080417492,hospital,,,Lamwo,3.44982828,32.76881053,,,,,,
Immaculate Drug Shop,10102721885,doctors,,,Gulu,2.75479500,32.29788386,,,,,,
HEALTH CENTRE,11056451914,clinic,,,Busia,0.31266322,34.01856570,,,,,,
Dosha Drug Shop,8632128766,pharmacy,private,,Zombo,2.41104996,30.98587998,,,,,1,
Civian Plarmacy,8435473617,pharmacy,,,Wakiso,0.09145164,32.49733166,,,,,,
Pamachi,5406574340,doctors,No,operational,Madi Okollo,2.61833183,31.04327548,,,,,,
Lions Medical Laboratory Services,4102726419,clinic,,,Kampala,0.28690655,32.57985359,"Mobutu Road, Kampala",,,,,
TROPICAL MEDICAL AND MATERNITY CENTER,11056452455,clinic,,,Sironko,1.23240619,34.24615859,,,,,,
BUHUKA H/C II,11029979794,clinic,,,Kikuube,1.23965209,30.73975092,,,,,,
Devic medical clinic,8481722917,clinic,,,Kampala,0.35387343,32.57843923,,,,,,
Adraka,5496024011,doctors,Private,operational,Arua,2.70030207,30.85305950,,,,,2,
BL Clinic,4086729073,clinic,,,Kampala,0.37000449,32.57602860,kampala,,,,,
KITUNGA,11001694540,hospital,,,Masaka,-0.64588335,31.73127894,,,,,,
Earch Pharmacy,10020565453,pharmacy,,,Arua,3.03508333,30.91350593,,,,,,
BUKANGA,11056452443,clinic,,,Luuka,0.70949789,33.35558499,,,,,,
MUHANGA,11001478318,hospital,,,Rukiga,-1.17009495,30.15375832,,,,,,
BUSHEKA HEALTH CENTRE II,11001694507,clinic,,,Ssembabule,-0.16583331,31.36647236,,,,,,
Marie stopes Uganda,10023811292,doctors,,,Arua,3.02443219,30.90937826,,,,,,
Buluganya Health Centre,3959779039,doctors,,,Bulambuli,1.22624398,34.36133508,Buluganya,,,,,
EQUATOR CLINIC,11007308918,hospital,,,Mbarara,-0.59529018,30.66902845,,,,,,
KALIMON HEALTH CENTRE II,11080473445,hospital,,,Karenga,3.61188366,33.90033527,,,,,,
Golden Care Medical Clinic,9909163219,doctor,,,Lira,2.25765460,32.90475997,,,,,,
Genre Tute Ni Drug Shop,10102833325,doctors,,,Gulu,2.77954399,32.28830158,,,,,,
Medik Dental Surgery,7060880761,clinic,,,Kampala,0.36480327,32.56065593,,,,,,
Okendakala Drug Shop,3997808078,pharmacy,,,Busia,0.26939642,33.92253449,Busia,,,,,
Hope Drug Shop Odupi Trading Centre,5299222413,pharmacy,Individual,operational,Arua,3.30491992,31.17608162,,,,,1,
ORWAMUGE HC II,11151161585,hospital,,,Abim,2.51397630,33.62437418,,,,,,
Elgon Drug Shop,3958445693,pharmacy,,,Bukedea,1.32009288,34.16479714,"Bukedea Road, Kolir",,,,,
Rubondo Healthy Center II,6288776631,clinic,MTI,operational,Isingiro,-0.73692004,31.04358494,,,,,,
BWEYONGEDDE,11029992893,clinic,,,Kassanda,0.60798583,31.62326169,,,,,,
Byabakora Outpost,6210374896,clinic,Clinical Officer,yes,Kyegegwa,0.32668497,31.08007664,,,,,3,
MUKISA,11010338318,clinic,,,Kampala,0.29337118,32.57866940,,,,,,
M,9853606518,hospital,,,Wakiso,0.23592966,32.58215283,Ndejje Road,,,,,
KATWE,11010338059,hospital,,,Kiboga,0.78852582,32.03196018,,,,,,
BIHANGA HC II,11029992941,clinic,,,Kamwenge,0.20618673,30.63239936,,,,,,
STMark Medical Centre,8963738628,clinic,private,,Kampala,0.34310135,32.57158745,,,,,11,
HEALTH CENTRE II,11010338543,clinic,,,Mityana,0.38369063,32.13487269,,,,,,
Kagunga Health Center II,8274304205,clinic,government,,Kisoro,-1.19383837,29.73335886,,,,,2,
Jabu Medical Clinic,4105119544,doctors,,,Kampala,0.26403569,32.59690758,"Salaama Road, Kampala",,,,,
Namusita Health Centre II,3998182464,doctors,,,Namutumba,0.96710386,33.59873972,"Buwalira-Nangonde Road, Ivukula",,,,,
NVUULE H/UNIT II,11001694726,clinic,,,Mpigi,0.01424844,32.10109697,,,,,,
MAHANGO,11001734187,hospital,,,Kasese,0.13039723,29.99854065,,,,,,
MUKABARA HEALTH CENTRE III,7940270,hospital,,,Kikuube,1.27298398,31.23396998,,,,,,
ERINA CLINIC,11010338342,clinic,,,Kampala,0.34936556,32.59873324,,,,,,
APOI HC III,329866305938,hospital,,,Apac,1.72251568,32.40513106,,,,,,
Aliema'S Drug Shop,5559514984,pharmacy,Private,operational,Arua,3.29845974,31.07577899,,,,,1,
AWONANGIRO,11073166845,hospital,,,Amolatar,1.69613875,32.98001185,,,,,,
KIKUNYU HC II,11056452401,clinic,,,Bugweri,0.54759866,33.58535944,,,,,,
KOCHOLO HEALTH CENTRE II,3399877,hospital,,,Karenga,3.76740643,33.89908913,,,,,,
HE Social Impact Warehouse,4441668192,pharmacy,,,Kibaale,0.76982982,31.07778863,,,,,,
Kenopsy Medical And Laboratory Services,10023811299,doctors,,,Arua,2.99728077,30.91280512,,,,,,
MUKURA HC III,9658440,clinic,,,Ngora,1.58000438,33.85055498,,,,,,
IKUMBYA HEALTH CENTRE III,7646291,clinic,,,Luuka,0.98293317,33.32425109,,,,,,
Kaliro Medical Centre,3967544923,doctors,,,Kaliro,0.89370697,33.50525309,Kaliro,,,,,
HEALTH CENTRE IV,11001730386,hospital,,,Bundibugyo,0.67196163,29.99201617,,,,,,
HEALTH CENTRE,11056452138,clinic,,,Buikwe,0.44129325,33.12265324,,,,,,
MIREIYI,11054959870,hospital,,,Adjumani,3.33757816,31.78076444,,,,,,
KIJEJJA H/C II,1933841,hospital,,,Kyotera,-0.55658951,31.53373684,,,,,,
COMMUNITY HEALTH CENTRE 11,11010338162,clinic,,,Mukono,0.44695422,32.77065815,,,,,,
TCI,11056452302,clinic,,,Tororo,0.66038396,34.15771736,,,,,,
M&G Medical Clinic,4102222542,doctors,,,Kampala,0.33673596,32.54362617,"Kigobe Road, kampala",,,,,
Kaamu Medical and Progostic Centre,8963738657,clinic,private,,Kampala,0.34189125,32.57363682,,,,,3,
KASOZI HEALTH UNIT II,11073118396,hospital,,,Nakasongola,1.41502673,32.12421149,,,,,,
Upright Clinic,4089998468,clinic,,,Kampala,0.36780525,32.55450487,"Lugoba Road, kampala",,,,,
Noah Medical Clinic,10023811278,doctors,,,Arua,3.02928959,30.90298505,,,,,,
LIFE CARE CONSULTANTS,11010338251,hospital,,,Kampala,0.34276666,32.54336767,,,,,,
Family Health Care Made Easy,4105542213,doctors,,,Kampala,0.36945036,32.60585786,Kampala,,,,,
God Care Drug Shop,10020565440,doctors,,,Arua,2.99087717,30.91388840,,,,,,
Pulse Light Drug Shop,10147626115,pharmacy,private,operational,Bundibugyo,0.79852082,30.14402283,,,,,,
Mubaraka Orthopaedic Medical Clinic,4100092161,doctors,,,Kampala,0.28862007,32.58371354,"Lukuli Road, Kampala",,,,,
Adonai Medical Centre,9903650391,doctor,,,Lira,2.24680825,32.88663829,,,,,,
KIBINGO HEALTH CENTRE II,11007285499,hospital,,,Mbarara,-0.28836534,30.51373483,,,,,,
RMF-ACF Bidibidi 2 Health Centre,4502308293,clinic,Real Medecine Foundation,,Yumbe,3.46908402,31.40723498,,,,,,
Global Medical Clinic,8963716806,clinic,private,,Kampala,0.33396298,32.57315017,,,,,2,
DAKA MED AID,11010338123,hospital,,,Kampala,0.32571384,32.56198874,,,,,,
Health Land Drug Shop,5789318246,doctors,Private,operational,Adjumani,3.37416668,32.00318167,,,,,1,
Fukang health centrr,10814519363,clinic,,,Hoima,1.48252402,31.30330047,,,,,,
Span Medicare,2611163,clinic,Span Medicare,,Kampala,0.36942019,32.60111203,"Kisaasi-Kikaya Road, kampala",,,,,
People's Pharmacy,4102652121,pharmacy,,,Kampala,0.38898212,32.59270104,kampala,,,,,
EDIOFE H/CENTRE II,11066741281,hospital,,,Arua,3.01257993,30.89609169,,,,,,
Gadumire Health Center 3,2003635,doctors,,,Kaliro,1.10590424,33.51076184,Kaliro,,,,,
JINJA INTERNATIONAL CLINIC CENTRE,11056452108,clinic,,,Jinja,0.41960499,33.20892783,,,,,,
MEDICAL RESEARCH CLINIC,11001694626,clinic,,,Kalungu,-0.06680725,31.75036906,,,,,,
Bandugga best herbal group,8963738680,clinic,private,,Kampala,0.34895259,32.57216362,,,,,2,
KASAGAMA,11001694638,hospital,,,Lyantonde,-0.11974232,31.14849468,,,,,,
Wellington Diabetes and Heart Clinic,5818469554,hospital,,,Kampala,0.31750838,32.57676612,Buganda Road,,,,,
Humura Drug Shop,6759234881,pharmacy,,operational,Kisoro,-1.30745305,29.60720317,,,,,1,
Malcom Health Centre,3623524493,clinic,,,Kampala,0.29128652,32.57159038,,,,,,
LOPELIPELI HEALTH CENTRE II,11151230032,hospital,,,Moroto,2.49841479,34.83314269,,,,,,
KANYATSI HEALTH CENTRE,11001734026,clinic,,,Kasese,0.10480837,29.74035817,,,,,,
ZAMBIA HEALTH CENTRE II,11073166772,hospital,,,Oyam,2.32254243,32.28613436,,,,,,
Rugarambiro Aid Post,8274304192,clinic,government,,Kisoro,-1.17518821,29.71460904,,,,,1,
KATEETA COU,11056451996,clinic,,,Serere,1.45383386,33.49595152,,,,,,
Yesu Nomwesigwa Drug Shop,6735301019,doctors,,operational,Rukungiri,-0.41014333,29.77544666,,,,,1,
KAMPALA IMAGING,11010338241,hospital,,,Kampala,0.34185429,32.57079502,,,,,,
Mwiru Pharmaceutical and Cosmetics,3994602980,pharmacy,,,Wakiso,0.20967377,32.54108687,,,,,,
HEALTH CENTRE II,11007285466,hospital,,,Kazo,0.03895997,30.65539553,,,,,,
Shurik Pharmacy,3957815398,pharmacy,,,Kampala,0.31597114,32.57711330,,,,,,
Bardege Health Centre lll,10102653172,hospital,,,Gulu,2.79446395,32.29311522,,,,,,
BAMURE HEALTH CENTRE II,11054940345,hospital,,,Koboko,3.49307404,31.07769652,,,,,,
St. Doreen Drug Shop,8274342556,pharmacy,private,,Kisoro,-1.31949642,29.76765358,,,,,0,
RWENSHAMA HC II,11001478482,clinic,,,Rukungiri,-0.66156287,29.90890349,,,,,,
MIREMBE H/C II,11001694678,clinic,,,Lwengo,-0.35009923,31.60145549,,,,,,
BUBANGO HEALTH CENTRE II,4153693,clinic,,,Kibaale,0.73876313,31.02928147,,,,,,
KATALAMA DISPENSARY,11010338208,hospital,,,Kiboga,0.71996772,32.12926125,,,,,,
Georgina Eye Clinic,4114252287,clinic,,,Kampala,0.33611813,32.57902119,"Kiira Road, Kampala",,,,,
MPUMUDDE HEALTH CENTRE IV,11056452219,clinic,,,Jinja,0.45984718,33.21232602,,,,,,
KOBOKO MISSION HC III,9543767,hospital,,,Koboko,3.42067375,30.95525367,,,,,,
BUFFUNJO,11029992842,clinic,,,Kyenjojo,0.73253278,30.83428446,,,,,,
Baricamp Medical Services.,5789319877,doctors,,non operational,Obongi,3.42648753,31.58095680,,,,,0,
Biorex Medical Services,1043242,doctors,,,Kampala,0.29883249,32.60318982,"Tank Hill Road, kampala",,,,,
DISPENSARY,11001694516,doctors,,,Rakai,-0.77814282,31.34708678,,,,,,
Uganda Protestant Medical Bureau,4114253436,clinic,,,Kampala,0.33936536,32.58837992,Kampala,,,,,
Teguzibirwa Dom Clinic,6157246,clinic,private_non_profit,,Kalungu,-0.15096005,31.87600130,,,,,,
Kampala Medical Centre,3530672232,clinic,,,Kampala,0.33952412,32.58695508,,,,,,
AWEI HEALTH CENTRE II,11073118365,hospital,,,Alebtong,2.17768202,33.21161767,,,,,,
HEALTH CENTRE III,11073166839,hospital,,,Amolatar,1.70274763,32.77015968,,,,,,
PATIKO HC III,1427067,hospital,,,Gulu,3.01140814,32.32162258,,,,,,
Golden Care Pharmacy,8481523018,pharmacy,,,Wakiso,0.38070156,32.64661445,Kyaliwajjala - Kira Road,,,,,
Kasonga Health Center II,5253837,clinic,LWF,operational,Kikuube,1.17321997,30.76976165,,,,True,3,
KANYIKE,11010338360,hospital,,,Mpigi,0.18573497,32.23137823,,,,,,
RWAGIMBA HEALTH CENTRE III,6156509,hospital,,,Bunyangabu,0.47999392,30.10743674,,,,,,
Gifted Hands,10198909184,clinic,private,,Lira,2.24044479,32.88706795,Lira,,,,4,
HEALTH CENTRE III,11073118339,hospital,,,Kalaki,1.72326670,33.29539949,,,,,,
KASUNGU HEALTH CENTRE II,8337004,clinic,,,Kasese,0.05051224,29.78797358,,,,,,
Nessa Medical Centre,4090836937,clinic,,,Wakiso,0.40191238,32.54552258,,,,,,
NGOMBE COMMUNITY HEALTH UNIT II,11001734114,clinic,,,Kabarole,0.65335104,30.31836734,,,,,,
mukwaya medical centre,10128402892,clinic,,,Masaka,-0.34381096,31.73928064,,,,,,
Drug Shop,5639737541,pharmacy,,non_operational,Kikuube,1.18860496,30.78247994,,,,,2,
Amy pad Pharmacy,11112046305,pharmacy,,,Wakiso,0.39930712,32.47761206,,,,,,
Sop-Sop Health Centre,3990328902,doctors,,,Tororo,0.82156938,34.06088157,Sop-Sop,,,,,
KITWE,11010338237,clinic,,,Wakiso,0.20789479,32.59977268,,,,,,
Link physiotherapy clinic,8963738645,clinic,private,,Kampala,0.34157685,32.57641693,,,,,4,
MUBWEGOMBE,11010338063,clinic,,,Kampala,0.31219685,32.54720633,,,,,,
Tobin Health Centre,3944052872,clinic,,,Mbale,1.08663944,34.17844438,mbale,,,,,
KITODHA,11056452368,clinic,,,Bugiri,0.44517365,33.82872775,,,,,,
Community Health Care,5587924040,doctors,,operational,Yumbe,3.46585422,31.24784664,,,,,1,
DABAN HOSPITAL TORORO CATHOLIC DIOCESE,11056452184,clinic,,,Busia,0.43672310,34.05232985,,,,,,
BUJUMBURA HEALTH CENTRE,11029992950,hospital,,,Hoima,1.44274854,31.35456813,,,,,,
Saluki pharmacy,11536209270,pharmacy,,,Wakiso,0.43987260,32.59925736,,,,,,
KALISIZO,11001694738,hospital,,,Kyotera,-0.53551665,31.62241243,,,,,,
Medvin Pharmacy,4048796750,pharmacy,,,Iganga,0.61425466,33.47514856,"Main Street, Iganga",,,,,
Good care clinic,7000022,clinic,,,Kampala,0.30040427,32.59793512,,,,,,
Trinity Medical Centre,613003519,doctors,,,Kampala,0.31194196,32.63444602,,,,,,
Pamitu Health Center,8632128747,clinic,government,,Zombo,2.36772189,30.93944163,,,,,2,
Trust Human Drug Shop,8274342551,pharmacy,private,,Kisoro,-1.29621175,29.67879828,,,,,2,
Nkombe Health Center,4052756571,doctors,,,Bugweri,0.65850742,33.65155166,Buyanga,,,,,
Buyobo Millennium HC,3954021727,doctors,,,Sironko,1.14933767,34.30023746,Buyobo,,,,,
Drug shop,5306806508,pharmacy,God Give;Rabala,operational,Arua,3.03116764,30.99950962,,,,,1,
NYARUHANDAGAZI HC II,11007309049,hospital,,,Rwampara,-0.70738305,30.54562487,,,,,,
BUWAISWA HEALTH CENTRE II,11056451974,clinic,,,Luuka,0.73894854,33.32710630,,,,,,
Jalimu Boys Drug Shop.,5789319889,doctors,,non operational,Obongi,3.43064177,31.56985932,,,,,0,
HEALTH CENTRE II,11056452421,clinic,,,Namutumba,0.84884418,33.72571349,,,,,,
Bios Drugs Shop,3996035359,pharmacy,,,Bugiri,0.37997116,33.77790383,Budhaya,,,,,
Health Care clinic,4100092135,clinic,,,Kampala,0.29307354,32.57916686,"Kayemba Road, Kampala",,,,,
RUHINDA HC III,4387546,hospital,,,Rukungiri,-0.68411036,29.94723368,,,,,,
MUYANGA,11001478361,hospital,,,Mitooma,-0.74308434,30.05515839,,,,,,
Elite doctor clinic,8420615318,clinic,,,Mukono,0.40745534,32.69541204,,,,,,
ABIA HC II,11073166817,hospital,,,Alebtong,2.43862592,33.11676545,,,,,,
Kazinga Health Centre II,6735301025,clinic,,non_operational,Rubirizi,-0.20920002,29.89702164,,,,,2,
Ibin All Medical Clinic,10023811308,doctors,,,Arua,3.02580448,30.90493317,,,,,,
City Clinic,10102653155,doctors,,,Gulu,2.80456364,32.28994427,,,,,,
KAKINDO H/C IV,650256306056,hospital,,,Kakumiro,1.07099806,31.18520624,,,,,,
MALIBA,11001734049,hospital,,,Kasese,0.33355268,30.11030754,,,,,,
Waic Medical Center,8457496618,clinic,,,Mukono,0.35740976,32.70097209,,,,,,
NAWANYAGO H/C II,513575306059,clinic,,,Luuka,0.68130452,33.24997326,,,,,,
ARIPEA HEALTH CENTRE II,11054959835,hospital,,,Arua,3.17353376,31.04095972,,,,,,
Lemon Pharmacy,10102721860,pharmacy,,,Gulu,2.76302117,32.30010598,,,,,,
Peera,5406574326,clinic,IDI,operational,Madi Okollo,2.55993486,31.11365035,,,,True,,
APEITOLIM HEALTH CENTRE II,11151230024,hospital,,,Napak,2.35988699,33.91350022,,,,,,
BMHC(Mulago),10177890856,hospital,,,Buikwe,0.25876993,33.11288849,,,,,,
St Jude Francis Clinic,3983271860,clinic,,,Kampala,0.28579863,32.58126377,,,,,,
APAIPAI HC IV,11073166825,hospital,,,Serere,1.52693478,33.29124458,,,,,,
HEALTH CENTRE II,11073166800,hospital,,,Nakasongola,1.60377454,32.21480595,,,,,,
NAMAVUNDU,11056451871,clinic,,,Namayingo,0.36392912,33.81622882,,,,,,
JOINT CLINICAL RESARCH CENTRE (JCRC),11056451927,clinic,,,Jinja,0.50530718,33.27936189,,,,,,
HURKSEKO,11056452152,clinic,,,Namayingo,0.30402760,33.88182107,,,,,,
Mulombi Health Centre II,5789141,doctors,,,Namayingo,0.23400685,33.74787976,Mutumba,,,,,
New Life Drug Shop,6749856221,doctors,Private,operational,Kanungu,-0.88379856,29.63747877,,,,,2,
Medi Care Clinic,4052772053,doctors,,,Iganga,0.60978283,33.47652294,"Waigona Road, Central Division",,,,,
Mambi Medical Consulatant,8963738629,clinic,private,,Kampala,0.34061888,32.57204283,,,,,8,
HEALTH CENTRE III,11001446288,hospital,,,Ntungamo,-0.98767406,30.28189197,,,,,,
The Surgery,3227448,clinic,,,Kampala,0.34115457,32.60209799,"42, Naguru Drive, Kampala",,,,,
Unique Clinic,9147833051,clinic,private,,Kampala,0.36916823,32.57538663,Kanyanya,,,,5,
BUTARE HEALTH CENTRE,11001478395,clinic,,,Ntungamo,-0.80722291,30.24351208,,,,,,
MAZUBA HEALTH UNIT,11056452444,clinic,,,Namutumba,0.93415318,33.72755465,,,,,,
MUKO,11001478362,hospital,,,Rubanda,-1.16646433,29.84368792,,,,,,
Mellinium Medical Services,4102652119,clinic,,,Kampala,0.39334340,32.59782917,kampala,,,,,
RUGARAMA HEALTH CENTRE II,11001478446,clinic,,,Ntungamo,-0.84860932,30.22809658,,,,,,
Viga Clinic,4104666151,clinic,,,Kampala,0.32983472,32.53171917,"Sentema Road, kampala",,,,,
KAYAYUMBE HEALTH CENTRE III,11001694682,hospital,,,Rakai,-0.65435997,31.44716578,,,,,,
Potters Village Children's Medical and Crisis Centre,3743742617,clinic,private,,Kisoro,-1.27633691,29.69590742,,,,,19,
Sebina Leo Drug Shop,5559514985,pharmacy,Glo Wonder,operational,Yumbe,3.32182044,31.12927816,,,,,0,
KYARUMBA HEALTH CENTRE III,8578982,hospital,,,Kasese,0.12573303,29.95295399,,,,,,
Brandi Drug Shop,10147636117,pharmacy,private,non_operational,Bundibugyo,0.80908496,30.14871669,,,,,,
Light Medical Centre,8684523040,clinic,,,Kampala,0.35985116,32.57739032,Kyebando Road,,,,,
Joy Drug Shop,10023811301,doctors,,,Arua,3.03108340,30.90774044,,,,,,
Rwingwe Health Center II,8274342562,clinic,government,,Kisoro,-1.24588001,29.71356164,,,,,5,
Genesis medical centre,8963716787,clinic,private,,Kampala,0.38018439,32.55885450,,,,,4,
Drug shop,8421000019,clinic,,,Wakiso,0.40981308,32.57187243,,,,,,
BLESSED HEALTH CARE CENTRE,11056452044,clinic,,,Jinja,0.59110912,33.31464936,,,,,,
Nature's Health,4121413937,pharmacy,,,Kampala,0.31804834,32.57439882,"Ben Kiwanuka Road, Kampala",,,,,
Jenik Pharmcy,4824906921,pharmacy,,,Wakiso,0.39265382,32.66006237,Martyrs' Way,,,,,
KIKAMBA,11007308940,hospital,,,Buhweju,-0.39225928,30.31670017,,,,,,
St Luke Medical Centre Oluodri,10023482317,doctors,,,Arua,3.02992929,30.90348889,,,,,,
OFFAKA,11066741244,hospital,,,Madi Okollo,2.63662072,31.02972152,,,,,,
Pearl drugshop,10605546969,hospital,Tusiimire stella,,Kabale,-1.26549928,29.96223234,,,,,,
Alliance Medical Clinic,3946157694,clinic,,,Mbale,1.04278524,34.18250072,"Munkaaga Nauyo Road, mbale",,,,,
EAST AFRICAN HOSP. KAIHURA,11029979795,hospital,,,Kyenjojo,0.64133248,30.57532346,,,,,,
Fame Pharmacy,8424244417,pharmacy,,,Wakiso,0.38022186,32.64645829,Kyaliwajjala - Naalya Road,,,,,
NAMASUMBI HEALTH CENTRE 11,11010338095,clinic,,,Mukono,0.54291502,32.69112814,,,,,,
KACHUMBALA HC III,11056452079,clinic,,,Bukedea,1.22664966,34.11223288,,,,,,
Primus Pharmacy,10023482333,pharmacy,,,Arua,2.99196908,30.91375630,,,,,,
AKURA HC II,11073166769,hospital,,,Alebtong,2.35053128,33.10390032,,,,,,
Rosana Clinic,4099468526,clinic,,,Kampala,0.35605457,32.56680624,kampala,,,,,
ATABU HEALTH CENTRE 11,11073166707,hospital,,,Dokolo,2.05009822,33.13326707,,,,,,
Kimsy Pharmacy,616288136,pharmacy,,,Kampala,0.30968898,32.59270716,,,,,,
Grabar Drug Shop,4105119539,pharmacy,,,Kampala,0.28116302,32.60215013,Kampala,,,,,
KATEEBWA HC II,11001734086,clinic,,,Bunyangabu,0.50995646,30.12725994,,,,,,
Kituti HC ll,5608792708,clinic,,,Kikuube,1.21263747,30.80074519,,,,,,
WOL HC II,11080473429,hospital,,,Agago,3.13931355,33.19073256,,,,,,
KIGALAMA HEALTH CENTRE III,11056452330,hospital,,,Namutumba,0.79575102,33.71747190,,,,,,
GANYENDA UC,11007308927,hospital,,,Kamwenge,0.16731842,30.40287745,,,,,,
KOBULUBULU,11073166801,hospital,,,Kaberamaido,1.72029364,33.12502532,,,,,,
Lumuli Health Center II,547567806118,doctors,,,Jinja,0.64494986,33.06678752,"Lumuli Road, Butagaya",,,,,
KAGOROGORO SDA,11029993058,clinic,,,Kyenjojo,0.67269035,30.44393755,,,,,,
KIKANDWA HEALTH CENTRE III,7839715,hospital,,,Mityana,0.63379908,32.11278688,,,,,,
Vine Pharmaceuticals,3406756140,pharmacy,,,Kampala,0.31807164,32.57446898,"Ben Kiwanuka Road, kampala",,,,,
KISIIZI HOSPITAL,11001446302,hospital,,,Rukungiri,-0.99790761,30.05619088,,,,,,
YUMBE,11054959809,hospital,,,Yumbe,3.46906223,31.24623429,,,,,,
Maureen Drug Shop,8274342538,pharmacy,private,,Kisoro,-1.32786835,29.65906670,,,,,1,
Pan Health Clinic,4086729500,clinic,,,Kampala,0.36793215,32.57823932,"Bahai road, kampala",,,,,
Kasonga Clinic,5639737540,clinic,UNHCR,operational,Kikuube,1.18793667,30.77975322,,,,True,17,
HEALTH CENTRE II,11056452155,clinic,,,Bulambuli,1.26189104,34.26944830,,,,,,
Nez Medical Clinic,8637386921,clinic,,,Kampala,0.35646705,32.61566813,Kigobe Road,,,,,
Murigwa's Clinic,6759234882,doctors,Murigwa,operational,Kisoro,-1.23063174,29.61073497,,,,,1,
Life Serving Drug Shop,5576371857,pharmacy,Personal,operational,Yumbe,3.50398828,31.23088326,,,,,1,
Lancet Laboratories,8963716808,clinic,private,,Kampala,0.33228308,32.57387696,,,,,2,
GENERAL MEDICAL CARE,11010338428,hospital,,,Kampala,0.32381392,32.56137778,,,,,,
Gisozi Health Center II,5479959,clinic,government,,Kisoro,-1.34406135,29.62657559,,,,,3,
Faith Drug Shop.,5789319875,doctors,,non operational,Obongi,3.41220493,31.55245824,,,,,1,
KAYANGO,11056452203,clinic,,,Bugiri,0.56729764,33.84372347,,,,,,
KALAKI HC III,11073166857,hospital,,,Kalaki,1.81957434,33.33838758,,,,,,
Silva Pharmacy,3954828587,pharmacy,,,Mbarara,-0.60623083,30.66570586,,,,,,
HEALTH CENTRE III,11001734008,hospital,,,Bunyangabu,0.38303173,30.21569573,,,,,,
Cholera Treatment Unit,5215672066,clinic,RMF,,Yumbe,3.47825114,31.37311058,,,,,,
Okollo Health Centre,5348727980,clinic,"Infectious Diseases Institute, HERE",operational,Madi Okollo,2.65526283,31.14765104,,,,,,
Betty Medical Clinic,10583475417,clinic,private,,Hoima,1.42574752,31.34498183,Hoima,,,,,
Pretoria Dukuva,10023482336,doctors,,,Arua,3.07820168,30.88466816,,,,,,
Bukigalabo Clinic,3954839485,clinic,,,Sironko,1.16993645,34.21527128,"Bukiwagalo, Bukiyi",,,,,
ANYEKE HEALTH CENTRE IV,8491216,hospital,,,Oyam,2.38781382,32.51002496,,,,,,
Allied Clinic,4102724056,clinic,,,Kampala,0.28090159,32.59292836,"Lukuli Road, Kampala",,,,,
KYONDO,11001734032,hospital,,,Kasese,0.12080414,29.93659335,,,,,,
Maaji B Health Center II,7415699,clinic,Government of Uganda,operational,Adjumani,3.24733826,31.65424824,,,,True,4,
Mukondo Health Center II,3970442,doctor,Clinical Officer,yes,Kyegegwa,0.33795494,31.10464165,,,,,27,
HEALTH CENTRE 111,11029979803,hospital,,,Kikuube,1.38331908,31.27007477,,,,,,
Pajulu,5354389855,doctors,,operational,Arua,2.85401142,31.00769463,,,,,,
Mapatano Drug Shop,10147626107,pharmacy,private,operational,Bundibugyo,0.79975598,30.14514952,,,,,,
ANYAVU HCII,11066741306,hospital,,,Arua,2.67480834,30.86049140,,,,,,
RWAMWANJA HC III,11029979771,hospital,,,Kamwenge,0.34018972,30.65273243,,,,,,
GoalMan Pharmacy,3079675191,pharmacy,,,Soroti,1.71517506,33.61679895,,,,,,
Divine Health Care Clinic,10147626090,clinic,private,operational,Bundibugyo,0.67281667,30.05532167,,,,,,
Ayilo II Health Center II,9284567,clinic,Medical teams international,operational,Adjumani,3.25736830,31.95424326,,,,,6,
MUJUNJU HC II,7501994,clinic,,,Bunyangabu,0.47029740,30.23629216,,,,,,
Agule Community Health Centre,3968727710,doctors,,,Pallisa,1.27251594,33.72444765,"Akisim- Agule Road, Agule Subcounty",,,,,
KATOVU COU,11001694717,clinic,,,Lwengo,-0.37425504,31.25347710,,,,,,
St Josephs Clinic,4089715616,doctors,,,Kampala,0.33181780,32.57659203,Kampala,,,,,
Dual care Uganda,9822500743,clinic,,,Kabale,-1.26705697,29.98998088,,,,,,
JYY Clinic,4086620644,clinic,,,Kampala,0.37523413,32.58669566,"Kitala Road, Kampala",,,,,
WANDRA H/C III,11054959895,hospital,,,Maracha,3.25738506,31.00771265,,,,,,
NYABUBALE,11007308962,hospital,,,Bushenyi,-0.53309822,30.06214337,,,,,,
Kulikulinga Health Centre III,757626906165,clinic,Ministry Of Health;UNICEF;IDI;ACF;RMF;MSF,operational,Yumbe,3.34395813,31.24709595,,,,True,4,
TAPACH HEALTH CENTRE II,11151161569,hospital,,,Moroto,2.45657334,34.72856637,,,,,,
KAVULE CLINIC,11010338209,clinic,,,Kampala,0.34636853,32.56791902,,,,,,
Mukyala Mukasa Kawempe Domiciliary,7060880746,clinic,,,Kampala,0.36474585,32.56067714,,,,,,
God Cares Drug Shop,5559515001,pharmacy,Glo Wonder;Quality Care;Anaku Drug Shop Yumbe,operational,Yumbe,3.34446675,31.24790305,,,,,1,
Buyaga Health Clinic,3958420182,doctors,,,Bulambuli,1.27984290,34.27752443,Bukhalu,,,,,
God Bless Drug Shop,5309760258,pharmacy,God Bless,,Madi Okollo,3.01431196,31.20763429,,,,,,
PAUMA HC II,2546914,hospital,,,Lamwo,3.58591116,32.55718826,,,,,,
NKOKONJERU,11010338156,hospital,,,Buikwe,0.23588314,32.92308867,,,,,,
Kitagata Referral Hospital,9683169397,hospital,Government,,Sheema,-0.67699136,30.15194607,,,,,,
BUHEHE HEALTH CENTRE 111,9901442,clinic,,,Busia,0.34484545,34.04666645,,,,,,
HEALTH CENTRE,11056451826,clinic,,,Tororo,0.81645055,34.14038820,,,,,,
Car Harriet Medical clinic,3997644168,doctors,,,Tororo,0.69204324,34.18296374,"Uhuru Road, Tororo",,,,,
God Mercy Medical Center,10102833319,doctors,,,Gulu,2.76220913,32.29668659,,,,,,
Permart Pharmacy,9909273834,pharmacy,,,Lira,2.24570226,32.88574654,,,,,,
KATUNGURU HC II,11001734019,clinic,,,Kasese,-0.12365926,30.04728586,,,,,,
ALIVUNI HEALTH CENTRE II,11054959864,hospital,,,Arua,3.09695418,30.82655073,,,,,,
Veronica Pharmaceutical ltd,8487929421,pharmacy,,,Kampala,0.36330970,32.62385004,,,,,,
Quick Life Saver Clinic,4100092175,clinic,,,Kampala,0.29334084,32.57511095,Kampala,,,,,
IMC Entebbe,5147834122,clinic,,,Wakiso,0.06151894,32.47453146,"10B, Hill Road",,,,,
FAMILY CLINIC & MARTENITY,11010338388,hospital,,,Kampala,0.35198625,32.55691903,,,,,,
PAKELE,11054940388,hospital,,,Adjumani,3.35676266,31.85521753,,,,,,
Roots Pharmacy,4003310806,pharmacy,,,Kampala,0.32920256,32.61336184,,,,,,
ST PAUL,11010338285,clinic,,,Kampala,0.28901946,32.57744723,,,,,,
LAKWATOMER HC III,8182140,hospital,,,Omoro,2.69148757,32.37210712,,,,,,
Malcom Hospital,8420514517,hospital,,,Wakiso,0.39111197,32.62589245,,,,,,
Luyitayita HC III,1313096,hospital,Government,,Bukomansimbi,-0.14843625,31.66003435,,,,,,
Mukisa Nursing Home,4100092162,clinic,,,Kampala,0.29487540,32.57848215,Kampala,,,,,
Chan,3990563760,doctors,,,Tororo,0.78087625,33.95632998,tororo,,,,,
KAGANDO,11001734039,hospital,,,Kasese,0.06305475,29.90406872,,,,,,
KIWANGALA,11001694769,hospital,,,Lwengo,-0.47533123,31.51577819,,,,,,
Abacus Pharma LTD,9903650395,pharmacy,,,Lira,2.24179947,32.89476429,,,,,,
The Maternity Passion For Life,10583475460,clinic,private,,Hoima,1.43220167,31.34735165,Hoima,,,,,
Angel Wing Hospital,8420580218,hospital,,,Wakiso,0.39551657,32.63477099,,,,,,
Kateretere Health Center III,8274304204,clinic,government,,Kisoro,-1.22034102,29.75357659,,,,,8,
Kampala Imaging Centre,2267915016,clinic,,,Kampala,0.31672886,32.57852012,,,,,,
Khakaho,3948075268,clinic,,,Mbale,0.92706544,34.22587129,"Mbale Bugobero Road, Mbale",,,,,
Jackie Clinic,9900179,doctors,,,Kampala,0.26596177,32.62556506,,,,,,
HEALTH CENTRE III,11001478432,hospital,,,Kanungu,-0.82987082,29.71647888,,,,,,
Star Gold Pharmacy,10023392515,pharmacy,,,Arua,3.02679698,30.91330326,,,,,,
Keb Mirembe Clinic,610939253,doctors,,,Kampala,0.30216044,32.64632896,,,,,,
Kamukamu Domiciliary Clinic,4051665083,clinic,,,Mayuge,0.46078628,33.45755176,"Kyebando Road, Mayuge",,,,,
HEALTH CENTRE I,11001734112,clinic,,,Kasese,0.29749072,30.16127555,,,,,,
Kisubi Pharmacy,9437797117,pharmacy,,,Wakiso,0.13939897,32.53941317,,,,,,
OKOLE HC III,3995720,hospital,,,Kole,2.27381566,32.68194207,,,,,,
HEALTH UNIT,11056452269,clinic,,,Buyende,1.01861854,33.28947968,,,,,,
World PolyClinic,3624611541,clinic,,,Kampala,0.33995889,32.59013727,"60B, Prince Charles Drive, Kampala",,,,,
St. Francis Drug Shop,3990240804,pharmacy,,,Tororo,0.79369654,34.17299263,Molo,,,,,
Owaffa General Dawa Shop,5308494957,pharmacy,Private,,Arua,3.15670164,31.01160328,,,,,,
NABISOIGI,11056452285,clinic,,,Namutumba,0.87058625,33.60643045,,,,,,
KABAGANDA HEALTHCENTRE II,11056452153,clinic,,,Jinja,0.59775647,33.16507606,,,,,,
Center for Private health and social adjustment,9886968456,clinic,private,,Wakiso,0.05317509,32.46382224,,,,,,
MALANGALA,11010334399,hospital,,,Mityana,0.37544049,32.22999983,,,,,,
Mawundo Church of Uganda Health Unit,4050080869,clinic,,,Luuka,0.60395782,33.39500424,Waibuga,,,,,
Vine Pharmaceuticals,4104858708,doctors,,,Kampala,0.29394693,32.60517449,"Ggaba Road, kampala",,,,,
Alpher and Omega Medical Clinic,8963716776,clinic,private,,Kampala,0.34891193,32.58672273,,,,,2,
Kamwokya Christian Community Clinic,4119308369,clinic,,,Kampala,0.34331232,32.58913664,"Kisalosalo Road, kampala",,,,,
Avicenna Dental Center,3944032855,doctors,,,Mbale,1.07663966,34.17561289,"18, Palisa Road, Mbale",,,,,
Good Hope Medical Services,8489203517,clinic,,,Gulu,2.76992148,32.29641845,,,,,,
Tendo Medical Centre,4105120500,clinic,,,Kampala,0.25988455,32.61835327,"Lukuli Road, Kampala",,,,,
Sunbay Medical Center,4100092594,clinic,,,Kampala,0.29057204,32.57227577,"Salama Road, Kampala",,,,,
Escorts Pharmaceuticals LTD,4124066936,pharmacy,,,Kampala,0.31428294,32.57697709,kampala,,,,,
Kahembe Drug Shop,10147626099,pharmacy,private,operational,Bundibugyo,0.84637085,30.17310543,,,,,,
BUTIMBWA HC II,11056452244,clinic,,,Luuka,0.62117585,33.40429767,,,,,,
Yamwe Pharmacy,3278662121,pharmacy,,,Wakiso,0.46545132,32.52145302,,,,,,
BUSUNGA,11001730393,clinic,,,Bundibugyo,0.63675789,29.97247947,,,,,,
OWINY H/C 11,11073166763,hospital,,,Kwania,1.92261023,32.93985064,,,,,,
Kam consult clinic,8963738634,clinic,private,,Kampala,0.34269642,32.57371653,,,,,8,
Hope Medical Clinic,3958426628,doctors,,,Bukedea,1.21275498,34.12074764,"Lira-Mbale Road, Kachumbala",,,,,
KYOMYA H/L II,11056452239,clinic,,,Jinja,0.54781508,33.17549066,,,,,,
KIKOLIMBO UC,11010338218,hospital,,,Kyankwanzi,0.99975238,31.69954413,,,,,,
Euro Health Care,10020565451,doctors,,,Arua,3.06238033,30.87177243,,,,,,
A&A Pharmacy,4089998414,pharmacy,,,Wakiso,0.37652947,32.55053395,Lugoba Road,,,,,
NAMUNGOONA,11010338314,hospital,,,Kampala,0.33823414,32.54506635,,,,,,
Pro Farm Executive Care Clinic,10023482331,doctors,,,Arua,3.00529312,30.91119848,,,,,,
ST JOSEPH KIRINYA MOTHERS CARE,11001694578,hospital,,,Kalungu,-0.15765467,31.86823756,,,,,,
MACHARI HC CENTRE II,11056452294,clinic,,,Tororo,0.80716240,34.10250082,,,,,,
HEALTH CENTRE 11,11010338274,clinic,,,Mukono,0.12439143,32.71873947,,,,,,
Were Health Centre IV,3990873093,doctors,,,Tororo,0.74991308,34.00567207,Nagongera,,,,,
KYATEREKERA,11010338292,hospital,,,Kampala,0.35646277,32.61347190,,,,,,
CHANYA HCII,11066739674,hospital,,,Madi Okollo,2.72908460,31.19128597,,,,,,
St. Paul Health Care,10102878036,doctors,,,Gulu,2.76504900,32.26777883,,,,,,
Juusi Clinic,4107802650,doctors,,,Kampala,0.29434164,32.58652115,"Hanlon Road, Kampala",,,,,
DISPENSARY (SCHOOL CLINIC),11056452075,clinic,,,Jinja,0.49816957,33.26328372,,,,,,
LUYEMBE COU,11001694792,clinic,,,Lwengo,-0.39186072,31.32738386,,,,,,
F And G Medical Care,10102833337,doctors,,,Gulu,2.76752979,32.30548792,,,,,,
Chantric Medical Centre,8462806821,clinic,,,Kampala,0.37244346,32.62189353,,,,,,
Kiganda Maternity Centre,9147833036,clinic,private,,Kampala,0.38320465,32.55961364,Kawempe_II,,,,8,
BUWANDE HEALTH CENTRE II,11056452327,clinic,,,Iganga,0.64654770,33.46651730,,,,,,
Life Way Drugs Shop,8632128784,pharmacy,private,,Zombo,2.57027167,30.93021324,,,,,1,
MITOOMA,11001478407,hospital,,,Mitooma,-0.61539376,30.04839612,,,,,,
Lukolo Health Centre iii,4041952358,clinic,,,Jinja,0.56079345,33.18432116,"Lukolo Road, Budondo",,,,,
OLUKO,11066741223,hospital,,,Arua,3.01143798,30.96077333,,,,,,
KANAMBA,11001734074,hospital,,,Kasese,0.22238987,30.22377085,,,,,,
KANARA UC,11007309037,hospital,,,Kitagwenda,0.13156172,30.38046508,,,,,,
NATAMBA COMMUNITY CLINIC,11029992828,clinic,,,Kamwenge,0.22452583,30.64664994,,,,,,
KISIITA,11029993025,clinic,,,Kakumiro,1.11206016,31.37517596,,,,,,
Daren Pharmacy,8637386919,pharmacy,,,Kampala,0.35654894,32.61569369,Kigobe Road,,,,,
IMC Jinja,1014802537,clinic,International Medical Group,,Jinja,0.42015652,33.20899925,,,,,,
Hi-Tech Opticians,9126196863,clinic,,,Mbale,1.07488148,34.17724527,,,,,,
MAWUKI EAST HEALTH CENTRE III,11001654295,hospital,,,Gomba,0.12174777,31.86855205,,,,,,
WAMA MEDICAL CENTRE,11029992910,clinic,,,Hoima,1.44466254,31.03455243,,,,,,
NANTAMALI,11056451808,clinic,,,Luuka,0.98671676,33.39012396,,,,,,
PANYANGASI HEALTHCENTRE III,11056451866,hospital,,,Tororo,0.70646297,34.11578329,,,,,,
HAPUYO,11029993040,clinic,,,Kibaale,0.74861137,30.97353452,,,,,,
St Peters Medical clinic,9194940017,clinic,,,Kiryandongo,2.23459020,32.24635133,Gulu - Kampala Road,,,,,
BUTITI,11029992982,clinic,,,Kyenjojo,0.63703877,30.53532326,,,,,,
LWABAGA HEALTH CENTRE II,11056452099,clinic,,,Iganga,0.67908910,33.47421339,,,,,,
MBALE H/C II,11029992926,clinic,,,Kyenjojo,0.56508239,30.53046142,,,,,,
OPIA HC III,1269089,hospital,,,Arua,2.82202373,30.90180538,,,,,,
KATOJO HC II,11001734107,clinic,,,Kabarole,0.68350426,30.25709898,,,,,,
St. John Drug Shop,5789318247,doctors,Private,operational,Adjumani,3.38002328,32.01505162,,,,,1,
Mbale Regional Referral Hospital,560542964,hospital,,,Mbale,1.07642090,34.17678183,,,,,,
IBOA Health Center11,5789319862,clinic,Medicalteamsinternational.;Worldvision;cuam;LWF.,operational,Obongi,3.53944323,31.74142666,,,,,3,
Favour Medical Centre,10102833331,doctors,,,Gulu,2.76799909,32.30694168,,,,,,
Case Plus Pharmacy,9147833033,pharmacy,private,,Kampala,0.38050752,32.55867118,Kawempe_II,,,,3,
HEALTH CENTRE 11,11001694659,clinic,,,Kyotera,-0.47638760,31.63863812,,,,,,
Good Luck Drug Shop,5559514991,pharmacy,Good Luck Drug Shop,operational,Yumbe,3.40492265,31.23491814,,,,,3,
KIHYO,11001730387,clinic,,,Kasese,0.35994495,30.13471296,,,,,,
Family Doctors Clinic,5839716694,clinic,,,Kampala,0.34191656,32.59365272,,,,,,
M and You,8904776417,clinic,,,Ntungamo,-1.00294672,30.29676499,,,,,,
KALONGO,11080473486,hospital,,,Agago,3.03844958,33.37385896,,,,,,
INTERNATIONAL,11010338066,hospital,,,Kampala,0.31378472,32.56959004,,,,,,
Claire Nsenga Health Centre III,6759234871,clinic,Private;WHO,operational,Kisoro,-1.33588170,29.73713666,,,,,10,
MBALIGA HEALTH C/11,11010338294,clinic,,,Mukono,0.45400264,32.79080673,,,,,,
Najjera Hospital,7853159199,hospital,,,Kampala,0.37493665,32.62521369,Mbogo Road,,,,,
HEALTH CENTRE II,11056452163,clinic,,,Namutumba,0.74546924,33.66540234,,,,,,
Vaena Clinic,3947925177,clinic,,,Mbale,1.07578152,34.17670723,mbale,,,,,
MPASAANA,11029992902,clinic,,,Kakumiro,1.05069600,31.41360799,,,,,,
MPUNGWE HEALTH CENTRE II,5208599,clinic,,,Jinja,0.64559702,33.20524172,,,,,,
Mifumi Health Centre,3990563774,hospital,,,Tororo,0.74277002,33.96290643,tororo,,,,,
God's Plans,8632128774,doctors,private,,Zombo,2.46432819,30.87464164,,,,,1,
Mukwano Joint Clinic,3994268154,clinic,,,Tororo,0.69870225,34.18266098,"29, Mbale Tororo Road, Tororo",,,,,
Life Line Drop Shop,5299222420,pharmacy,Local's business,operational,Arua,3.08496613,31.07847486,,,,,1,
ROTOM health facility,10248767010,hospital,,,Mukono,0.37823393,32.77313257,Kayunga - Bugerere Road,,,,,
Destiny Medical Centre,3986151809,doctors,,,Tororo,0.69236855,34.18044984,"Nagongera Road, Western Division",,,,,
MAKERERE WEST,11010338276,clinic,,,Kampala,0.33874167,32.56383947,,,,,,
Our Community Drug Shop,3943682896,clinic,,,Mbale,1.07305556,34.19987716,mbale,,,,,
Renus Health Uganda,9909273832,doctor,,,Lira,2.26059296,32.90061302,,,,,,
Family Doctors Clinic,3355860214,clinic,,,Kampala,0.34210709,32.59504294,,,,,,
Godwill Drug Shop,5789318237,doctor,Private,operational,Adjumani,3.46565826,31.95069663,,,,,1,
Makyindye Domiciliary Maternity,4102726433,clinic,,,Kampala,0.28324609,32.58317945,"Mobutu Road, Kampala",,,,,
Bugoboni Clinic,3955210556,clinic,,,Sironko,1.15155980,34.40140854,"Bugoboni Road, Bugitimwa Sub County",,,,,
KATOOGO HEALTH CENTRE III,9439145,hospital,,,Mukono,0.44604176,32.81487428,,,,,,
Krystal Children's Medical Centre,4040429581,clinic,,,Jinja,0.43314972,33.20645727,"Clive Road, Jinja Central Division",,,,,
Twajiji Health Center III,3478726,clinic,Action Against Hunger,operational,Yumbe,3.46908704,31.40729248,,,,True,5,
Goodlife,6823101860,pharmacy,,,Wakiso,0.06619059,32.47641865,,,,,,
St Japonicumtig,5299222416,pharmacy,Personal drup shop,operational,Arua,3.08926479,31.08618546,,,,,1,
KAWUA HEALTH C II,11066741296,hospital,,,Arua,2.95290338,30.87878666,,,,,,
Wenkenken,8433858018,pharmacy,,,Oyam,2.46025014,32.37821887,Gulu - Kampala Road,,,,,
RWABARATA H/C II,11007285495,hospital,,,Kiruhura,-0.56888174,30.92030474,,,,,,
Majex Pharmacy,3994603543,pharmacy,,,Wakiso,0.21004567,32.54161502,,,,,,
Paya Family Drug Shop,3990328898,clinic,,,Tororo,0.83209462,34.01310187,"Paragang, Paya",,,,,
St.James Drug Shop,8274342542,pharmacy,private,,Kisoro,-1.31995692,29.74894333,,,,,1,
Good Life Clinic,10102817910,doctors,,,Gulu,2.75152245,32.30005645,,,,,,
God's Grace Drug Shop,3990328891,pharmacy,,,Tororo,0.83411206,34.01311419,Paya,,,,,
MORUITA HC II,7907591,hospital,,,Nakapiripirit,1.88214743,34.75489360,,,,,,
Adekis Garden Clinic,3079717665,clinic,,,Soroti,1.71410142,33.61622144,,,,,,
KITEBI,11010338195,hospital,,,Kampala,0.28168102,32.54603932,,,,,,
ST CATHERINE,11010338022,clinic,,,Kampala,0.34488460,32.56112515,,,,,,
Maaji 3 Health Center II,5789318197,clinic,Medical teams international,operational,Adjumani,3.21218498,31.65107997,,,,True,6,
NANTAMALI HEALTH CENTRE II,4671066,clinic,,,Luuka,1.01210622,33.36263266,,,,,,
BUSHERE HEALTH CENTRE II,4564901,clinic,,,Kanungu,-0.70244510,29.72096823,,,,,,
Odokonyero Health Centre II,4191595,doctors,,,Amuru,2.97253689,32.10590399,,,,,,
TEBOKE HEALTH CENTRE III,9018212,hospital,,,Apac,2.19954286,32.58703496,,,,,,
Namalugulu Drug Shop,3955215561,pharmacy,,,Sironko,1.15128755,34.40147635,"Bugoboni Road, Bugitimwa Sub County",,,,,
Harries Medical centre,10048641770,clinic,,,Masaka,-0.34640750,31.72728010,,,,,,
BUGONZA HEALTH UNIT,11056451969,clinic,,,Kaliro,0.92665238,33.46963126,,,,,,
Kisubi general clinic,4978829523,clinic,,,Wakiso,0.13819759,32.53850147,,,,,,
Wairaka Health Centre II,8248001,clinic,,,Jinja,0.47696889,33.26421537,,,,,,
NABUTITI,11010338395,clinic,,,Wakiso,0.51010356,32.58066228,,,,,,
Ober Health Centre III,9909273836,hospital,,,Lira,2.25395826,32.87431664,,,,,,
Oluko Solidale III,10023482347,hospital,,,Arua,3.01468127,30.97742088,,,,,,
Kwik Medical Center,8420994519,clinic,,,Wakiso,0.41053837,32.57169767,,,,,,
MAYANJA MEMORIAL HOSP.,11007309054,hospital,,,Mbarara,-0.59009340,30.67160772,,,,,,
KOPOTH HEALTH CENTRE III,711533406340,hospital,,,Kaabong,3.36267962,34.12810779,,,,,,
BUHUGU HEALTHCENTRE III,11056451837,hospital,,,Sironko,1.20161267,34.33009598,,,,,,
NAWANDALA,11056452199,hospital,,,Iganga,0.83106105,33.39080817,,,,,,
KABONEKO,11001734212,hospital,,,Bunyangabu,0.46750237,30.16276853,,,,,,
Rita Health Care,5715309711,clinic,,,Kampala,0.29371869,32.57728320,Kampala,,,,,
ISLM SICK BAY,12965740148,doctor,,,Wakiso,0.05147172,32.46267568,Nakasamba,,,,,
MULANDA HEALTH CENTRE IV,959740906346,hospital,,,Tororo,0.69232924,34.01593797,,,,,,
Downtown Medical Center,9909163228,doctor,,,Lira,2.25621174,32.89007504,,,,,,
Apo Health Centre III,4393732,clinic,(Action against hunger; Doctors with Africa;IDI;),operational,Yumbe,3.50083828,31.26839018,,,,True,4,
HEALTH CENTRE,11010338148,hospital,,,Mpigi,0.18573497,32.23156699,,,,,,
Faith Medical Clinic,8336695379,doctors,private,,Kisoro,-1.28492501,29.70291394,,,,,2,
Romaro Pharmacy,8616694418,pharmacy,,,Wakiso,0.43827802,32.60270073,,,,,,
Tahil Pharmacy,4121028183,doctors,,,Kampala,0.31156527,32.57507792,"Nakivubo Mews, Kampala",,,,,
AGAPE MEDICAL CARE HC III,11010338515,hospital,,,Kiboga,0.91956506,31.76542187,,,,,,
BULWADDA HEALTH CENTRE II,11001694752,clinic,,,Gomba,0.18950859,31.78752369,,,,,,
KYETUME,11001694757,clinic,,,Lwengo,-0.39304341,31.40191666,,,,,,
TOKORA HC IV,404514906356,hospital,,,Nakapiripirit,1.89736746,34.64469253,,,,,,
ST JUDE HEALTH UNIT,11010338113,clinic,,,Mityana,0.41164260,31.99482827,,,,,,
Lifecare Drug Shop.,5789319866,doctors,,non operational,Obongi,3.41798165,31.57800829,,,,,0,
KABAROLE,11001734150,hospital,,,Kabarole,0.64954297,30.27246569,,,,,,
Josh Parmacuticals,1596072437,pharmacy,,,Kampala,0.30660243,32.61230824,,,,,,
Kagoda Drug Shop,4052168589,clinic,,,Jinja,0.61694223,33.29855443,"Kakira Road, Mayuge",,,,,
HEALTH CENTRE,11056452127,clinic,,,Sironko,1.15644049,34.39071239,,,,,,
Rwampara Medical Centre,8457947117,clinic,,,Mbarara,-0.63951386,30.55143529,,,,,,
LACOR HOSPITAL,11080473425,hospital,,,Amuru,2.77457495,32.21489975,,,,,,
GDE Pharmacy,8458560719,pharmacy,,,Wakiso,0.38087054,32.64150199,Princess Avenue,,,,,
Examina Medical Laboratory,8963716799,clinic,private,,Kampala,0.33154170,32.57463167,,,,,4,
Mukisa Mpewo Clinic,4123590225,doctors,,,Kampala,0.30140942,32.57339232,"Mutesa Road, kampala",,,,,
Roselyn care clinic,4123360431,doctor,,,Kampala,0.36072748,32.57966106,"Erisa Road, kampala",,,,,
NTOROKO,11029993041,clinic,,,Ntoroko,1.05025192,30.54053915,,,,,,
TARA HEALTH CENTRE III,3488853,hospital,,,Maracha,3.30988729,31.03354493,,,,,,
Egara A,5354389862,doctors,,operational,Arua,2.87439495,30.98367168,,,,,,
ATAJAR,11056452228,clinic,,,Bukedea,1.39350402,34.23910262,,,,,,
HEALTH CENTRE III,11029979801,hospital,,,Hoima,1.54670308,31.13645014,,,,,,
HEALTH CENTRE II,11001478331,clinic,,,Ntungamo,-0.76383114,30.16485873,,,,,,
St Anthony's Clinic,4100092592,clinic,,,Kampala,0.29113086,32.58137047,"Kayemba Road, Kampala",,,,,
DR NTEGE,11010338267,clinic,,,Kampala,0.32043458,32.57365794,,,,,,
Marie Stopes International,3998551965,doctors,,,Namayingo,0.17965482,33.82592517,Bugana,,,,,
Bukedea Mission Dispensary,3961033858,doctors,,,Bukedea,1.37286157,34.04610184,Bukedea,,,,,
BUSUNJJU,11010338270,clinic,,,Mityana,0.55936065,32.19649652,,,,,,
Maisha Drug Shop,5587924041,pharmacy,Private,operational,Yumbe,3.46891412,31.24705396,,,,,2,
Orite pharmacy,8566362219,pharmacy,,,Wakiso,0.40310144,32.64200532,,,,,,
BUSWA MANZE,11010338416,clinic,,,Wakiso,0.53770315,32.43279092,,,,,,
BUKONTE,11056452148,clinic,,,Namutumba,0.79048023,33.64242059,,,,,,
Ggaba Dental Clinic,4100092126,doctors,,,Kampala,0.25635795,32.63656899,"Ggaba Market Street, Kampala",,,,,
Family Life Education Programme Health Centre III,3967544900,doctors,,,Kaliro,0.89192909,33.50885622,Kaliro,,,,,
Galena Medical Centre,11263923513,clinic,,,Wakiso,0.42982043,32.56869393,,,,,,
Zidiro Health Centre lll,8336695371,clinic,government,,Kisoro,-1.26865138,29.70331912,,,,,4,
Family Drug Shop,10583475463,pharmacy,private,,Hoima,1.42306992,31.36717166,Hoima,,,,,
Astha health care ltd,8631099818,pharmacy,,,Wakiso,0.39010572,32.55096553,Bombo Road,,,,,
Vaida Medical Center,5789318243,doctors,Private;None,operational,Adjumani,3.36639498,32.00329994,,,,,1,
MASAKA CHILDREN'S CLINIC,10058471516,clinic,,,Masaka,-0.34079515,31.73644923,,,,,,
HEALTH CENTRE II,11073118345,hospital,,,Oyam,2.24325642,32.33853969,,,,,,
KABUNGO HEALTH CENTRE III,1583573,hospital,,,Kalungu,-0.12554762,31.77105869,,,,,,
TENDER HANDS NURSING HOME,11001694650,hospital,,,Kalungu,-0.15815272,31.86752585,,,,,,
WERA HEALTH CENTER II,11151161597,hospital,,,Amuria,1.86656388,33.75352414,,,,,,
KISOZI HEALTH CENTRE II,11001654296,clinic,,,Gomba,0.08628629,31.60971779,,,,,,
MWERASANDU H/C II,11001446296,clinic,,,Ntungamo,-1.00100866,30.38766397,,,,,,
K.H. Dental Clinic,3941923369,dentist,,,Kampala,0.31481024,32.58229407,"Pilkington Road, Kampala",,,,,
Centre for life medical clinic,9753790191,clinic,,,Wakiso,0.42193926,32.53231295,,,,,,
Jangukuru health centre III,9147491732,hospital,,,Zombo,2.40958498,30.89191825,landmark,,,,,
St. William Drug Shop,5789318219,doctors,,operational,Adjumani,3.28931994,31.94138492,,,,,3,
Katureebe Pharmacy,8442647919,pharmacy,,,Ntungamo,-0.87473831,30.26699373,,,,,,
HEALTH CENTRE II,11010338305,clinic,,,Mukono,0.28242098,32.79124217,,,,,,
Rhema Medical And Dental Clinic,4102222551,clinic,,,Kampala,0.34210809,32.54155978,kampala,,,,,
Sona Pharmacy,4003590578,pharmacy,,,Kampala,0.31601648,32.57333725,,,,,,
Faith Drug Shop,8336695383,pharmacy,private,,Kisoro,-1.28304596,29.70292299,,,,,2,
NTANDA HEALTH CENTRE,11001694642,clinic,,,Butambala,0.14653926,32.07331926,,,,,,
Baron Pharmacy,4123360416,doctor,,operational,Kampala,0.35273718,32.58659223,"Kisingiri Road, kampala",,,,,
Divine Medicines,8632128782,doctors,private,,Zombo,2.50444666,30.84740322,,,,,1,
Adraka,5496024015,doctors,Individual based,operational,Arua,2.69783225,30.85540979,,,,,3,
Surge Pharmacy and Medical Clinic,11263978086,pharmacy,,,Wakiso,0.43419662,32.56838296,,,,,,
BUSARU HEALTH CENTRE 111,11001734184,clinic,,,Bundibugyo,0.66762827,30.04431523,,,,,,
Three Star Juliet,3955387771,clinic,,,Sironko,1.20933793,34.19826365,"Kirombe Street, Bukhulo Sub County",,,,,
POGO HC II,11080473408,hospital,,,Amuru,3.08935146,32.09916972,,,,,,
AKARIWON HEALTH CENTRE III,11151161554,hospital,,,Moroto,2.46045114,34.78675363,,,,,,
RMF-ACF Iyete Health Centre,4502308294,clinic,Real Medecine Foundation,,Yumbe,3.46137460,31.36332185,,,,,,
Women's Hospital International & Fertility Centre,10099099901,clinic,,,Masaka,-0.33890696,31.70833054,,,,,,
Maria Medical Centre,2288184,clinic,,,Iganga,0.61860419,33.48096166,"Kaliro road, Northern Division",,,,,
Mar Pa Rwot Drug Shop,10102721849,doctors,,,Gulu,2.76539827,32.30810307,,,,,,
BUWAISWA,11056452090,clinic,,,Mayuge,0.52471590,33.52120100,,,,,,
NGOMANENE HEALTH CENTRE 11,11001694551,clinic,,,Gomba,0.19714819,31.99941066,,,,,,
Goodwill's Drugshop.,5789319878,doctors,,non operational,Obongi,3.43009493,31.58574823,,,,,0,
Sure Step Drug Shop,3956245288,pharmacy,,,Mbale,1.05276423,34.16813733,"Marare Road, Mbale",,,,,
KACHONGA HEALTH CENTRE III,247620706424,hospital,,,Butaleja,1.00019327,34.08469414,,,,,,
KALI,11054959823,hospital,,,Obongi,3.47108856,31.56700755,,,,,,
KATADOBA,11001734067,clinic,,,Kasese,0.17578456,30.07841599,,,,,,
KYATEREKERA HEALTH CENTRE II,11029992845,clinic,,,Kagadi,0.97317823,30.60455267,,,,,,
Family Hope Center,9787649917,hospital,,,Jinja,0.42909909,33.20424796,,,,,,
NOMBE HEALTH CENTRE,11007308934,hospital,,,Mbarara,-0.33615568,30.59558244,,,,,,
Atyeronimungu Maternity Home,8632128771,doctors,private,,Zombo,2.57602166,30.87192666,,,,,2,
Shalom Life Pharmacy,8963738661,pharmacy,private,,Kampala,0.34161666,32.57501715,,,,,2,
PAKWACH MISSION,11066741263,hospital,,,Pakwach,2.46968473,31.47613045,,,,,,
Ombijoku,5406574325,clinic,"Marie Stopes, IDA, UNICEF",operational,Arua,2.91619827,31.02714165,,,,True,,
Afrodoctor Medical Centre,8963738678,clinic,private,,Kampala,0.35359499,32.57146323,,,,,4,
Ankey Health Centre,5716196112,clinic,,,Kampala,0.33350993,32.53076892,"Masanafu Road, kampala",,,,,
Hope For Health Medical Centre,10102721890,doctors,,,Gulu,2.76251507,32.29882104,,,,,,
BUDIMBO HEALTH CENTRE II,11010338084,clinic,,,Kiboga,0.92270375,31.86199924,,,,,,
Elite Medical Centre,10102833340,doctors,,,Gulu,2.76567387,32.29603766,,,,,,
Dactari Medics pharmacy,8684522634,pharmacy,,,Kampala,0.38355325,32.57704356,Gayaza Road,,,,,
IMC Park Royal,3798804099,clinic,International Medical Group,,Kampala,0.31828697,32.57538545,,,,,,
Ganga Central Clinic,4052772028,clinic,,,Iganga,0.61161276,33.47202052,Central Division,,,,,
Alur medical center,8493731517,clinic,,,Nebbi,2.47975994,31.09014054,Arua - Pakwach Road,,,,,
Bensa Medical centre,8420466978,clinic,,,Wakiso,0.38733726,32.62552122,,,,,,
ST JUDE FAMILY,11010338227,clinic,,,Kampala,0.30818209,32.59986832,,,,,,
RUBAYA HEALTH CENTRE III,3164543,hospital,,,Mbarara,-0.46556145,30.67320733,,,,,,
Life Care Drug Shop.,5789319883,doctors,,non operational,Obongi,3.42990676,31.57814618,,,,,2,
HEALTH CENTRE II,11001694675,clinic,,,Rakai,-0.48386057,31.24748437,,,,,,
Annex Medical Center,4105119516,clinic,,,Kampala,0.28078039,32.60290156,Kampala,,,,,
HEALTH CENTRE,11001734052,clinic,,,Bundibugyo,0.80053843,30.10923198,,,,,,
LIRA MUN. DISPENSARY,11073118330,hospital,,,Lira,2.24733002,32.89994364,,,,,,
Dokwals Uganda Limited,4124066934,pharmacy,,,Kampala,0.31479105,32.57672203,kampala,,,,,
Komamboga Health Center III,2781832,hospital,KCCA,,Kampala,0.39084408,32.58449113,,,,,,
Joint Clinic Research Centre Mbale,3948120942,clinic,,,Mbale,1.07699045,34.17396250,"Pallisa Road, mbale",,,,,
God's Grace Drug Shop,10102833317,doctors,,,Gulu,2.75542205,32.30714988,,,,,,
Health Center II,5215672062,clinic,MTI,,Yumbe,3.40076388,31.32820092,,,,,,
MBIRIZI MED. CENTRE,11001694802,clinic,,,Lwengo,-0.39323477,31.45726488,,,,,,
R and M Drug Shop,3995681789,pharmacy,,,Butaleja,0.85017950,33.92621548,Busolwe Town Council,,,,,
Kaborogota Outpost,6210374890,clinic,Clinical Officer,yes,Kyegegwa,0.33453169,31.12312828,,,,,4,
Bright Medical Clinic,3944103680,clinic,,,Mbale,1.06783439,34.19662808,"Bungokho Mutoton Road, mbale",,,,,
KITAIHURA HC II,11029993055,clinic,,,Kakumiro,1.00184719,31.30034736,,,,,,
MITYANA MED CENTRE,11010338217,clinic,,,Mityana,0.39838025,32.04339268,,,,,,
Rugaya Dental,8457412018,dentist,,,Kabale,-1.26810261,29.99292008,,,,,,
Rhino Camp Health Centre,5299222404,clinic,Government Of Uganda;IDA;UNICEF,operational,Madi Okollo,2.97322329,31.39724166,,,,,,
RUHARO MISSION HOSPITAL,11007308985,hospital,,,Mbarara,-0.61278372,30.63136026,,,,,,
BUSANGA HEALTH CENTRE II,11010338116,clinic,,,Mukono,-0.08648033,32.58945833,,,,,,
BOROBORO HCIII,11073166861,hospital,,,Lira,2.19093146,32.92872609,,,,,,
Avento Specialist Medical Centre,9909133573,doctor,,,Lira,2.25248917,32.90061486,,,,,,
St Joseph Drug Shop,10102878043,doctors,,,Gulu,2.78731938,32.29259496,,,,,,
Muhammad pharmacy,8411703317,pharmacy,,,Wakiso,0.39776108,32.47809804,,,,,,
CHURCH DISPENSARY,3074800991,clinic,,,Kumi,1.47097367,33.86767962,,,,,,
KIBIMBIRI HEALTH CENTRE II,7610319,hospital,,,Kanungu,-0.68465275,29.70215974,,,,,,
Mukunyu Health Post,6007027145,doctors,UNHCR;LWF,operational,Kikuube,1.11455998,30.72649662,,,,,4,
BIGULI HEALTH CENTRE II,11029992998,clinic,,,Kamwenge,0.34108282,30.79570859,,,,,,
Shreegi Pharmacy,9909257637,pharmacy,,,Lira,2.23855358,32.89426767,,,,,,
AKUM HEALTH CENTRE II,11151230035,hospital,,,Katakwi,1.99124553,34.08359946,,,,,,
Kisoko Health Center IV,3990269117,doctors,,,Tororo,0.73025835,34.10358955,"Kisoko Peta Road, Kisoko",,,,,
Davina Medical Concern,10020547584,doctors,,,Arua,3.11699564,30.86820929,,,,,,
Nakigunju Health Centre III,3996035387,clinic,,,Bugiri,0.50445675,33.82852658,"Nakigunju, Bulesa",,,,,
Mbale Referral Hospital,9124073572,hospital,,,Mbale,1.07615410,34.17657237,,,,,,
Butuntumula Health Centre 111,1642871,doctors,Uganda Government,,Luwero,0.88233608,32.49422768,,,,,,
Jokundu's Drug Shop,6007027155,doctors,,operational,Yumbe,3.28256497,31.35344328,,,,,1,
HEALTH CENTRE 11,11010338040,clinic,,,Buikwe,0.24375434,32.92486807,,,,,,
Zombo,8632128773,clinic,private,,Zombo,2.50945828,30.91194664,,,,,7,
Life Care Drug Shop,3998656345,pharmacy,,,Namayingo,0.34159353,33.87734832,"Hardware Street, Namayingo Town Council",,,,,
LOGIR,11066741221,hospital,,,Arua,2.73257449,30.85271199,,,,,,
Vyne Medical Centre,4100116606,clinic,,,Kampala,0.35292997,32.56062568,kampala,,,,,
Gift Life Care Clinic,10198909173,clinic,private,,Lira,2.25964077,32.90370846,Lira,,,,36,
Platinum Hospital,8536823217,hospital,,,Kampala,0.33089009,32.57618794,,,,,,
Top Care Medical Clinic,8442100819,clinic,,,Mbarara,-0.64279554,30.55963405,,,,,,
RUSHOOKA HEALTH UNIT II,11001446303,clinic,,,Ntungamo,-1.11278151,30.11000630,,,,,,
CILIO,11054959839,hospital,,,Arua,3.19740324,31.03109163,,,,,,
King's Drug Shop,5588620746,pharmacy,,operational,Yumbe,3.57927328,31.27048498,,,,,2,
Army Barracks Health Center III,749656706493,hospital,,,Moroto,2.54076914,34.66786212,,,,,,
Buwenge General Hospital,3799220,hospital,,,Jinja,0.62993678,33.18150007,,,,,,
Namakwekwe health centre iii,10013084879,hospital,,,Mbale,1.08948317,34.17953076,"Nkoma namakwekwe, Mbale",,,,,
Trinity Medicare Clinic,3941646815,clinic,,,Mbale,1.07325564,34.17953403,"15, Republic street, mbale",,,,,
VICTORIA MEDICAL CENTER,11010338080,hospital,,,Kampala,0.33195694,32.57691532,,,,,,
Kiringente Epi Centre HC II,7651392369,clinic,Ministry of Health,,Mpigi,0.29106129,32.37491078,,,,,,
PADIBE MC HC III,11080473417,hospital,,,Lamwo,3.51490755,32.80882447,,,,,,
St Anita Health Center,3953637076,doctors,,,Sironko,1.17165734,34.33530089,"Sironko_Budadiri, Budadiri Town Council",,,,,
Sun Rise Drug shop,3959654608,doctors,,,Bukedea,1.43650788,34.05073620,Malera,,,,,
HEALTH CENTRE 11,11073166814,hospital,,,Nakasongola,1.51924723,32.44645208,,,,,,
BIKUNYA HEALTH CTR,11001734051,clinic,,,Kasese,0.07331948,29.75051385,,,,,,
BUMUMULO HEALTH CENTRE III,9119027,hospital,,,Sironko,1.12496293,34.37642762,,,,,,
KYAMAGANDA,11001694732,clinic,,,Lwengo,-0.38183722,31.53959286,,,,,,
Safeway Pharmacy 2003 Limited,4121028180,doctors,,,Kampala,0.31200516,32.57624552,"Ben Kiwanuka Street, Kampala",,,,,
NGOMANENE,11001694771,clinic,,,Gomba,0.19640647,32.00026435,,,,,,
ST JOSEPH'S HOSPITAL,11080473473,hospital,,,Kitgum,3.29151148,32.87421053,,,,,,
Lazebu Central,5496024013,doctors,Private,operational,Arua,2.72763327,30.93553994,,,,,0,
HEALTH CENTRE 111,11001694508,hospital,,,Kyotera,-0.87453748,31.45175889,,,,,,
CLINIC(DISPENSARY),11010338038,clinic,,,Mityana,0.45963059,32.03554294,,,,,,
Obedgiu Drug Shop,8632128736,pharmacy,private,,Zombo,2.34056822,30.93305496,,,,,0,
Jassinta Clinic,8591795118,clinic,,,Wakiso,0.43662067,32.60186833,,,,,,
Rugabano Drug Shop,8274304189,pharmacy,private,,Kisoro,-1.23075000,29.61093823,,,,,0,
KANGULUMIRA,11056452008,hospital,,,Kayunga,0.57269433,33.03172375,,,,,,
Hamaar Medical Center,8481522034,clinic,,,Kampala,0.34617834,32.56748786,Bombo Road,,,,,
Multi Care Drug Shop,10102769169,doctors,,,Gulu,2.78871212,32.28221456,,,,,,
KYESHA B H/C III,11056451990,hospital,,,Sironko,1.10166467,34.33523442,,,,,,
KYABAKADDE H/C 11,11010338417,clinic,,,Mukono,0.50430270,32.71496367,,,,,,
Med Care Drug Shop,10023811290,doctors,,,Arua,2.97934057,30.91846768,,,,,,
Fair Plus Medical Clinic,4105119530,clinic,,,Kampala,0.25757777,32.60418483,"Salaama Road, Kampala",,,,,
Febros Pharmacy,8481522235,pharmacy,,,Kampala,0.35234516,32.56260800,Bombo Road,,,,,
KABUSHWERE HEALTH CENTRE II,11007308987,hospital,,,Kiruhura,-0.32593504,30.68509898,,,,,,
Kasana Herbal Research Clinic,4048796743,clinic,,,Iganga,0.61118495,33.46965615,"Main Street, Iganga",,,,,
Prim Drug Shop,5573437703,pharmacy,Private,operational,Yumbe,3.42900998,31.27044492,,,,,2,
KASENGE,11010338109,hospital,,,Wakiso,0.25841965,32.50835956,,,,,,
Ddembe Clinic,4104666109,clinic,,,Kampala,0.32602607,32.54180428,"Masiro Road, kampala",,,,,
NYAKEERA HC II,11007309013,hospital,,,Kitagwenda,0.04081077,30.31671618,,,,,,
Atutur,10576118813,hospital,,,Kumi,1.40080030,34.00842745,,,,,,
God's Mercy Drug Shop,6749856222,doctors,National Drug Authority,closed,Kanungu,-0.89181057,29.63775420,,,,,2,
GUERTOM HC III,11073118329,hospital,,,Kaberamaido,1.75364590,33.15556872,,,,,,
CLINIC,11056451812,clinic,,,Buyende,1.21575562,33.37391135,,,,,,
Equator Phamaceuticals,4130816811,doctor,,,Kampala,0.31399519,32.57641718,"William Street, kampala",,,,,
MSF Mobile Clinic,5223687257,doctors,MSF,operational,Arua,3.18646829,31.16882666,,,,,,
Akimda,5789318218,doctors,Private,operational,Adjumani,3.28963326,31.94212169,,,,,1,
BUNOGA,11029992807,clinic,,,Kamwenge,0.40241773,30.52767435,,,,,,
The Allied Consultance clinic,4099179277,clinic,,,Kampala,0.34537016,32.57640922,kampala,,,,,
The Bridge Drug Shop,10023487004,doctors,,,Arua,2.98379723,30.91581305,,,,,,
Zee Pharmacy,10023486987,pharmacy,,,Arua,3.03145656,30.91325632,,,,,,
Santamaria Drug Shop,10023482321,doctors,,,Arua,3.02556475,30.90465288,,,,,,
KASAMBYA,11029993048,clinic,,,Mubende,0.38080005,31.22854487,,,,,,
God's Mercy clinic,879157006542,clinic,,,Wakiso,0.45599745,32.53216979,,,,,,
HEALTH CENTRE III,11001478390,hospital,,,Kanungu,-0.87143885,29.64428957,,,,,,
PARAA HC II,11066741248,hospital,,,Nwoya,2.29174095,31.57781618,,,,,,
Kaborogota Pharmacy,6210374897,clinic,Community,yes,Kyegegwa,0.33512169,31.11818823,,,,,1,
WABUWOKO,11056452165,hospital,,,Kayunga,0.83149515,32.88560246,,,,,,
Bumwambu Health center,3959794718,doctors,,,Bulambuli,1.26007795,34.34717067,"Bumwambu village, Lusha",,,,,
KAMENGO HERBAL CLINIC,11001694683,clinic,,,Rakai,-0.67367648,31.47107549,,,,,,
Kabale Regional Hospital,1701146407,hospital,,,Kabale,-1.25104578,29.98898779,,,,,,
Vasi Medical Clinic,8453961017,clinic,,,Arua,3.10065822,30.97901578,Rhino Camp Road,,,,,
OCELAKUN HL II,11073166823,hospital,,,Kalaki,1.74224659,33.37279379,,,,,,
WALUGOGO,11056452358,clinic,,,Iganga,0.61219564,33.47119649,,,,,,
Jane's Drug Shop,5338522787,doctors,,operational,Arua,3.03842167,30.93156826,,,,,,
BWIZIBWERA HC IV,5123674,hospital,,,Mbarara,-0.43470406,30.57294585,,,,,,
NYAHUKA,11001730388,hospital,,,Bundibugyo,0.67392777,29.98922207,,,,,,
CLINIC,11007308950,hospital,,,Kazo,-0.04501866,30.64069669,,,,,,
Otumbari Health Center,5299222405,clinic,Mission Health Center;Medical Access,operational,Arua,3.26563679,31.14887514,,,,True,,
KUTEESA H/UNIT,11010338467,hospital,,,Mityana,0.37356772,32.04737869,,,,,,
Okalimbe,5332973060,doctors,,operational,Arua,2.99310164,30.90293995,,,,,,
OSSI H/C II,4740254,hospital,,,Nebbi,2.36486367,31.22563292,,,,,,
BUSINGYE CLINIC,11010338380,clinic,,,Kampala,0.34430792,32.61683388,,,,,,
Noor Health Centre,5338522791,clinic,UHMG,operational,Arua,3.03666792,30.91352923,,,,,,
NAMUTUMBA H/C III,746045706563,clinic,,,Namutumba,0.83592347,33.68765093,,,,,,
Health Clinic,4921096792,clinic,,,Ntungamo,-0.87223203,30.26647187,"New Kampala Road, Ntungamo",,,,,
Edwaliro Jorrisam MedCare Services,607973042,doctors,,,Kampala,0.29222889,32.62898127,,,,,,
Ubora Pharmacy,8963738651,pharmacy,private,,Kampala,0.34147115,32.57535343,,,,,3,
MUBENDE,11029992892,hospital,,,Mubende,0.56780332,31.39288214,,,,,,
BUMANGI,11001694617,clinic,,,Kalangala,-0.31661906,32.23976399,,,,,,
HEALTH CENTRE II,11056451899,clinic,,,Namutumba,0.77023492,33.69115389,,,,,,
LWAKALOLO,11001694513,clinic,,,Rakai,-0.58213545,31.38553993,,,,,,
Kampala Family Clinic,5427487,clinic,,,Kampala,0.29985835,32.59390074,,,,,,
Omega Medical Clinic,11097289405,clinic,,,Wakiso,0.26796957,32.46211292,,,,,,
KAKUNGUBE,11010338288,clinic,,,Kassanda,0.45329555,31.83484389,,,,,,
NYAKIBIGI H/UNIT III,11001478387,hospital,,,Ntungamo,-0.79001327,30.21106255,,,,,,
KIFAMPA HEALTH CENTRE II,11001694715,clinic,,,Gomba,0.12404659,31.76219056,,,,,,
KYAZANGA HC IV,3543803,hospital,,,Lwengo,-0.38318361,31.31982673,,,,,,
KYAYI,11029992969,clinic,,,Gomba,0.21651709,31.39664176,,,,,,
Kuru Medical Clinic,5573437707,pharmacy,Ministry Of Health,operational,Yumbe,3.43970663,31.18483995,,,,,2,
Kavule Clinic,4100092140,clinic,,,Kampala,0.29105702,32.57225758,"Salama Road, Kampala",,,,,
Rima (E.A.) Ltd,3799704429,pharmacy,,,Kampala,0.32982374,32.57544823,"Buganda Road, Kampala",,,,,
Natural Chinese Herbal & Acupuncture Clinic,4114253416,clinic,,,Kampala,0.33873085,32.58647069,Kampala,,,,,
Bukonte Health Centre 2,6738222,doctors,,,Namutumba,0.79915190,33.65563876,Nsinze,,,,,
Madera Health Center,3958566755,doctors,,,Bukedea,1.43440276,34.05124423,Malera,,,,,
HEALTH CENTRE,11056452348,clinic,,,Tororo,0.69757882,34.26281075,,,,,,
Maria Theresa Clinic,4105119562,clinic,,,Kampala,0.26558308,32.59406126,"Salaama Road, Kampala",,,,,
IHADO HEALTH UNIT,11029992951,clinic,,,Kakumiro,1.11194709,31.37553387,,,,,,
RUGARAMA HEALTH CENTRE III,9278966,hospital,,,Ntungamo,-1.01999501,30.09148414,,,,,,
Cure Health Clinic,8963738622,clinic,private,,Kampala,0.34746170,32.58236666,,,,,3,
IMMUNISATION CENTRE,11001734076,clinic,,,Kasese,0.10693360,29.91408468,,,,,,
GIF Medical Centre,902725406590,doctors,,,Kampala,0.36457402,32.55812887,kampala,,,,,
LANGOL HC II,9747575,hospital,,,Nwoya,2.75510580,32.13230338,,,,,,
FUALWONGA,11066741215,hospital,,,Pakwach,2.57097123,31.33468969,,,,,,
MAJI B,11054959817,hospital,,,Adjumani,3.24760874,31.65427733,,,,,,
Kasana Medical & Imaging Centre,3493273712,clinic,,,Luwero,0.83461254,32.49808469,,,,,,
FAMILY LIFE EDUCATION PROGRAM,11056452295,clinic,,,Jinja,0.43371886,33.20346417,,,,,,
Olujobo HC III,4503716,clinic,Governement;MTI;TB,operational,Madi Okollo,3.07067406,31.40534352,,,,True,,
ADS Drug Shop,5789318191,doctors,Private,operational,Adjumani,3.18069827,31.65683163,,,,,3,
Kampala Medical Consultations Clinic,4118807654,clinic,,,Kampala,0.30918750,32.57831669,"Entebbe Road, Kampala",,,,,
St Theresa Primary Health center,3948075271,clinic,,,Mbale,0.93845158,34.23060958,Mbale,,,,,
WERE HEALTH CENTRE II,2346796,clinic,,,Tororo,0.75312016,34.00568037,,,,,,
Joy Medical Centre,4048796741,doctors,,,Iganga,0.61006756,33.46831639,Iganga,,,,,
KATOOKE HC II,2850834,clinic,,,Kasese,0.26756112,30.09640440,,,,,,
ATYAK,11066739675,hospital,,,Zombo,2.66896473,30.94819435,,,,,,
The Savers Drug Shop,8108785417,pharmacy,,,Kitagwenda,-0.08617984,30.36082788,,,,,,
NABBINGO,11010334397,hospital,,,Wakiso,0.28994726,32.48030223,,,,,,
ISULE HEALTH CENTRE III,3938425,hospital,,,Kasese,0.36050972,30.09295885,,,,,,
Healing Hands Medical Center,8963716782,clinic,private,,Kampala,0.34914327,32.58615838,,,,,2,
Divine Drug Shop,8963738675,pharmacy,private,,Kampala,0.34988910,32.56693063,,,,,2,
Ocean Health Care,10212576350,clinic,,,Masaka,-0.34568037,31.73998312,Hobat Street,,,,,
Opia Centre,5354389868,clinic,Clinical Officer,operational,Arua,2.82205994,30.90181829,,,,True,,
BUSANO H/C II,11056452386,clinic,,,Bukedea,1.28974947,34.23392772,,,,,,
Tropical Medical Centre,10023486999,doctors,,,Arua,3.02792694,30.90293534,,,,,,
6K DOCTOR'S CLINIC,9886968457,clinic,private,,Wakiso,0.05474192,32.46337355,,,,,,
HEALTH CENTRE II,11029992958,clinic,,,Kiruhura,0.01467407,30.98197024,,,,,,
HEALTH CENTRE II,11001478440,hospital,,,Rukungiri,-0.75401828,30.00419776,,,,,,
HEALTH CENTRE III,11010338525,hospital,,,Mityana,0.38623454,32.06801754,,,,,,
Amwonyo Health Centre III,9453881,clinic,government,,Zombo,2.47080472,30.78908496,,,,,3,
RUSHASHA MASYA HC II,11001478498,hospital,,,Rukungiri,-0.74695695,29.89732347,,,,,,
Sena medical center,8420520417,clinic,,,Mukono,0.38093483,32.72329386,,,,,,
SEBWE H/C II,11001734161,clinic,,,Kasese,0.23315793,30.11798864,,,,,,
Nyarugoote HCII,8809148317,hospital,,,Bushenyi,-0.49795005,30.06241109,,,,,,
BUKINDA,11001446304,hospital,,,Rukiga,-1.20203486,30.12552757,,,,,,
Hassan Drug Shop,3968713201,pharmacy,,,Kibuku,1.04417613,33.83540980,"Tirinyi, Kibuku",,,,,
Alba Clinic-konga,8632128804,doctors,private,,Zombo,2.42051992,30.90203496,,,,,1,
IBUGA,11001734148,hospital,,,Kasese,0.32137562,30.21755433,,,,,,
Aripea Health Centre III,5309760252,clinic,private;IDI,operational,Arua,3.17457462,31.04138796,,,,True,,
KYEERA HC II,11029993010,clinic,,,Ssembabule,0.15920415,31.06079223,,,,,,
Lancet Laboratories,10021277174,laboratory,,,Mbale,1.07831135,34.14666423,Mbale City,,,,,
HEALTH CENTRE II,11001478343,clinic,,,Kanungu,-0.84146492,29.67820585,,,,,,
HEALTH UNIT,11056452101,clinic,,,Buvuma,0.28735892,33.29184614,,,,,,
CHANNEL STREET,11010338261,hospital,,,Kampala,0.31496908,32.57426152,,,,,,
HEALTH CENTRE II,11007308960,hospital,,,Ibanda,-0.26593998,30.42423739,,,,,,
Bonaventure Dental Care,8709058217,clinic,,,Arua,3.01827258,30.91288106,,,,,,
Affm Pharmacy,3942601669,pharmacy,,,Kampala,0.31416475,32.58584699,,,,,,
Family And Friends Drugshop,5559515005,pharmacy,Glo Wonder Pharmacy Ltd,operational,Yumbe,3.34532397,31.24939025,,,,,1,
MEDICAL OFFICES,11073166822,hospital,,,Dokolo,1.91453083,33.17562527,,,,,,
Naboa Health Centre,3966436778,doctors,,,Budaka,1.03859295,34.01864667,"Jinja Mbale, Naboa",,,,,
City Medical Mukono,8440876517,hospital,,,Mukono,0.35834300,32.75083185,,,,,,
BUTEBA,11056452131,clinic,,,Bugweri,0.62447127,33.65032397,,,,,,
Mount Zion,3946202056,clinic,,,Mbale,1.08293263,34.16487777,mbale,,,,,
OMBOKODO H/CTR III,11054959828,hospital,,,Koboko,3.38919116,31.02415543,,,,,,
ABOKE HEALTH UNIT II,11073118360,hospital,,,Kole,2.37413522,32.70738257,,,,,,
Kisubi Hospital,8489493419,hospital,,,Wakiso,0.12181273,32.53675586,Road to White House Sister's Residence,,,,,
Drug Shop,9147833025,pharmacy,private,,Wakiso,0.39243178,32.55450756,,,,,1,
KATIYI,11066741213,hospital,,,Madi Okollo,2.75541593,31.06499416,,,,,,
MABAALE,11029992901,clinic,,,Kagadi,1.05181414,30.92018136,,,,,,
LOCHOM HEALTH CENTRE II,413037506647,hospital,,,Kaabong,3.42014167,34.14470530,,,,,,
Twajiji Health Center III,347872606648,clinic,RMF,,Yumbe,3.47163514,31.40444506,,,,,,
Budhaya Health Centre II,8198322,doctors,,,Bugiri,0.37688712,33.78863643,Budhaya,,,,,
NAWANYAGO,11056451959,clinic,,,Luuka,0.92779215,33.30720498,,,,,,
KALIMON HEALTH CENTRE II,11080473420,hospital,,,Karenga,3.58392942,33.69199234,,,,,,
Blessing Drug Shop,10102653168,doctors,,,Gulu,2.76413755,32.31455253,,,,,,
Divine Medicare,10102653140,doctors,,,Gulu,2.76539442,32.31755954,,,,,,
KAZINGA,11029992890,hospital,,,Kyegegwa,0.31574726,30.86296859,,,,,,
HEALTH CENTRE II,11001478380,clinic,,,Ntungamo,-0.78249303,30.19484633,,,,,,
KAKUKA,11001734064,hospital,,,Bundibugyo,0.52379003,29.99343272,,,,,,
LUNYO,11056452440,clinic,,,Busia,0.32863980,33.91127868,,,,,,
SMK Medical Centre,8963738665,clinic,private,,Kampala,0.34134836,32.57472664,,,,,4,
Life Care Human Drug Shop,3920281193,pharmacy,,,Kisoro,-1.28142498,29.69526403,,,,,,
Victoria Clinic And Laboratory Ltd,9909257631,doctor,,,Lira,2.24458277,32.89633925,,,,,,
LUMINO,11056452352,hospital,,,Busia,0.32418180,33.98827652,,,,,,
Okavucevu,5328918858,doctors,,operational,Arua,2.97889163,30.90597169,,,,,,
Kamic Medical Center,7060880749,clinic,,,Kampala,0.36288255,32.56152556,,,,,,
Malcolm Pharmacy,3528493072,pharmacy,,,Kampala,0.36782804,32.60410923,"Kisaasi Road, Kampala",,,,,
ST. KIZITO HOSP MATANY,11151230009,hospital,,,Napak,2.44445855,34.39382183,,,,,,
Blue Star Health Care,3995681775,doctors,,,Butaleja,0.85071628,33.92554460,Busaba Busoko,,,,,
ST JOSEPH,11010338311,hospital,,,Kampala,0.30310399,32.53205529,,,,,,
Namboza Family Clinic,605253839,doctors,,,Kampala,0.33338907,32.62577804,,,,,,
WEKOMIRE,11029992846,clinic,,,Kyegegwa,0.46209219,31.04206329,,,,,,
IBABAKULA HEALTH CENTRE 11,11054959807,hospital,,,Obongi,3.52103657,31.69348728,,,,,,
Star Drug Shop,5789319882,doctors,,non operational,Obongi,3.42935372,31.57811793,,,,,1,
MITUKULA HEALTH CENTRE III,6888488,hospital,,,Kyotera,-0.62916120,31.53328657,,,,,,
Dan & Dev Pharmacy,8556954717,pharmacy,,,Wakiso,0.39114005,32.65841407,,,,,,
MedPro Pharmaceuticals,4126684791,doctors,,,Kampala,0.35592457,32.61354767,"Kisaasi Road, kampala",,,,,
Alpha Medical Clinic,5338522799,doctors,,operational,Arua,3.02889036,30.91734300,,,,,,
KAPAPI MISSION CLINIC,11029992920,clinic,,,Hoima,1.66277199,31.33747089,,,,,,
ELAi Pharmacy,4107809612,pharmacy,,,Kampala,0.36606516,32.60416706,"Kisaasi Road, kampala",,,,,
Trading Center Health Center II,5354389845,clinic,No,operational,Madi Okollo,2.77474049,31.03758140,,,,True,,
KARUSANDARA,11001734224,hospital,,,Kasese,0.22665115,30.15786847,,,,,,
Komgbe Health Center III,8918899,clinic,Rmf,non_operational,Yumbe,3.39437327,31.38822667,,,,,20,
Pacific Dental Clinic,3982839821,dentist,,,Kampala,0.31691402,32.57027224,,,,,,
kata health centre,3958420794,clinic,,,Bulambuli,1.44355286,34.39885357,"Moroto Road, Bunambutye",,,,,
NANSOLOLO H/C II,11056451886,clinic,,,Kaliro,1.04086277,33.39805785,,,,,,
NGABO CLINIC,11010338136,clinic,,,Kampala,0.29911597,32.57553272,,,,,,
St Louis Medical Centre,6997155,clinic,,,Kampala,0.26306674,32.59810686,"Salaama Road, Kampala",,,,,
NYAKAGYEME HC III,6176623,hospital,,,Rukungiri,-0.79653817,29.88127162,,,,,,
ST JOSEPH,11010338493,hospital,,,Kampala,0.32761628,32.62299936,,,,,,
Glory Medical Centre,3955128182,clinic,,,Mbale,1.05705216,34.15971276,"Marare Road, mbale",,,,,
PABWO HC III,8516952,hospital,,,Gulu,2.85164923,32.23882807,,,,,,
KAMPALA UNIVERSITY,11010338290,clinic,,,Kampala,0.29424063,32.60528772,,,,,,
Ndagijimana's Medical Drugshop,8274304196,pharmacy,private,,Kisoro,-1.30048006,29.74365670,,,,,2,
Mwiru Pharmacy,8438780620,pharmacy,,,Wakiso,0.20924587,32.54137462,,,,,,
KATHILE HC II,11080473410,hospital,,,Kaabong,3.68285885,34.01396353,,,,,,
Divine Community Drug Shop,8274304203,pharmacy,private,,Kisoro,-1.16621505,29.66806995,,,,,2,
Mustard Seed Medical Centre,8458233921,clinic,,,Ibanda,-0.13146483,30.49831188,,,,,,
Daddy's Care Drug Shop,3967544892,clinic,,,Kaliro,0.90707074,33.46406274,Gabula Road,,,,,
BUSALAMU,11056452001,clinic,,,Luuka,0.66761578,33.39109023,,,,,,
St. Mechtilda Kitaasa HC III,4759761,hospital,Private Not For Profit,,Bukomansimbi,-0.15106733,31.60395439,,,,,,
Top Care Drug Shop,3966532536,pharmacy,,,Budaka,1.10179753,33.99046344,Iki - Iki,,,,,
Uganda Oxygen Limited,9280354338,laboratory,Moses Kirande,open,Kampala,0.31577986,32.60497332,"43/59, Seventh street, 3002",,,,,
Zest pharmacy,11047061405,pharmacy,,,Wakiso,0.39786837,32.48053567,,,,,,
Shreeji Health Mart,10023482319,pharmacy,,,Arua,3.02707358,30.90789626,,,,,,
NKOOKO HEALTH CENTRE III,2058693,clinic,,,Kakumiro,0.96153996,31.42886205,,,,,,
Modern Dental Clinic,4040404306,clinic,,,Jinja,0.43345835,33.21245360,"88/90 Main Street, Gokhale Road East, Jinja",,,,,
IRINGA HEALTH CENTRE II,5659981,hospital,,,Buyende,1.25653090,32.98979563,,,,,,
Otici Health Centre II,7226721,doctors,,,Amuru,2.95270137,32.01305706,,,,,,
Gombe Drug Shop,3955215558,doctors,,,Sironko,1.14755727,34.39105588,"Bugitimwa Road, Bugitimwa Sub County",,,,,
SERULANDA HEALTH CENTRE 11,11001694541,clinic,,,Kyotera,-0.66395943,31.61864887,,,,,,
HEALTH CENTRE (DISP),11073118370,hospital,,,Nakasongola,1.40957305,32.25678604,,,,,,
Afford Pharmacy,610939237,pharmacy,,,Kampala,0.30200588,32.64657606,,,,,,
STARDOTS MEDICAL CENTRE,11010338300,clinic,,,Kiboga,0.69458078,31.93917302,,,,,,
KYYOBWE HC II,11001478360,clinic,,,Ntungamo,-1.14166538,30.16979332,,,,,,
NGEETA HC III,11073166708,hospital,,,Lira,2.31131755,32.92777382,,,,,,
Bella drug shop,3943997655,clinic,,,Mbale,1.08377308,34.16509863,mbale,,,,,
MUTOLERE,11001446283,hospital,,,Kisoro,-1.26123147,29.67516339,,,,,,
St Jude Pharmacy,4102222562,doctors,,,Kampala,0.32983908,32.54937942,"Namugoona Road, kampala",,,,,
Jan San Medical center,11112014409,clinic,,,Wakiso,0.39968405,32.47836526,,,,,,
Up Right Clinic,10583475457,clinic,private,,Hoima,1.42947822,31.34889325,Hoima,,,,,
Mother Kevin Drug Shop,7060880758,clinic,,,Kampala,0.36658157,32.55466598,,,,,,
Bugusege HC I I,3954021718,doctor,,,Sironko,1.14752056,34.24750406,"Bugusege -Sironko Road, Buwalasi",,,,,
KACHUNG HEALTH CENTRE II,5772249,hospital,,,Dokolo,1.90622512,32.96823939,,,,,,
MATUGGA,11010338043,clinic,,,Wakiso,0.45871269,32.52797590,,,,,,
Ayilo 1 Health Center II,5789318210,clinic,Medical teams international,operational,Adjumani,3.28854998,31.94287329,,,,,21,
ANAYAOGYE,11054940364,hospital,,,Arua,3.04906367,30.81206118,,,,,,
Kolonyi Hospital,10030949693,alternative,,,Mbale,1.14235554,34.16440319,,,,,,
MUTAI,11056452233,clinic,,,Jinja,0.56698500,33.21243742,,,,,,
Sr herbal Clinic,9147833020,clinic,private,,Kampala,0.38270232,32.56035477,Kawempe_II,,,,3,
Yumbe Health Centre IV,7681607,clinic,CUAM; UNICEF; RMF; IRC; RECO; TOURCH AFRICA,operational,Yumbe,3.46896592,31.24615617,,,,,57,
Esnan Dental Center Turkish Clinic,3526673566,dentist,,,Kampala,0.34116538,32.58918642,,,,,,
Private Clinic,5215672035,clinic,Refugees,,Yumbe,3.52352499,31.34189142,,,,,,
Hawa Pharmacy,1014757270,pharmacy,,,Wakiso,0.04549970,32.44310553,,,,,,
KATEETA,11056452227,hospital,,,Serere,1.41167867,33.52051880,,,,,,
KITOJO HC II,11007309022,hospital,,,Rwampara,-0.75250987,30.47416353,,,,,,
PARAA DISPENSARY HEALTH II,11066739689,hospital,,,Masindi,2.25845373,31.53790240,,,,,,
Lira Medical Centre,9909142409,hospital,,,Lira,2.24402906,32.90747394,,,,,,
MBUNGA H/CII,11001734096,clinic,,,Kasese,0.21578912,30.01630542,,,,,,
Ggaba Medical Clinic,4107802643,clinic,,,Kampala,0.25585948,32.63524825,"Ggaba Road, Kampala",,,,,
MUHWIJU,11029979779,clinic,,,Kikuube,1.38314692,31.27048607,,,,,,
Saint Padre Pio Health Centre,4107802672,doctors,,,Kampala,0.26204935,32.62523213,"Ggaba Road, Kampala",,,,,
Odia,5354389867,doctors,No,operational,Arua,2.95752993,30.91645996,,,,,,
Holy Family Drug Shop,3946127489,doctors,,,Mbale,1.14591618,34.15991418,"Entembe Road, mbale",,,,,
KITGUM MATIDI HC II,11080473469,hospital,,,Kitgum,3.26574308,33.04874924,,,,,,
Buwama HC III,7772882,hospital,Ministry of Health,,Mpigi,0.06138600,32.10697746,,,,,,
HEALTH CENTRE,11056451873,clinic,,,Sironko,1.14642764,34.40989237,,,,,,
Me And You Drug Shop,10102769173,doctors,,,Gulu,2.76573514,32.31723717,,,,,,
Munguci Drug Shop Rakai Trading Centre,10023811282,doctors,,,Arua,3.10010569,30.90140045,,,,,,
GADUMIRE HEALTH CENTRE III,200363506747,hospital,,,Kaliro,1.10505255,33.51117314,,,,,,
Quraish medical Centre,9147833018,clinic,private,,Kampala,0.38107573,32.55670638,,,,,4,
HEALTH CENTRE II,11007309035,hospital,,,Kazo,-0.02359803,30.87032924,,,,,,
AYAGO HC 11,11073118343,hospital,,,Apac,1.82379086,32.47407657,,,,,,
Hope Day Clinic,601455872,doctors,,,Kampala,0.32171685,32.63573432,,,,,,
KIBALINGA,11029979773,clinic,,,Mubende,0.49661012,31.28337618,,,,,,
Mudigi medical centre,11228518638,doctors,,,Wakiso,0.44680695,32.56048972,,,,,,
IMVEPI,11054940338,hospital,,,Arua,3.25320383,31.27760197,,,,,,
HEALTH CENTRE 11,11056438791,clinic,,,Namutumba,0.92629623,33.60847983,,,,,,
Junior's Drug Shop,5328918856,doctors,,operational,Arua,3.12805162,31.22381497,,,,,,
KIRINGA HC II,11001478451,clinic,,,Kanungu,-0.83584276,29.79147964,,,,,,
HEALTH CENTRE II,11056452225,clinic,,,Tororo,0.68040070,34.16157689,,,,,,
Namwendwa Healthy IV,2870298338,clinic,,,Kamuli,0.92030376,33.25712344,,,,,,
KYAMABALE H/C II,11001478342,clinic,,,Rukungiri,-0.87541858,29.97631318,,,,,,
KIDEPO HC II,11151161600,hospital,,,Moroto,2.57257645,34.66877968,,,,,,
Kidongole Health Centre 111,181587306762,hospital,,,Bukedea,1.27396576,34.00405872,"Kidongole, Bukedea",,,,,
OBONGI H/C IV,2716089,hospital,,,Obongi,3.24134277,31.55136164,,,,,,
Ryan Medical Centre,11228508841,clinic,,,Wakiso,0.45133720,32.55676858,,,,,,
ABOKE HEALTH CENTRE II,11073166776,hospital,,,Kole,2.34928590,32.67979354,,,,,,
HEALTH CENTRE II,11007308983,hospital,,,Ibanda,-0.24278128,30.50519652,,,,,,
Natalina Drug Shop,5789318208,doctors,Private,operational,Adjumani,3.30279662,31.89871164,,,,,2,
Akugoba pharmacy,8438691617,pharmacy,,,Kampala,0.28782957,32.56969506,,,,,,
Papa's Medical Centre International,8575855417,hospital,,,Kabarole,0.65570736,30.27422949,,,,,,
Butagaya Health Centre III,7863357,doctors,,,Jinja,0.59687562,33.12748834,Butagaya,,,,,
Global Clinic Kawempe,4089998428,doctors,,,Kampala,0.37792765,32.55384773,"Lugoba Road, kampala",,,,,
Jorum health and phamarcy,8963716790,pharmacy,private,,Kampala,0.37927965,32.55743225,,,,,15,
AWACH HC II,11080417494,hospital,,,Abim,2.62190914,33.57338522,,,,,,
NRSL Helath Care,8963738660,clinic,private,,Kampala,0.34165304,32.57499905,,,,,6,
Khan Medical Centre,4102399366,doctors,,,Kampala,0.28911795,32.60640428,"Kansanga Ggaba Road, kampala",,,,,
Petta Health Centre III,9591273,doctors,,,Tororo,0.78499352,34.07958973,"Mirikit Road, Nagongera",,,,,
Shalom Drug Shop,10023482320,doctors,,,Arua,3.02771815,30.90716259,,,,,,
Devine Medical Clinic,9992537232,doctor,,,Lira,2.23656556,32.89353417,,,,,,
Rwenshama Central Drug Shop,6735301021,doctors,,operational,Rukungiri,-0.41071673,29.77568495,,,,,1,
Seirah 2 Clinic,4105119584,doctors,,,Kampala,0.26008756,32.60134932,"Salaama Road, Kampala",,,,,
Okalibe,5332973055,doctors,,operational,Arua,2.99532662,30.90423169,,,,,,
ADOK HEALTH CENTRE II,11073166871,hospital,,,Dokolo,1.98805588,32.91862808,,,,,,
KYANDO,11056452441,clinic,,,Mayuge,0.43519290,33.43085959,,,,,,
ITARA HEALTH II,11007285474,hospital,,,Mbarara,-0.41816615,30.64435304,,,,,,
St Jude Human Drug Shop,10583475466,clinic,private,,Hoima,1.42453215,31.34736363,Hoima,,,,,
DDUNGI HEALTH CENTRE II,5920671,clinic,,,Buikwe,0.24789818,33.05153774,,,,,,
Frieca Pharmacy,8532088217,pharmacy,,,Kampala,0.35622464,32.61299857,,,,,,
KYATOKO CHURCH OF UGANDA HEALTHCENTRE II,11001478306,clinic,,,Rukungiri,-0.77875881,29.94169450,,,,,,
TASO CENTRE,11056452359,clinic,,,Jinja,0.58390588,33.13137352,,,,,,
Muko Parish Health Centre,3959532502,clinic,,,Rubanda,-1.20761637,29.80722044,,,,,,
Lukomera Health Centre,4079913248,clinic,,,Luwero,0.76856206,32.51220200,,,,,,
The Dental Studio,3526673589,dentist,,,Kampala,0.33959008,32.58745883,,,,,,
Gwaffu Clinic and Surgical Centre,8244489417,clinic,,,Mukono,0.36959336,32.71364746,,,,,,
Ndaapi Health Centre 2,5299222417,clinic,Ministry of Health;Local Council 1;district Health Department,operational,Arua,3.22006665,31.15249997,,,,,,
HEALTH CENTRE II,11073166762,hospital,,,Kaberamaido,1.63312109,33.11870754,,,,,,
Mponye Drug Shop,3946117121,pharmacy,,,Mbale,0.91674899,34.16097884,"Mbale- Tororo Road, mbale",,,,,
KIGALAMA,11056452267,clinic,,,Namutumba,0.79410499,33.71547650,,,,,,
KIDOTEK,11056451954,clinic,,,Serere,1.47672047,33.41935736,,,,,,
JUPALA KIKOBE HEALTH CENTRE II,11066741285,hospital,,,Nebbi,2.63760845,31.29252679,,,,,,
Last Sante Clinic,4114323945,doctor,,,Kampala,0.31968985,32.57417636,"Kampala Road, Kampala",,,,,
Gayatri Pharmacy,4040404289,pharmacy,,,Jinja,0.43037892,33.21327100,"Lady Alice Muloki Road, Jinja",,,,,
Kirombe Medical Clinic,4102726418,clinic,,,Kampala,0.28460262,32.59592053,Kampala,,,,,
CLINIC,11001734227,clinic,,,Bundibugyo,0.75125988,30.12708208,,,,,,
OKWALONGWEN HEALTH CENTRE II,11073166736,hospital,,,Dokolo,2.02728243,33.26797918,,,,,,
Quality Medical Clinic,6210374901,clinic,Private,yes,Kyegegwa,0.38741328,31.09484824,,,,,2,
BARODA DENTAL HOSPITAL,8789292618,dentist,,,Wakiso,0.37652628,32.64442928,Namugongo Road,,,,,
Bambi Medical Consultants,4090056193,doctors,,,Kampala,0.34070915,32.57212288,Kampala,,,,,
FUALWONGA H/C II,6041248,hospital,,,Pakwach,2.55328826,31.32527103,,,,,,
Faith Nutritional Health Consultancy Centre,3953380279,doctors,,,Mbale,0.91614717,34.16071356,"Mbale/Tororo Road, mbale",,,,,
LUKERERE HC II,6242413,clinic,,,Rakai,-0.86914070,31.28697537,,,,,,
Yigati Medical Centre,10023486988,doctors,,,Arua,3.02247778,30.89456115,,,,,,
KINYAMUGARA HC II,11007309009,hospital,,,Kitagwenda,-0.16119318,30.39376675,,,,,,
Bujuuko HCIII Global,7651410077,clinic,,,Butambala,0.11327333,31.99880464,,,,,,
Maisha Medical Clinic and Laboratory,10198909190,clinic,private,,Lira,2.27077496,32.90211665,Lira,,,,2,
RWAKISHAKIZI HEALTH CENTRE II,11007309006,hospital,,,Mbarara,-0.65614028,30.54382796,,,,,,
CHEGERE HEALTH CENTRE II,7323786,hospital,,,Apac,2.09473018,32.51342366,,,,,,
Prime Health Medical and Diagnostic Centre,8539726817,clinic,,,Wakiso,0.38878389,32.65536440,,,,,,
SEETA HEALTH UNIT,11029993002,clinic,,,Kiboga,0.81021987,31.68767033,,,,,,
UMIA,11054959840,hospital,,,Adjumani,3.43211522,31.66530338,,,,,,
Alpha Medical Centre,9903650388,pharmacy,,,Lira,2.25969593,32.89017395,,,,,,
GIA Drug Shop,5789318204,doctors,,operational,Adjumani,3.28696664,31.88647323,,,,,2,
DAMBA H/UNIT II,11010338506,hospital,,,Mukono,-0.00008948,32.79950355,,,,,,
Mindray,10198909189,clinic,private,,Lira,2.25616413,32.90291938,Lira,,,,4,
KASESE TC,11001734217,clinic,,,Kasese,0.17587307,30.07853393,,,,,,
CLINIC,11056452023,clinic,,,Bugweri,0.62221344,33.61783655,,,,,,
NYABUSHENYI HEALTH CENTRE II,11001478457,clinic,,,Ntungamo,-0.89416982,30.18953354,,,,,,
HEALTH CENTRE 11,11010338462,clinic,,,Buikwe,0.39433858,33.00995578,,,,,,
Dental Clinic,3995843966,doctors,,,Namutumba,0.89482998,33.71969545,Magada,,,,,
"LUSWOIELA BUIDING, STEX CLINIC",7350622185,clinic;doctor;laboratory,Dr. KASUJJA ENOCK,operational,Kampala,0.35148518,32.56263423,,,,True,,
Care Drug Shop.,5789319902,doctors,,non operational,Obongi,3.48428544,31.62565732,,,,,1,
BUSABI HEALTH CENTRE II,11056452158,clinic,,,Butaleja,0.76887093,33.87557948,,,,,,
HEALTH CENTRE II,11010338028,clinic,,,Mityana,0.30627889,32.21662508,,,,,,
DENTAL CLINIC KAMWOKYA,11010338236,clinic,,,Kampala,0.33844168,32.58440396,,,,,,
KAKIRI,11010338006,clinic,,,Wakiso,0.41962896,32.39023147,,,,,,
NYANGORONGO HEALTH CENTRE II,9191100,clinic,,,Kasese,0.36712313,30.11824043,,,,,,
ERIA HEALTH CENTRE III,5695961,hospital,,,Moyo,3.63110135,31.65678175,,,,,,
HEALTH CENTRE 11,11001694806,clinic,,,Kyotera,-0.85624137,31.45161355,,,,,,
Doctors Clinic,8435294919,clinic,,,Wakiso,0.13839557,32.54442178,,,,,,
Lase Medical,8481522422,clinic,,,Kampala,0.34160409,32.57071640,Bombo Road,,,,,
ABER Hospital,11073166759,hospital,,,Oyam,2.23425266,32.38737475,,,,,,
KYEMBOGO,11029992940,clinic,,,Kyenjojo,0.82126118,30.57261225,,,,,,
Andelizu Health Centre,5299223127,clinic,Ministry Of Health;Integrated Community Case Management (iccm),operational,Arua,3.15826822,31.11048166,,,,,,
GWAFU NURSING HOME AND SURGICAL CENTRE,11010338143,hospital,,,Mukono,0.37303656,32.71871616,,,,,,
BIGASA,11001694604,hospital,,,Bukomansimbi,-0.08725423,31.62722809,,,,,,
LURUJO H/C II,11054959893,hospital,,,Koboko,3.35837266,31.01310674,,,,,,
BAGA COMMUNITY MEDICAL CENTRE,11007308974,hospital,,,Kiruhura,-0.20536840,30.87168124,,,,,,
Akimu Drug Shop,5559515011,pharmacy,Private,operational,Yumbe,3.49390217,31.15490265,,,,,0,
DRICILE H/CIII,11054940397,hospital,,,Koboko,3.47039864,30.97935978,,,,,,
ST LUKE GANDA H/CENTRE,11001694526,clinic,,,Kyotera,-0.61724012,31.56389962,,,,,,
Dawa Save Pharmacy,8539724320,pharmacy,,,Wakiso,0.38969953,32.65625188,,,,,,
ST FRANCIS HOSPITAL,11010338221,hospital,,,Mukono,0.52446964,32.78184355,,,,,,
LYANTONDE,11001694574,hospital,,,Lyantonde,-0.39357985,31.15286593,,,,,,
KOS Clinic,8548833717,clinic,,,Wakiso,0.13635198,32.54686762,,,,,,
KOBOKO HC II,11054959837,hospital,,,Koboko,3.41109986,30.95816245,,,,,,
White Cross Medical Centre,3954783353,clinic,,,Bududa,1.02520353,34.37115666,Bukigai,,,,,
Mudhel Health Center,8632128769,clinic,government,,Zombo,2.51107163,30.96407823,,,,,1,
DUBAJU CLOSED,11054940403,hospital,,,Adjumani,3.42411142,31.68526824,,,,,,
BUBBEZA HEALTH CENTRE II,11056452403,clinic,,,Sironko,1.17516072,34.24312208,,,,,,
Ocea Health Center 2,1257382,clinic,DRC;NRC,operational,Madi Okollo,3.07375994,31.28234999,,,,,,
KITENGA,11029993051,clinic,,,Mubende,0.49538133,31.50921424,,,,,,
MSF Mobile Clinic,5215671197,doctors,MSF,operational,Arua,3.22132829,31.32822322,,,,,,
Trinity Drug Store,4097505351,pharmacy,,,Kampala,0.32873854,32.56374525,Kampala,,,,,
Lwokit Drug Store.,5789319893,doctors,,non operational,Obongi,3.48609686,31.59775949,,,,,0,
Lungujja Community Clinic,11810153069,clinic,,,Kampala,0.30963165,32.54129667,,,,,,
Anaku Medical Clinic Centre,5587924039,doctors,,operational,Yumbe,3.46490346,31.24706519,,,,,6,
KISASI MED CENTER,11010338083,hospital,,,Kampala,0.37599914,32.59603712,,,,,,
MUKATHI,11001734060,clinic,,,Kasese,0.36108296,30.10520104,,,,,,
KALAPATA HEALTH CENTRE III,11080473512,hospital,,,Kaabong,3.66130956,34.19068800,,,,,,
NAM OKORA HC III,11080473426,hospital,,,Kitgum,3.34011713,33.33491538,,,,,,
OMARARI HEALTH CENTRE II,3389081,hospital,,,Alebtong,2.28637083,33.32738357,,,,,,
JB CLINIC,11010338009,clinic,,,Kampala,0.35241683,32.58639978,,,,,,
MUTARA,11001446289,hospital,,,Mitooma,-0.68683850,30.09761298,,,,,,
MUSICHHIMI H/C III,11056451807,clinic,,,Busia,0.24707793,33.93078010,,,,,,
KAS Imaging Systems,8963738664,doctors,private,,Kampala,0.34152957,32.57513483,,,,,3,
RWIMI,11001734194,hospital,,,Bunyangabu,0.38300516,30.21572138,,,,,,
Kiwenda Dental Technonologist,8963738643,dentist,private,,Kampala,0.34277202,32.57653813,,,,,3,
KITONGO H/C 11,11010338126,clinic,,,Mityana,0.28733269,32.06231214,,,,,,
BUGOBI SUB DISPENSARY HC II,11056452271,clinic,,,Namutumba,0.71347150,33.77628528,,,,,,
LWAMATA H/C III,4048725,hospital,,,Kiboga,0.83482343,31.89589725,,,,,,
Central Pharmacy,3920519539,pharmacy,,,Kisoro,-1.28241346,29.69112404,,,,,,
Kirinya Health Centre II,3996035378,doctors,,,Bugiri,0.35154502,33.76987027,Budhaya,,,,,
HEALTH CENTRE II,11056451967,clinic,,,Jinja,0.47778898,33.17334087,,,,,,
Friends Drugshop,8402263217,pharmacy,,,Kampala,0.28125279,32.56803804,,,,,,
Ngetta Hc iii,9909273838,hospital,,,Lira,2.31173196,32.92639542,,,,,,
Jorum Pharmacy,8456545029,pharmacy,,,Wakiso,0.46086482,32.52828192,Gulu - Kampala Road,,,,,
Family Clinic Maternity and Laboratory,8963716765,clinic,private,,Kampala,0.35672169,32.58584992,,,,,4,
Ashock medical,8560816921,hospital,,,Wakiso,0.46016058,32.63039362,,,,,,
Kiwantule Medical Centre,8462806818,clinic,,,Kampala,0.37110403,32.62252318,,,,,,
Abba Medical & Dental Clinic,610939043,doctors,,,Kampala,0.30408627,32.64460313,,,,,,
TASO,11056451941,hospital,,,Jinja,0.43201792,33.20410229,,,,,,
Namatala Health Center IV,9129347615,hospital,,,Mbale,1.08544812,34.16479060,,,,,,
Family Hope Drug Shop,5581884792,pharmacy,private,operational,Yumbe,3.46360829,31.24801327,,,,,2,
Family Care Clinic,609005394,doctors,,,Kampala,0.31449492,32.63611578,,,,,,
Health Centre IV Kakooge,4079860814,clinic,,,Nakasongola,1.06589515,32.46737566,,,,,,
Marie Stopes Uganda,4040029223,clinic,,,Jinja,0.42440396,33.20907326,"13B Lubas Road, Lubas Road, Jinja Central Division",,,,,
NYAKWANZI HC III,11029993019,hospital,,,Kyenjojo,0.81558034,30.73424854,,,,,,
NAMUNGO HEALTH CENTRE II,11010338072,clinic,,,Mityana,0.42119336,32.18703277,,,,,,
Life Care Clinic,5555278372,clinic,,,Kampala,0.29573789,32.54162558,"Nalukolongo Road, Kampala",,,,,
ODOKONYERO HC II,419159506899,hospital,,,Amuru,2.96185458,32.10690529,,,,,,
Health Care Ltd.,3957814952,pharmacy,,,Kampala,0.31751894,32.57555359,,,,,,
Kampala Medical Clinic,4121584549,clinic,,,Kampala,0.31297687,32.57786993,"Luwum Street, Kampala",,,,,
Spring Pharmacy,4121413940,pharmacy,,,Kampala,0.31437296,32.57740926,kampala,,,,,
Family Medical Clinic,4102724086,doctors,,,Kampala,0.27047433,32.59277556,"Luwafu Road, Kampala",,,,,
Malaba Town Council Health Center,3990323932,doctors,,,Tororo,0.64237678,34.26065543,Malaba Town Council,,,,,
S7NSET Consaltant Clinic,8963738652,clinic,private,,Kampala,0.34142145,32.57540565,,,,,9,
Dada's Drug Shop,5596495809,pharmacy,Private,operational,Obongi,3.55277498,31.54630165,,,,,1,
HEALTH CENTRE III,11066741259,hospital,,,Pakwach,2.55604717,31.41787656,,,,,,
FR. BILBAWO HEALTH CENTRE 11,11054959887,hospital,,,Moyo,3.67191066,31.78939729,,,,,,
KYEHORO MARTENITY CENTRE,11029992882,clinic,,,Kikuube,1.50607742,30.93970516,,,,,,
Victory Medical Center,9909257630,doctor,,,Lira,2.25179322,32.87846979,,,,,,
GLORIA HEALTH CENTRE,11029992970,clinic,,,Hoima,1.61762722,31.30462238,,,,,,
Kats Pharmacy,8442050618,pharmacy,,,Kampala,0.37594843,32.62508997,,,,,,
Rapha Medical HC III,7651409943,clinic,private_non_profit,,Butambala,0.10614595,31.95129099,,,,,,
Rigbo Drug Shop,5789318196,doctors,Private,operational,Adjumani,3.18121167,31.65587668,,,,,0,
ITUBARA HEALTH II CENTRE,11073118404,hospital,,,Oyam,2.56694993,32.53643358,,,,,,
Royal Medical Clinic,10583475414,clinic,private,,Hoima,1.42608967,31.34698527,Hoima,,,,,
Amakuva,5332973058,doctors,O,operational,Arua,3.05347507,30.85239339,,,,,,
AID POST F,11066739692,hospital,,,Arua,2.89206635,30.90749594,,,,,,
Mirembe Drug Shop Ggaba,5917180333,pharmacy,,,Kampala,0.25662098,32.63578704,"Ggaba Bypass, Kampala",,,,,
OGAKO HEALTH CENTRE II,3973131,hospital,,,Lamwo,3.46330797,32.89407622,,,,,,
HEALTH CENTRE II,11001734110,clinic,,,Bundibugyo,0.71133453,29.98036416,,,,,,
ABER HEALTH CENTRE III,11073166842,hospital,,,Oyam,2.12526277,32.34181953,,,,,,
BUYUGE HEALTH UNIT(C/O BUSOGA DIOCESE),11056452123,clinic,,,Kaliro,1.10655736,33.49373652,,,,,,
ODEK,11073166781,hospital,,,Omoro,2.68148545,32.72137507,,,,,,
Case Clinic Namayemba,3998033328,clinic,,,Bugiri,0.51344299,33.79806515,Kapyanga,,,,,
LOKOLIA HEALTH CENTRE II,11080473416,hospital,,,Kaabong,3.59083016,34.14151397,,,,,,
HEALTH CENTRE II,11054940349,hospital,,,Obongi,3.40713665,31.50761523,,,,,,
KASAMBIKA H/C II,11056438785,clinic,,,Iganga,0.85433835,33.47823210,,,,,,
Battynity Drug Shop,5789318188,doctors,,operational,Adjumani,3.18028496,31.65557493,,,,,0,
All Saint's Medical Centre,4102724054,clinic,,,Kampala,0.27487165,32.58682248,"Luwafu Road, Kampala",,,,,
Standard Healthcare Unyama,10102878034,doctors,,,Gulu,2.81664682,32.33710823,,,,,,
Ombachi Health Centre II,3798682,clinic,Government of Uganda,,Yumbe,3.52668496,31.31890162,,,,,,
HEALTH CENTRE,11001734034,clinic,,,Kabarole,0.64188946,30.32465477,,,,,,
BUNJAKO,11001694800,clinic,,,Mpigi,-0.02158235,32.10264645,,,,,,
Ggoli - St Yakobo HC III,1876511,hospital,private_non_profit,,Mpigi,0.13733476,32.22672494,,,,,,
MADUGA H/C II,6462960,hospital,,,Obongi,3.27783632,31.55156138,,,,,,
Delly pharmacy,11047061505,pharmacy,,,Wakiso,0.39828813,32.48034339,,,,,,
ANGOROM HEALTH CENTRE II,11056451874,clinic,,,Busia,0.56572042,34.07820227,,,,,,
Giragira Counselling Centre,5456940770,doctors,Private,,Amuru,2.88052288,32.04217974,,,,,,
AMWOMA HC II,11073166750,hospital,,,Dokolo,1.98722029,33.13116674,,,,,,
BUROMBE HC III,4932951,hospital,,,Rukungiri,-0.68109413,29.94460210,,,,,,
Anzoa Medical Bureau Pagirinya II,5789318251,doctors,Private,operational,Adjumani,3.38100330,32.01709823,,,,,1,
Riyath Medical Centre,4107809622,clinic,,,Kampala,0.36840774,32.60303274,"Kisaasi Road, kampala",,,,,
ISHAKA,11007309059,hospital,,,Bushenyi,-0.54398631,30.13819732,,,,,,
MULTICARE CLINIC,11007308999,hospital,,,Kamwenge,0.18577252,30.45337448,,,,,,
Ineza Human Drug Shop,8274342557,pharmacy,private,,Kisoro,-1.33410784,29.77214209,,,,,0,
Mpenja HC III,7748299,clinic,Ministry of Health,,Gomba,0.22383357,32.05211782,,,,,,
HEALTH CENTRE II,11001478327,clinic,,,Kanungu,-0.88117485,29.64077688,,,,,,
Nyamagana Medical Drug Shop,8336695392,pharmacy,private,,Kisoro,-1.21222038,29.62079199,,,,,1,
HEALTH CENTRE 11,11056452328,clinic,,,Busia,0.49985216,33.94479799,,,,,,
HEALTH CENTRE II,11056452053,clinic,,,Sironko,1.21915599,34.20477747,,,,,,
HEALTH CENTRE II,11001694646,clinic,,,Ssembabule,0.10467208,31.38641869,,,,,,
DISPENSARY,11029993018,clinic,,,Ntoroko,1.04909958,30.53497256,,,,,,
NANDEREMA,11056452107,clinic,,,Bugiri,0.53722178,33.75069307,,,,,,
MUNATHAMAT,11001694639,clinic,,,Lwengo,-0.38702487,31.32465144,,,,,,
BUKEDEA,11056452292,hospital,,,Bukedea,1.37220585,34.04460995,,,,,,
God's Glory,8632128788,doctors,private,,Zombo,2.49783493,30.77542992,,,,,1,
BUKOMERO HEALTH CENTRE IV,5491584,hospital,,,Kiboga,0.69085746,32.03970942,,,,,,
Syposed oturugang dental clinic,9147491789,clinic,,,Zombo,2.41229828,30.98083826,landmark,,,,,
His Grace Drug Shop,10102721893,doctors,,,Gulu,2.75552724,32.29759502,,,,,,
Vine,5585294257,pharmacy,,,Wakiso,0.27422398,32.56558407,"Entebbe Road, Najjanankumbi",,,,,
LUGASA,11056452201,clinic,,,Kayunga,0.87844085,32.86211594,,,,,,
ALSHAFA MEDICAL CENTRE,11056452160,clinic,,,Jinja,0.42664369,33.21038394,,,,,,
OUR LADY OF LAUDEL HEALTH CENTRE II,11073118389,hospital,Luweero Roman Catholic Archidioscese,,Nakasongola,1.30680379,32.46245440,"Parish Road, Nakasongola",,,,,
Burua Health Center II,5308494966,clinic,Ministry Of Health,non-operational,Arua,3.18416327,31.00439996,,,,True,,
KICWAMBA H/C III,9423044,hospital,,,Kabarole,0.71300320,30.20168244,,,,,,
St. Johns Medical Centre,4105542229,clinic,,,Kampala,0.38076534,32.59866233,kampala,,,,,
BUSALA,11056451855,hospital,,,Mayuge,0.36670973,33.53554135,,,,,,
Noelle Pharmacy,4107802668,doctors,,,Kampala,0.25712934,32.63620605,"Ggaba Road, Kampala",,,,,
St.Anthony Human Drug Shop,8274304197,pharmacy,private,,Kisoro,-1.25925443,29.62141888,,,,,2,
Family Care Devine Dental Clinic,8963738644,dentist,private,,Kampala,0.34289188,32.57654668,,,,,1,
Bakole James Drugshop,5559515009,pharmacy,Private,operational,Yumbe,3.49345994,31.15488664,,,,,2,
Jubilee Dental Kololo,2249930512,dentist,,,Kampala,0.32216595,32.59626469,,,,,,
Nyange Human Drug Shop,8274304214,pharmacy,private,,Kisoro,-1.27896833,29.74034668,,,,,2,
Adrama Enterprise,5566723136,pharmacy,,,Yumbe,3.31868527,31.06617844,,,,,,
KIGARALARE,11029992967,clinic,,,Kyenjojo,0.48369562,30.60342044,,,,,,
Naggulu Health Care Clinic,4102531679,clinic,,,Kampala,0.33660076,32.60347874,kampala,,,,,
ACHOLI BUR HC III,3445038,hospital,,,Pader,3.14058349,32.91522502,,,,,,
NYABUSHENYI HC II,7882491,clinic,,,Rukungiri,-0.92830085,29.97607773,,,,,,
ULEPI,11066741299,hospital,,,Madi Okollo,2.78640005,31.03085467,,,,,,
ST JOHN FAMILY CARE,11010338303,clinic,,,Kampala,0.37656718,32.55707963,,,,,,
Good Samaritan Clinic,4102726397,doctors,,,Kampala,0.26762172,32.59654808,"Boston Lane, Kampala",,,,,
Northern Cross General Clinic,9909273837,doctor,,,Lira,2.25222748,32.89965706,,,,,,
KIZIBA,11001694754,clinic,,,Rakai,-0.83746943,31.26610116,,,,,,
ATIAK HC IV,7882815,hospital,,,Amuru,3.25931734,32.12345318,,,,,,
ALIED CLINIC,11010338220,clinic,,,Kampala,0.34699122,32.57780514,,,,,,
ITIA HEALTH CENTRE II,11054940383,hospital,,,Arua,3.17318256,30.97631287,,,,,,
Devine Drug Shop,10147626108,pharmacy,private,operational,Bundibugyo,0.79949455,30.14498624,,,,,,
TTANDA,11010338520,clinic,,,Mityana,0.38355493,32.13441445,,,,,,
NGOMA HEALTH CENTRE II,11001478339,clinic,,,Ntungamo,-0.92505311,30.33722737,,,,,,
HK Medical Center,2317185025,pharmacy,,,Kampala,0.25819510,32.62773798,,,,,,
NAMWEDWA HEALTH CENTRE II,11056452009,clinic,,,Jinja,0.63087044,33.13210266,,,,,,
Citizens Medical Care Centre,4102724073,doctors,,,Kampala,0.26831532,32.59361584,"Luwafu Road, Kampala",,,,,
BUGIBUGI HEALTH CENTRE I,11056452100,clinic,,,Sironko,1.18156994,34.36561765,,,,,,
Twins Drug Shop,3955077856,pharmacy,,,Mbale,1.08381600,34.17205092,"Kangulu Road, Mbale",,,,,
Life Care Drug Shop,8512554220,pharmacy,,,Wakiso,0.39379862,32.66297156,,,,,,
BUKONTE HCII,11056452007,clinic,,,Namutumba,0.79998598,33.65761916,,,,,,
AYAGO HEALTH CENTRE 3,11073166807,hospital,,,Lira,2.26291089,32.92415569,,,,,,
Allied Consultancy,8963738639,clinic,private,,Kampala,0.34579403,32.57635147,,,,,6,
IMC Executive Clinic,3259520888,clinic,International Medical Group,,Kampala,0.32362222,32.58637815,,,,,,
MUBUKU PRISONS,11001730379,clinic,,,Kasese,0.25389485,30.13188315,,,,,,
Kamelas Medical Centre,3673745032,clinic,,,Luwero,0.82970645,32.50107116,,,,,,
Rwenshama Health Centre III,6735301020,clinic,USAID,operational,Rukungiri,-0.41217007,29.77775495,,,,,4,
KIDA HEALTH CENTRE II,11001734147,clinic,,,Kabarole,0.51575363,30.29034697,,,,,,
KATHOLHU HEALTH CENTRE,11001730396,clinic,,,Kasese,-0.01309635,29.77274886,,,,,,
Sham Medical Centre and lab services,3996527080,clinic,,,Wakiso,0.20933698,32.53478016,,,,,,
St. Mary Mother of Jesus Health Center IV Kalule,12965038127,hospital,Catholic Church,,Luwero,0.63715469,32.52933863,,,,,,
Rhona Medical Center,4102399379,doctors,,,Kampala,0.28585605,32.60730810,"Ggaba Road, kampala",,,,,
Prian Pharmaceutical Limited,616274944,pharmacy,,,Kampala,0.29835799,32.60083802,,,,,,
St. Mary's Medical and Dental Clinic,5916788361,clinic,,,Kampala,0.25624136,32.63653227,"Ggaba Market Street, Kampala",,,,,
CLINIC,11007285463,hospital,,,Kazo,-0.04717004,30.63991533,,,,,,
Balamu treatment centre,4100092103,clinic,,,Kampala,0.28705273,32.57378426,"Salama Road, Kampala",,,,,
NYAKISHENYI H/C II,11001478305,clinic,,,Rukungiri,-0.94970471,29.90218656,,,,,,
LOTIM HEALTH CENTRE II,3364615,hospital,,,Kaabong,3.65868779,34.11761037,,,,,,
EASTER CLINIC,11010338132,clinic,,,Kampala,0.29331686,32.57689897,,,,,,
KASAANA HEALTH CENTRE III,11001654287,hospital,,,Lwengo,-0.31667463,31.63427073,,,,,,
Divine Drug Shop,3958426989,clinic,,,Kapchorwa,1.39645579,34.45115086,"Administration Road, Kapchorwa Town Council",,,,,
Busiu General Clinic,3946117107,clinic,,,Mbale,0.91559598,34.16326467,"Mbale/ Tororo Road, mbale",,,,,
BWEYOGERERE,11010338091,clinic,,,Wakiso,0.35599028,32.67862644,,,,,,
Seeta- medical center,8463966618,clinic,,,Mukono,0.36850480,32.71249227,,,,,,
Sewa Medical Clinic,10583475477,clinic,private,,Hoima,1.43777019,31.34497018,Hoima,,,,,
KAYA HC II,11080473485,hospital,,,Abim,2.69172093,33.77195988,,,,,,
AKALI HEALTH CENTRE II,11073118386,hospital,,,Kwania,2.08891515,32.81980217,,,,,,
RUHANGIRE,11029992911,clinic,,,Kyegegwa,0.32146405,30.91978884,,,,,,
UMSC,11010338393,clinic,,,Mityana,0.40203535,32.04406876,,,,,,
MAC CLINIC,11010338105,clinic,,,Kampala,0.33310576,32.57334764,,,,,,
BUGINYANYA HEALTH CENTRE III,1232533,hospital,,,Bulambuli,1.27614128,34.36637579,,,,,,
Buwungu Dental clinic,8684522621,dentist,,,Kampala,0.37129195,32.57678138,Gayaza Road,,,,,
KASENYI,11007308959,hospital,,,Kasese,-0.02525807,30.14391587,,,,,,
Viks medical center,9754082265,clinic,Medical officer,,Wakiso,0.44199557,32.51588157,,,,,,
ST PETER'S CLINIC,2185350,clinic,,,Kiboga,0.91481562,31.76343762,,,,,,
St. Terensio Health Care,5789318223,doctors,Private (Oja Christopher),operational,Adjumani,3.45799326,31.75152324,,,,,2,
NADUNGET HEALTH CENTRE II,11151230038,hospital,,,Moroto,2.51997095,34.56036899,,,,,,
BWONDHA,11056452286,clinic,,,Mayuge,0.17358373,33.56600562,,,,,,
Lobe Unity Drug Shop,5581884791,pharmacy,private,operational,Yumbe,3.46412026,31.24792593,,,,,1,
Bugonzi Medical Clinic,4043791880,doctors,,,Jinja,0.46824542,33.22891163,"Wanyama Road, Bugembe Town Council",,,,,
Extra Care,5554902404,pharmacy,,,Kampala,0.29494404,32.54113406,"Nalukolongo Road, Kampala",,,,,
Pulse Medical Clinic,2027992,clinic,private,,Kampala,0.34523194,32.57708614,,,,,1,
KWERA COU CLOSED,11073118326,hospital,,,Dokolo,1.82988467,32.99830779,,,,,,
Albany Health Care Services Limited,8274342535,doctors,private,,Kisoro,-1.31593403,29.78337996,,,,,2,
Namawanga Health Center II,3948020427,doctors,,,Mbale,0.87488398,34.19565352,"Busiu-Manafa Road, Mbale",,,,,
Eugene's Clinic,2317185024,pharmacy,,,Kampala,0.25896623,32.62675453,,,,,,
Faith Human Drug Shop,8274342518,pharmacy,private,,Kisoro,-1.34346196,29.68455623,,,,,1,
Shaule Gods Marcy Drags shop,7324738886,clinic,,,Busia,0.54156746,34.02609047,,,,,,
NYAKARONGO H/CII,11029993017,clinic,,,Kyenjojo,0.60028647,30.52534603,,,,,,
BUGABO CLINIC,6856411,clinic,,,Kiboga,0.77976145,32.03714724,,,,,,
MBIKO HEALTH CENTRE II,11073166747,hospital,,,Amolatar,1.50360954,32.63823045,,,,,,
HEALTH CENTRE II,11001694529,clinic,,,Gomba,0.17761844,31.85602546,,,,,,
Health Centre III,5215672023,clinic,MTI,,Obongi,3.40929666,31.54065166,,,,,,
KATIKARA HEALTH CENTRE II,11029992881,clinic,,,Kakumiro,1.16703296,31.26116598,,,,,,
KALYOWA H/C III,11056452324,hospital,,,Luuka,0.77323078,33.26896347,,,,,,
CLINIC,11001478470,clinic,,,Ntungamo,-0.76377465,30.16134009,,,,,,
mulago (BMHC),10029045527,hospital,,,Buikwe,0.25876993,33.11288849,,,,,,
Haris Drug Shop,10583475433,clinic,private,,Hoima,1.42905879,31.33551137,Hoima,,,,,
I CO Male University College Clinic,3946189567,clinic,,,Mbale,1.07565278,34.17565572,Mbale,,,,,
Life Check Pharmacy,10023811296,pharmacy,,,Arua,3.00590374,30.91112916,,,,,,
Rwot Twero Drug Shop,10102878055,doctors,,,Gulu,2.76208357,32.32206154,,,,,,
KYARUSOZI HOLY CROSS FAMILY CENTRE (HEALTH CENTRE,11029992957,clinic,,,Kyenjojo,0.81233169,30.57452140,,,,,,
MALERE HEALTH CENTRE II,4887123,clinic,,,Kamwenge,0.40689484,30.81544889,,,,,,
KISOJO HEALTH CENTRE III,7894376,clinic,,,Kyenjojo,0.53296227,30.72650425,,,,,,
IHADO,11029992839,clinic,,,Kakumiro,1.11177509,31.37525542,,,,,,
Bugobe NGO Health Facility,3998182237,doctors,,,Namutumba,0.71723355,33.77785177,Bulange,,,,,
MAKULA HEALTH CARE,8789292619,hospital,,,Kampala,0.38115049,32.55968883,,,,,,
Tropical Dental Clinic,3957815401,dentist,,,Kampala,0.31748072,32.57579516,Kampala,,,,,
God's Grace Drug Shop,4142382750,pharmacy,,,Luwero,0.83791258,32.49162526,,,,,,
